external_id	language	cefr_level	category	subskill	name_en	name_de	name_fr	teaching_order	is_foundation	core_rule	when_to_use	pattern	contrast_rules	main_traps	anchor_examples	exercise_tags	xray_sentence	xray_marks	source_refs	sub_band	prerequisites	contrast_partners	detector	rule_short_en	rule_short_de	rule_short_fr	review_status
FR2_A11_ETRE	fr	A1	Verbs	subject_pronouns_etre	I am, you are: subject pronouns and être	Ich bin, du bist: Subjektpronomen und être	Je suis, tu es : les pronoms et être	10	true	Être (to be) is irregular in the present: je suis, tu es, il/elle/on est, nous sommes, vous êtes, ils/elles sont. Each subject pronoun has its own form. Vous is the plural 'you' and also the polite form for one person; ils covers a mixed group of men and women.	Use it to say who you are (je suis Lila), where you are (nous sommes à Lyon), your job or nationality (je suis infirmière, il est allemand) and what something is like (la soupe est chaude).	je suis / tu es / il est / nous sommes / vous êtes / ils sont	Tu is for one friend, child or family member; vous is for several people, or for one person you address politely (a shop assistant, a neighbour, a waiter). | On (we, people) takes the il form: on est en retard. | Age, hunger and cold take avoir, not être: j'ai vingt ans (see the avoir unit).	✗ Je es français. → ✓ Je suis français. | ✗ Ils est à Paris. → ✓ Ils sont à Paris. | ✗ Tu es Madame Martin ? → ✓ Vous êtes Madame Martin ? | ✗ Paul et Julie, elles sont là. → ✓ Paul et Julie, ils sont là.	Je suis étudiante. | Vous êtes Madame Martin ? | Nous sommes à Lyon. | Ils sont très gentils.	etre | present | subject_pronouns | tu_vous	Je suis Margaux et vous êtes le nouveau voisin ?	Je suis=>subject_verb=>je takes suis||vous êtes=>polite_form=>vous for someone you don't know	cefr | delf_a1 | kwiziq_a1	A1.1		FR2_A11_AVOIR	regex:\b(?:je (?:ne )?suis|tu (?:n')?es|(?:il|elle|on) (?:n')?est|c' ?est|ce n'est|ce sont|nous (?:ne )?sommes|vous (?:n')?êtes|(?:ils|elles) (?:ne )?sont)\b	Être means to be: je suis, tu es, il/elle/on est, nous sommes, vous êtes, ils/elles sont.	Être heißt sein: je suis, tu es, il/elle/on est, nous sommes, vous êtes, ils/elles sont.	Être, c'est la base : je suis, tu es, il/elle/on est, nous sommes, vous êtes, ils/elles sont.	reviewed
FR2_A11_AVOIR	fr	A1	Verbs	avoir_present	Avoir: I have, I'm 20, I'm hungry	Avoir: ich habe, ich bin 20, ich habe Hunger	Avoir : j'ai, j'ai 20 ans, j'ai faim	20	true	Avoir (to have) is irregular in the present: j'ai, tu as, il/elle/on a, nous avons, vous avez, ils/elles ont. French also uses avoir where English and German use 'to be': for age (j'ai vingt ans) and for faim, soif, chaud, froid and peur.	Use it to say what you have (j'ai deux enfants), how old you are (j'ai trente ans), and that you are hungry, thirsty, hot, cold or afraid.	j'ai / tu as / il a / nous avons / vous avez / ils ont (+ noun); avoir + âge / faim / soif / chaud / froid / peur	English 'I am 20, I am hungry' and German 'ich bin 20, mir ist kalt' become j'ai 20 ans, j'ai froid in French. | Ils ont (they have) is said with a z sound /ilzɔ̃/; ils sont (they are) with an s sound /ilsɔ̃/. | Je becomes j' before ai: j'ai, never je ai.	✗ Je suis 20 ans. → ✓ J'ai 20 ans. | ✗ Je suis froid. → ✓ J'ai froid. | ✗ Je ai un frère. → ✓ J'ai un frère. | ✗ Ils sont deux enfants. → ✓ Ils ont deux enfants.	J'ai deux enfants. | Tu as faim ? | Elle a trente ans. | J'ai froid, tu fermes la fenêtre ?	avoir | present | age | irregular	J'ai vingt ans et j'ai soif.	J'ai vingt ans=>age_with_avoir=>age takes avoir, not être||j'ai soif=>state_with_avoir=>thirst also takes avoir	cefr | delf_a1 | kwiziq_a1	A1.1	FR2_A11_ETRE	FR2_A11_ETRE	regex:\b(?:j'ai|je n'ai|tu (?:n')?as|(?:il|elle|on) (?:n')?a|nous (?:n')?avons|vous (?:n')?avez|(?:ils|elles) (?:n')?ont)\b	Avoir means to have; French also uses it for age, hunger, thirst and cold: j'ai 20 ans, j'ai froid.	Avoir heißt haben; auch für Alter, Hunger, Durst und Kälte: j'ai 20 ans, j'ai froid.	Avoir sert à posséder, et aussi pour l'âge, la faim, le froid : j'ai 20 ans, j'ai froid.	reviewed
FR2_A11_IL_Y_A	fr	A1	Syntax	il_y_a	Il y a: there is, there are	Il y a: es gibt	Il y a : ce qui existe ici	30	true	Il y a means both 'there is' and 'there are' (German es gibt). It is a fixed form built on avoir: it stays singular whatever follows, it usually takes un, une, des or a number, and in the negative it becomes il n'y a pas de.	Use it to say what exists somewhere or what is available: in a room, a street, a fridge, on a menu. Ask with Il y a… ? or Est-ce qu'il y a… ?	il y a + un/une/des/du/number + noun (+ place); il n'y a pas de + noun	Il y a presents something new; c'est points at or comments on something already there: Il y a un café. C'est un bon café. | Negative: il n'y a pas de pain (de, not du). | Il y a + a time (il y a deux jours = two days ago) is another use, taught at A2.1.	✗ Il est un café près d'ici. → ✓ Il y a un café près d'ici. | ✗ Il y ont deux cafés. → ✓ Il y a deux cafés. | ✗ Il n'y a pas du pain. → ✓ Il n'y a pas de pain.	Il y a un café près de la gare. | Il y a des croissants ? | Il n'y a pas de métro ici.	il_y_a | presentative | existence	Dans la rue, il y a une boulangerie et deux cafés.	il y a=>presentative=>fixed form: there is / there are||une boulangerie=>new_item=>one thing: il y a||deux cafés=>new_items=>several things: still il y a, never plural	cefr | delf_a1 | kwiziq_a1	A1.1	FR2_A11_AVOIR	FR2_A11_AVOIR	regex:\bil (?:n')?y (?:a|avait|aura)\b|\by a-t-il\b	Il y a means there is or there are, and never changes: il y a deux cafés.	Il y a heißt es gibt oder da ist; es bleibt immer gleich: il y a deux cafés.	Il y a présente ce qui existe ; la forme ne change jamais : il y a deux cafés.	reviewed
FR2_A11_UN_UNE	fr	A1	Articles	indefinite_articles	Un, une, des: a, an, some (and gender)	Un, une, des: ein, eine, einige (und das Genus)	Un, une, des : les articles indéfinis	40	true	Un (masculine) and une (feminine) introduce one thing that is new or not specific: a, an. Des is the plural for both genders and means 'some', or nothing in English and German. Every noun has a gender, and you learn it with the noun: un café, une table.	Use it the first time you mention something, to say what kind of thing it is (c'est une bonne idée), and to order or ask for one item.	un + masculine noun / une + feminine noun / des + plural noun	Un/une introduce something new; le/la point to something known: J'ai un vélo. Le vélo est rouge. | English and German drop the word in the plural (I have questions, Ich habe Fragen); French keeps des: j'ai des questions. | Gender is not logical and does not match German: la table (der Tisch), le soleil (die Sonne).	✗ J'ai questions. → ✓ J'ai des questions. | ✗ C'est un bonne idée. → ✓ C'est une bonne idée. | ✗ une problème → ✓ un problème	Je voudrais un café. | C'est une bonne idée. | Nous avons des amis à Paris.	articles | indefinite | gender | plural	Il y a un croissant, une tarte et des macarons.	un croissant=>masculine=>un: masculine noun||une tarte=>feminine=>une: feminine noun||des macarons=>plural=>des: plural, 'some'	cefr | delf_a1 | kwiziq_a1	A1.1	FR2_A11_ETRE	FR2_A11_LE_LA	regex:\b(?:un|une|des)\s+(?!(?:peu|fois|jour|instant|moment|autres?|seule?|de|du|des|le|la|les)\b)[a-zàâçéèêëîïôûùüÿœæ]{2,}	Every noun is masculine or feminine: un café, une table; des is the plural (some).	Jedes Nomen ist männlich oder weiblich: un café, une table; des ist der Plural.	Chaque nom est masculin ou féminin : un café, une table ; au pluriel, des.	reviewed
FR2_A11_LE_LA	fr	A1	Articles	definite_articles	Le, la, l', les: the	Le, la, l', les: der, die, das	Le, la, l', les : les articles définis	50	true	Le (masculine), la (feminine) and les (plural, both genders) mean 'the': something known, already mentioned or unique. Le and la become l' before a vowel or a silent h (l'eau, l'hôtel). French also uses le, la, les for things in general, where English uses no article.	Use it for something already mentioned or obvious (la gare, le bus), for things in general (le café, les chats), and always after aimer, adorer, détester, préférer.	le + masc. noun / la + fem. noun / l' + vowel or silent h / les + plural	Un café is one coffee; le café is this coffee, or coffee in general. | After aimer, French uses le/la/les where English uses no article: j'aime la musique, j'adore les chiens. | Les sounds /le/ and links to a vowel with a z sound: les amis /lezami/.	✗ J'aime café. → ✓ J'aime le café. | ✗ le école → ✓ l'école | ✗ la problème → ✓ le problème	Le train part à huit heures. | J'adore la musique française. | L'addition, s'il vous plaît !	articles | definite | elision | general_category	J'aime le thé, mais je déteste l'eau gazeuse et les sodas.	le thé=>general_category=>after aimer: le/la for a thing in general||l'eau=>elision=>la becomes l' before a vowel||les sodas=>plural=>les for every plural, masculine or feminine	cefr | delf_a1 | kwiziq_a1	A1.1	FR2_A11_UN_UNE	FR2_A11_UN_UNE	regex:(?<!\bje )(?<!\btu )(?<!\bil )(?<!\bon )(?<!\bne )(?<!\belle )(?<!\bnous )(?<!\bvous )(?<!\bils )(?<!\belles )\b(?:le|la|les)\s+(?!(?:plus|moins|plupart|uns|unes|deux)\b)[a-zàâçéèêëîïôûùüÿœæ]{2,}|\bl'[aeiouhéèêàâîôû]	Le, la, l', les mean 'the'; they also name things in general: j'aime le café.	Le, la, l', les heißen der/die/das; auch allgemein: j'aime le café (Kaffee allgemein).	Le, la, l', les désignent une chose connue, ou une chose en général : j'aime le café.	reviewed
FR2_A11_NOUN_PLURALS	fr	A1	Agreement	noun_plurals	Plural nouns: -s, -x, -aux	Plural der Nomen: -s, -x, -aux	Le pluriel des noms : -s, -x, -aux	55	false	Most nouns add an -s in the plural (un café → des cafés), and this -s is silent. Nouns in -eau and -eu add -x (un gâteau → des gâteaux, un jeu → des jeux); most nouns in -al become -aux (un journal → des journaux); nouns already ending in -s, -x or -z do not change (un bus → des bus, un prix → des prix). Because the ending is usually silent, you hear the plural on the article: le café /lə kafe/ / les cafés /le kafe/.	Use it whenever you talk about more than one thing: shopping, family, menus, lists.	noun + s / -eau, -eu + x / -al → -aux / -s, -x, -z: no change	English and German hear the plural on the noun (cats, Katzen); French usually hears it only on the article: le chat / les chats. | Un bus, des bus; un prix, des prix; un nez, des nez: no extra ending. | A few are irregular: un œil → des yeux, monsieur → messieurs, madame → mesdames.	✗ des journals → ✓ des journaux | ✗ des gâteaus → ✓ des gâteaux | ✗ des buss → ✓ des bus | pronouncing the plural -s: les amis is /lezami/, not /lezamis/	J'ai deux chats et trois oiseaux. | Les journaux sont sur la table. | On achète des gâteaux pour les enfants.	plural | nouns | spelling | agreement	Au marché, il y a des fruits, des gâteaux et des animaux.	des fruits=>regular_plural=>+s, and the s is silent||des gâteaux=>eau_plural=>-eau takes -x||des animaux=>al_plural=>-al becomes -aux	cefr | delf_a1 | kwiziq_a1	A1.1	FR2_A11_UN_UNE | FR2_A11_LE_LA	FR2_A11_ADJ_AGREEMENT	regex:(?<!\bje )(?<!\btu )(?<!\bil )(?<!\bon )(?<!\bne )(?<!\belle )(?<!\bnous )(?<!\bvous )(?<!\bils )(?<!\belles )\b(?:les|des|mes|tes|ses|nos|vos|leurs|ces|aux|quelques|plusieurs|deux|trois|quatre|cinq|six|sept|huit|neuf|dix|vingt|trente)\s+(?:(?:petits?|petites|grands?|grandes|bons|bonnes|beaux|belles|jeunes|vieux|vieilles|nouveaux|nouvelles|jolis|jolies|autres)\s+)?[a-zàâçéèêëîïôûùüÿœæ]+(?:s|x)\b	Plural nouns add a silent -s: des cafés; -eau → -eaux, -al → -aux; -s, -x, -z don't change.	Plural: meist ein stummes -s: des cafés; -eau → -eaux, -al → -aux; -s, -x, -z bleiben.	Pluriel : un -s muet (des cafés) ; -eau → -eaux, -al → -aux ; -s, -x, -z restent.	reviewed
FR2_A11_ER_VERBS	fr	A1	Verbs	present_er	Present tense of -er verbs	Präsens der Verben auf -er	Le présent des verbes en -er	60	true	Regular -er verbs (parler, habiter, aimer…) form the present from the stem (the infinitive minus -er) plus -e, -es, -e, -ons, -ez, -ent. The endings -e, -es and -ent are silent, so je parle, tu parles, il parle and ils parlent all sound the same; only -ons and -ez are heard. Je becomes j' before a vowel or silent h: j'aime, j'habite.	Use it for what you do now, usually, or in general: habiter, travailler, parler, aimer, regarder, écouter, chercher. French has one present for 'I work' and 'I am working'.	stem (parl-) + e / es / e / ons / ez / ent	English has one ending (-s); French has six written forms but only three sounds. | There is no 'am …-ing' form: je travaille = I work / I am working. | A few -er verbs change their spelling (nous mangeons, j'achète, j'appelle): see the A1.2 unit.	✗ Ils parlont. → ✓ Ils parlent. | pronouncing the -ent of ils parlent: it sounds like il parle | ✗ Je habite à Lyon. → ✓ J'habite à Lyon. | ✗ Je suis travaille. → ✓ Je travaille.	J'habite à Lyon. | Vous parlez anglais ? | Nous travaillons le samedi. | Ils aiment le cinéma.	present | er_verbs | conjugation | endings	Tu travailles ici ? Moi, j'habite à côté et nous dînons souvent ensemble.	travailles=>verb_ending=>-es for tu, silent||habite=>verb_ending=>-e for je, silent; j' before a vowel||dînons=>verb_ending=>-ons for nous: you hear it	cefr | delf_a1 | kwiziq_a1	A1.1	FR2_A11_ETRE		regex:\b(?:je|j'|tu|il|elle|on|nous|vous|ils|elles)\s*(?!(?:ne|me|te|se|le|la|les|lui|leur|nous|vous|en|y|sommes|êtes|avez|avons|faites|faisons|dites|disons|disent|allez|allons|prenons|prenez|prennent|apprenons|apprenez|apprennent|comprenons|comprenez|comprennent|vient|viennent|venez|venons|tient|tiennent|revient|reviennent|devient|deviennent|pouvez|pouvons|peuvent|voulez|voulons|veulent|devez|devons|doivent|savez|savons|savent|vivez|vivons|vivent|lisez|lisons|lisent|écrivez|écrivons|écrivent|mettez|mettons|mettent|buvez|buvons|boivent|connaissez|connaissons|connaissent|partez|partons|partent|sortez|sortons|sortent|dormez|dormons|dorment|sentez|sentons|sentent|sent|servez|servons|servent|attendez|attendons|attendent|répondez|répondons|répondent|vendez|vendons|vendent|descendez|descendons|descendent|entendez|entendons|entendent|perdez|perdons|perdent|rendez|rendons|rendent|voyez|voyons|voient|croyez|croyons|croient|ment|suivez|suivons|suivent|courez|courons|courent|recevez|recevons|reçoivent|un|une|des|boire|irons|irez|aurons|aurez|serons|serez|ferons|ferez|vienne|viennes|parte|partes|fasse|fasses|fassent|puisse|puisses|puissent|aille|ailles|aillent|aie|aies|ayez|ayons|sache|saches|veuille|veuilles|connaisse|connaisses|finisse|finisses|comprenne|comprennes|prenne|prennes|preniez|boive|boives|doive|doives|pleuve|voie|voies|lise|dise|dises|écrive|mette|mettes|sorte|sortes|dorme|serve|attende|réponde|vende|descende|entende|perde|rende|suive|reçoive)\b)(?![a-zàâçéèêëîïôûùüÿœæ]*(?:iss(?:ons|ez|ent)|aient|é|ée|ées|és)\b)[a-zàâçéèêëîïôûùüÿœæ]+(?:e|es|ons|ez|ent)\b	Most verbs end in -er; drop -er and add -e, -es, -e, -ons, -ez, -ent: je parle.	Die meisten Verben enden auf -er: -er weg, dann -e, -es, -e, -ons, -ez, -ent: je parle.	La plupart des verbes finissent en -er : on enlève -er et on ajoute -e, -es, -e, -ons, -ez, -ent.	reviewed
FR2_A11_ON_NOUS	fr	A1	Pronouns	on_as_nous	On = we: on va au cinéma	On = wir: on va au cinéma	On = nous : on va au cinéma	65	true	In everyday French, on very often means 'we'. It always takes the il/elle form of the verb (on va, on est, on mange), even though it means several people. On also means 'people in general', like German man: ici, on parle français. When on means 'we', an adjective after on est may be plural: on est prêts.	Use on in conversation to speak for yourself and others: plans, suggestions (On y va ?), what you did together. Nous is for writing and more formal speech.	on + il/elle verb form (on va, on est, on a, on mange); nous + -ons form (nous allons, nous mangeons)	On mange = nous mangeons: same meaning, different verb form. | On also means 'people / you / one' (German man): en France, on dîne tard. | To stress it, French says Nous, on…: Nous, on reste ici.	✗ On allons au cinéma. → ✓ On va au cinéma. | ✗ On mangent ensemble. → ✓ On mange ensemble. | ✗ On sont prêts. → ✓ On est prêts. | ✗ Nous, on allons… → ✓ Nous, on va…	On va au cinéma ce soir ? | On mange ensemble demain ? | Ici, on parle français. | On est en retard !	pronouns | on | subject | conjugation	Nous, on va au marché, et après on mange chez Paul.	on va=>on_as_we=>on means we, with the il form: va||on mange=>on_as_we=>mange, like il mange: no -ons	cefr | delf_a1 | kwiziq_a1	A1.1	FR2_A11_ETRE | FR2_A11_ER_VERBS	FR2_A11_ER_VERBS	regex:\bon\s+(?:ne\s+|n'|se\s+|s'|y\s+|en\s+|le\s+|la\s+|les\s+|l'|nous\s+|vous\s+|lui\s+|leur\s+)?[a-zàâçéèêëîïôûùüÿœæ]{1,}\b(?!-)	In speech, on means 'we' and takes the il form: on va, on est, on mange.	Gesprochen heißt on oft „wir“ und hat die il-Form: on va, on est, on mange.	À l'oral, on veut souvent dire nous, avec le verbe comme il : on va, on est, on mange.	reviewed
FR2_A11_NEGATION	fr	A1	Negation	ne_pas_pas_de	Ne…pas, and pas de	Ne…pas und pas de	Ne…pas et pas de	70	true	To make a verb negative, put ne before it and pas after it (ne becomes n' before a vowel): je ne parle pas. After a negative verb, un, une, des, du, de la and de l' become de (d' before a vowel): je n'ai pas de voiture. Le, la, les do not change, and after être the article stays.	Use it to say no, to refuse, or to say that something is missing: je ne mange pas de viande, il n'y a pas de lait.	ne/n' + verb + pas (+ de/d' + noun)	Le/la/les do not change after pas: je n'aime pas le café. | After être, the article stays: ce n'est pas un problème. | In everyday speech people often drop ne (je sais pas); write it, and say it when in doubt.	✗ Je n'ai pas une voiture. → ✓ Je n'ai pas de voiture. | ✗ Je ne pas parle allemand. → ✓ Je ne parle pas allemand. | ✗ Je ne aime pas ça. → ✓ Je n'aime pas ça. | ✗ Ce n'est pas de problème. → ✓ Ce n'est pas un problème.	Je ne parle pas allemand. | Il n'y a pas de lait. | Nous n'avons pas d'enfants.	negation | ne_pas | pas_de | articles	Désolé, je n'ai pas de monnaie et je ne bois pas de café.	n'ai pas=>negation_frame=>ne…pas around the verb||pas de monnaie=>article_change=>de replaces de la after pas	cefr | delf_a1 | kwiziq_a1	A1.1	FR2_A11_ER_VERBS | FR2_A11_UN_UNE		regex:\b(?:ne|n')\s*(?:[a-zàâçéèêëîïôûùüÿœ']+\s+){0,2}?[a-zàâçéèêëîïôûùüÿœæ]+\s+pas\b	Put ne before the verb and pas after it; un, une, du, des become de: pas de café.	Ne vor das Verb, pas danach; un, une, du, des werden zu de: pas de café.	Ne se place avant le verbe, pas après ; un, une, du, des deviennent de : pas de café.	reviewed
FR2_A11_QUESTIONS	fr	A1	Syntax	yes_no_questions	Yes/no questions: intonation and est-ce que	Ja/Nein-Fragen: Intonation und est-ce que	Les questions fermées : intonation et est-ce que	80	true	A statement becomes a yes/no question in two everyday ways: raise your voice at the end (Vous avez une table ?), or put est-ce que in front (est-ce qu' before a vowel). The word order of the statement does not change. To answer 'yes' to a negative question, say si.	Use it to check something, ask for permission, or ask whether something is available: Est-ce qu'il y a du wifi ?	Vous avez… ? / Est-ce que + statement ?	Inversion (Avez-vous… ?) is a third, more formal way; see the A2.1 unit on inverted questions. | Oui answers a positive question; si contradicts a negative one: Tu ne viens pas ? — Si !	✗ Est-ce que vous avez-vous du pain ? → ✓ Est-ce que vous avez du pain ? | ✗ Est-ce que il pleut ? → ✓ Est-ce qu'il pleut ? | ✗ Tu ne viens pas ? — Oui, je viens. → ✓ Si, je viens.	Vous avez une table pour deux ? | Est-ce que tu viens ce soir ? | Est-ce qu'il y a du wifi ?	questions | est_ce_que | intonation	Est-ce que vous avez des croissants ?	Est-ce que=>question_marker=>turns the sentence into a question||vous avez des croissants=>statement_order=>the rest keeps normal order	cefr | delf_a1 | kwiziq_a1	A1.1	FR2_A11_ER_VERBS		regex:\best-ce qu(?:e|')|\b(?:vous|tu|il|elle|on|ils|elles|ça|c'est)\s*[^.?!]*\?	To ask a yes/no question, raise your voice at the end, or start with est-ce que.	Für eine Ja/Nein-Frage: Stimme am Ende heben oder mit est-ce que beginnen.	Pour une question fermée, montez la voix à la fin, ou commencez par est-ce que.	reviewed
FR2_A11_QUESTION_WORDS	fr	A1	Syntax	question_words	Question words: où, quand, comment, combien, quel	Fragewörter: où, quand, comment, combien, quel	Les mots interrogatifs : où, quand, comment, combien, quel	90	true	Information questions use a question word: qui (who), qu'est-ce que (what), où (where), quand (when), comment (how), combien (de) (how much, how many), pourquoi (why) and quel (which, what + noun). Quel agrees with its noun: quel, quelle, quels, quelles. In speech the question word often goes at the end: Tu habites où ?	Use them to ask for information: places, times, prices, names, reasons.	question word + est-ce que + statement ? / statement + question word ? / quel(le)(s) + noun	Quel agrees with its noun (quelle heure, quels films); the other question words never change. | Qu'est-ce que asks for a thing; qui asks for a person. | Your name is asked with comment: Comment tu t'appelles ? (German: Wie heißt du?).	✗ Quel heure est-il ? → ✓ Quelle heure est-il ? | ✗ Combien des sucres ? → ✓ Combien de sucres ? | ✗ Qu'est-ce que tu t'appelles ? → ✓ Comment tu t'appelles ? | ✗ Où tu viens de ? → ✓ Tu viens d'où ?	Où est la gare ? | Ça coûte combien ? | Qu'est-ce que vous prenez ? | Comment tu t'appelles ?	questions | question_words | quel	Pardon, quelle heure est-il et où est la sortie ?	quelle heure=>agreeing_question_word=>quel becomes quelle with a feminine noun||où=>question_word=>asks for a place	cefr | delf_a1 | kwiziq_a1	A1.1	FR2_A11_QUESTIONS		regex:\b(?:où|quand|comment|combien|pourquoi|qui|quoi|qu'est-ce qu(?:e|')|quel(?:le)?s?)\b[^.!]*\?|\bqu'est-ce qu(?:e|')	Question words ask for information: où (where), quand (when), comment (how), combien (how much), quel (which).	Fragewörter fragen nach Informationen: où (wo), quand (wann), comment (wie), combien (wie viel), quel (welcher).	Les mots interrogatifs demandent une information : où, quand, comment, combien, pourquoi, quel.	reviewed
FR2_A11_JE_VOUDRAIS	fr	A1	Verbs	je_voudrais_chunk	Je voudrais…, vous voulez… ? (polite asking)	Je voudrais…, vous voulez… ? (höflich bitten)	Je voudrais…, vous voulez… ? (demander poliment)	100	true	Je voudrais (I would like) is the polite way to ask for something; learn it as a fixed formula. Je veux (I want) is correct but sounds blunt to a waiter or a shop assistant. To offer, ask Vous voulez… ? or Tu veux… ? followed by a noun or a verb in the infinitive.	Use it to order in a café, ask in a shop or at a counter, and to offer something to someone.	je voudrais + noun / infinitive; vous voulez / tu veux + noun / infinitive ?	Je veux un café sounds demanding; je voudrais un café, s'il vous plaît is polite. | Je voudrais (would like, with s) and je voudrai (will want) sound the same; ordering is always je voudrais. | The full conditional comes later: politeness at A2.1, all forms at B1.1.	✗ Monsieur, je veux un café. → ✓ Monsieur, je voudrais un café, s'il vous plaît. | ✗ Je voudrais de un café. → ✓ Je voudrais un café. | ✗ Je voudrai un café. → ✓ Je voudrais un café. | ✗ Monsieur, un café, s'il te plaît. → ✓ Monsieur, un café, s'il vous plaît.	Je voudrais un croissant, s'il vous plaît. | Vous voulez du sucre ? | Je voudrais réserver une table.	politeness | ordering | chunk | vouloir	Bonjour, je voudrais un café et une tarte, s'il vous plaît.	je voudrais=>polite_request=>the polite 'I would like'||s'il vous plaît=>politeness_marker=>please, with vous	cefr | delf_a1 | kwiziq_a1	A1.1	FR2_A11_UN_UNE		regex:\b(?:je (?:ne )?voudrais|j'aimerais|nous voudrions|vous voudriez|voudriez-vous|vous voulez|tu veux|voulez-vous|veux-tu)\b	Say je voudrais (I would like) to ask politely; offer with vous voulez… ?	Mit je voudrais (ich hätte gern) bittet man höflich; anbieten mit vous voulez… ?	Pour demander poliment, dites je voudrais ; pour proposer, vous voulez… ?	reviewed
FR2_A11_NUMBERS	fr	A1	Numbers	numbers_prices	Numbers 0–69 and prices	Zahlen 0–69 und Preise	Les nombres de 0 à 69 et les prix	110	true	Learn 0 to 16 by heart (zéro, un… seize); 17, 18, 19 are dix-sept, dix-huit, dix-neuf. The tens are vingt, trente, quarante, cinquante, soixante. 21, 31, 41, 51 and 61 add et un (vingt et un); the others take a hyphen (vingt-deux, trente-cinq). Un becomes une before a feminine noun: une heure, vingt et une pages.	Use them for prices, ages (j'ai trente ans), the time, phone numbers, quantities and addresses.	vingt et un, vingt-deux … soixante-neuf; prices: X euros Y (2,50 € = deux euros cinquante)	21, 31, 41, 51, 61 use et un; 22–29, 32–39 … use a hyphen. | Prices put the word euros in the middle: deux euros cinquante. The decimal sign is a comma: 2,50 €. | Six, huit and dix lose their last sound before a consonant: six cafés /si kafe/, but six euros /sizøʁo/.	✗ vingt-un → ✓ vingt et un | ✗ dix-six → ✓ seize | ✗ deux cinquante euros → ✓ deux euros cinquante | ✗ 2.50 € → ✓ 2,50 €	Ça fait trois euros vingt. | J'ai quarante-deux ans. | Il y a vingt et une chambres dans cet hôtel.	numbers | prices | money	Un café et un croissant, ça fait quatre euros cinquante.	quatre euros cinquante=>price=>the word euros sits between the euros and the cents	cefr | delf_a1 | kwiziq_a1	A1.1			regex:(?<![\w-])(?:vingt|trente|quarante|cinquante|soixante)(?:[- ]et[- ](?:un|une)|-(?:deux|trois|quatre|cinq|six|sept|huit|neuf))\b(?!-)|(?<![\w-])(?:vingt|trente|quarante|cinquante|soixante|deux|trois|quatre|cinq|six|sept|huit|neuf|dix(?:-sept|-huit|-neuf)?|onze|douze|treize|quatorze|quinze|seize|zéro)(?!-)\s+(?!(?:et|ou|à|de|des|du|en|pour|par|sur|dans|avec|fois)\b)[a-zàâçéèêëîïôûùüÿœæ]{2,}|\b\d+[,.]\d{2}\s?€|\beuros?\s+(?:vingt|trente|quarante|cinquante|soixante|deux|trois|quatre|cinq|six|sept|huit|neuf|dix|quinze)\b	Learn 0–69; 21 is vingt et un, 22 vingt-deux; prices say euros in the middle: deux euros cinquante.	Zahlen 0–69; 21 = vingt et un, 22 = vingt-deux; bei Preisen steht euros in der Mitte: deux euros cinquante.	De 0 à 69 : vingt et un, vingt-deux ; un prix se dit deux euros cinquante.	reviewed
FR2_A11_ADJ_AGREEMENT	fr	A1	Agreement	adjective_agreement	Adjectives: agreement and position	Adjektive: Angleichung und Stellung	Les adjectifs : accord et place	120	true	An adjective takes the gender and number of its noun: add -e for the feminine (petit → petite) and -s for the plural (petits, petites), also after être (elle est contente). Most adjectives come after the noun (un café noir); a short list of frequent ones comes before it: beau, joli, bon, mauvais, petit, grand, gros, jeune, vieux, nouveau.	Use it whenever you describe a person, a thing or a place.	noun + adjective (+e)(+s); beau/bon/petit/grand/jeune/vieux/nouveau… + noun	English and German put adjectives before the noun; French mostly after: un film français, une voiture rouge. | German leaves the adjective unchanged after sein (sie ist glücklich); French still agrees: elle est heureuse. | Adjectives already ending in -e do not change in the feminine (rouge, calme); some change more: blanc → blanche, heureux → heureuse, gentil → gentille, italien → italienne.	✗ une robe noir → ✓ une robe noire | ✗ un français film → ✓ un film français | ✗ des chaises vert → ✓ des chaises vertes | ✗ Elle est content. → ✓ Elle est contente.	J'ai une petite voiture rouge. | Les rues sont calmes. | C'est un bon restaurant italien. | Elle est très contente.	adjectives | agreement | position	Elle a une grande maison blanche.	grande=>before_noun=>a short, frequent adjective: before the noun, and feminine like maison||maison blanche=>agreement_marks=>after the noun; feminine, so blanc becomes blanche	cefr | delf_a1 | kwiziq_a1	A1.1	FR2_A11_UN_UNE		regex:\b(?:(?:un|une|des|le|la|les|mon|ma|mes|ton|ta|tes|son|sa|ses|notre|nos|votre|vos|leur|leurs|ce|cet|cette|ces)\s+|l')(?:(?:très|trop|assez|si|vraiment)\s+)?(?:(?:petit(?:e|s|es)?|grand(?:e|s|es)?|bon(?:ne|s|nes)?|mauvais(?:e|es)?|beau|beaux|belle(?:s)?|joli(?:e|s|es)?|jeunes?|vieux|vieille(?:s)?|nouveau|nouveaux|nouvelle(?:s)?|gros|grosse(?:s)?)\s+[a-zàâçéèêëîïôûùüÿœæ]{2,}|[a-zàâçéèêëîïôûùüÿœæ]{2,}\s+(?:très\s+|trop\s+|assez\s+)?(?:noir(?:e|s|es)?|blanc(?:s)?|blanche(?:s)?|rouges?|vert(?:e|s|es)?|bleu(?:e|s|es)?|gris(?:e|es)?|jaunes?|petit(?:e|s|es)?|grand(?:e|s|es)?|français(?:e|es)?|italien(?:ne|s|nes)?|allemand(?:e|s|es)?|anglais(?:e|es)?|américain(?:e|s|es)?|espagnol(?:e|s|es)?|calmes?|content(?:e|s|es)?|fatigué(?:e|s|es)?|heureux|heureuse(?:s)?|cher|chère(?:s)?|chers|délicieux|délicieuse(?:s)?|gentil(?:le|s|les)?|intéressant(?:e|s|es)?|libres?|prêt(?:e|s|es)?|froid(?:e|s|es)?|chaud(?:e|s|es)?|ouvert(?:e|s|es)?|fermé(?:e|s|es)?|joli(?:e|s|es)?|beau|beaux|belle(?:s)?|nouveau|nouveaux|nouvelle(?:s)?|vieux|vieille(?:s)?|bon(?:ne|s|nes)?|mauvais(?:e|es)?|jeunes?|long(?:ue|s|ues)?|court(?:e|s|es)?|faciles?|difficiles?|sympas?|modernes?|propres?|sales?|occupé(?:e|s|es)?|plein(?:e|s|es)?|vides?|seul(?:e|s|es)?|lent(?:e|s|es)?|rapides?|gros|grosse(?:s)?|fort(?:e|s|es)?|tristes?|malades?|riches?|pauvres?|célèbres?|parfait(?:e|s|es)?|magnifiques?|super|génial(?:e|es)?|géniaux|important(?:e|s|es)?|frais|fraîche(?:s)?)\b)|\b(?:suis|es|est|sommes|êtes|sont)\s+(?:pas\s+)?(?:très\s+|trop\s+|assez\s+|si\s+|vraiment\s+)?(?:noir(?:e|s|es)?|blanc(?:s)?|blanche(?:s)?|rouges?|vert(?:e|s|es)?|bleu(?:e|s|es)?|gris(?:e|es)?|jaunes?|petit(?:e|s|es)?|grand(?:e|s|es)?|français(?:e|es)?|italien(?:ne|s|nes)?|allemand(?:e|s|es)?|anglais(?:e|es)?|américain(?:e|s|es)?|espagnol(?:e|s|es)?|calmes?|content(?:e|s|es)?|fatigué(?:e|s|es)?|heureux|heureuse(?:s)?|cher|chère(?:s)?|chers|délicieux|délicieuse(?:s)?|gentil(?:le|s|les)?|intéressant(?:e|s|es)?|libres?|prêt(?:e|s|es)?|froid(?:e|s|es)?|chaud(?:e|s|es)?|ouvert(?:e|s|es)?|fermé(?:e|s|es)?|joli(?:e|s|es)?|beau|beaux|belle(?:s)?|nouveau|nouveaux|nouvelle(?:s)?|vieux|vieille(?:s)?|bon(?:ne|s|nes)?|mauvais(?:e|es)?|jeunes?|long(?:ue|s|ues)?|court(?:e|s|es)?|faciles?|difficiles?|sympas?|modernes?|propres?|sales?|occupé(?:e|s|es)?|plein(?:e|s|es)?|vides?|seul(?:e|s|es)?|lent(?:e|s|es)?|rapides?|gros|grosse(?:s)?|fort(?:e|s|es)?|tristes?|malades?|riches?|pauvres?|célèbres?|parfait(?:e|s|es)?|magnifiques?|super|génial(?:e|es)?|géniaux|important(?:e|s|es)?|frais|fraîche(?:s)?)\b	Adjectives match the noun (+e for feminine, +s for plural) and usually come after it.	Adjektive passen sich an (+e weiblich, +s Plural), auch nach être, und stehen meist nach dem Nomen.	L'adjectif s'accorde avec le nom (+e au féminin, +s au pluriel) et se place souvent après.	reviewed
FR2_A11_PLACES	fr	A1	Prepositions	places_cities_countries	À Paris, en France, au Japon	À Paris, en France, au Japon	À Paris, en France, au Japon	130	true	To say where you are or where you go, use à before a city (à Paris), en before a feminine country (most end in -e: en France) and before any country starting with a vowel (en Iran), au before a masculine country (au Japon) and aux before a plural one (aux États-Unis). The same word means 'in' and 'to'.	Use it to say where you live, work, study or travel.	à + city / en + fem. country / au + masc. country / aux + plural	One word for 'in' and 'to': j'habite à Rome, je vais à Rome. | Coming from: de/d' + city or feminine country (je viens d'Italie), du + masculine country (du Japon), des + plural (des États-Unis). | A few countries ending in -e are masculine: le Mexique → au Mexique.	✗ J'habite en Paris. → ✓ J'habite à Paris. | ✗ au France → ✓ en France | ✗ en Canada → ✓ au Canada | ✗ à les États-Unis → ✓ aux États-Unis	J'habite à Berlin. | Elle travaille en Allemagne. | Nous allons au Portugal cet été.	prepositions | places | countries | cities	Je suis né au Canada, j'habite en France et je travaille à Paris.	au Canada=>masculine_country=>masculine country: au||en France=>feminine_country=>feminine country: en||à Paris=>city=>city: à	cefr | delf_a1 | kwiziq_a1	A1.1	FR2_A11_ETRE		regex:\b(?:en (?:France|Allemagne|Espagne|Italie|Angleterre|Suisse|Belgique|Chine|Russie|Grèce|Autriche|Irlande|Europe|Afrique|Asie|Amérique|Iran|Israël|Inde|Pologne|Turquie|Suède|Norvège|Tunisie|Algérie|Égypte|Australie|Corée|Croatie|Hongrie|Roumanie|Ukraine|Écosse|Bretagne|Normandie|Provence)|au (?:Canada|Japon|Portugal|Maroc|Brésil|Mexique|Québec|Luxembourg|Danemark|Sénégal|Royaume-Uni|Liban|Vietnam|Chili|Pérou|Cameroun|Pakistan)|aux (?:États-Unis|Pays-Bas|Antilles)|à (?:Paris|Lyon|Marseille|Bordeaux|Lille|Nice|Nantes|Toulouse|Strasbourg|Berlin|Hambourg|Munich|Cologne|Francfort|Londres|Rome|Madrid|Barcelone|Bruxelles|Genève|Zurich|Vienne|Montréal|Québec|New York|Tokyo|Lisbonne|Amsterdam))\b|\b(?:habite|habites|habitons|habitez|habitent|vais|vas|va|allons|allez|vont|travaille|travailles|travaillons|travaillez|travaillent|vis|vit|vivons|vivez|vivent|suis|es|est|sommes|êtes|sont|né|née|nés|nées)\s+(?:à|en|au|aux)\s+(?-i:[A-ZÉ])	Cities take à; feminine countries take en; masculine countries au; plural countries aux.	Städte: à; weibliche Länder: en; männliche Länder: au; Länder im Plural: aux.	Villes : à ; pays féminins : en ; pays masculins : au ; pays au pluriel : aux.	reviewed
FR2_A11_CONTRACTIONS	fr	A1	Articles	contractions_au_du	Au, aux, du, des: à and de with le/les	Au, aux, du, des: à und de mit le/les	Au, aux, du, des : les contractions	140	true	À and de melt together with le and les: à + le = au, à + les = aux, de + le = du, de + les = des. They never melt with la or l': à la gare, à l'hôtel, de la poste, de l'école.	Use it whenever à or de meets le or les: going somewhere (au cinéma), coming back from somewhere (du bureau), belonging to someone (la voiture du voisin), talking to people (aux enfants).	à + le = au, à + les = aux, de + le = du, de + les = des; à la, à l', de la, de l' stay	La and l' never contract: à la gare, de l'hôtel. | This du means 'of the / from the'; the partitive du (some: du pain) looks the same but is another unit.	✗ Je vais à le cinéma. → ✓ Je vais au cinéma. | ✗ le livre de le professeur → ✓ le livre du professeur | ✗ au école → ✓ à l'école | ✗ Je parle à les enfants. → ✓ Je parle aux enfants.	On va au marché ? | Je parle aux enfants. | C'est la voiture du voisin.	contractions | prepositions | articles	Il rentre du bureau et va au café avec les amis du quartier.	du bureau=>contraction=>de + le = du||au café=>contraction=>à + le = au	cefr | delf_a1 | kwiziq_a1	A1.1	FR2_A11_LE_LA | FR2_A11_PLACES		regex:\b(?:au|aux)\s+(?!(?:revoir|moins|fait|contraire|lieu|cas|bout|milieu|dessus|dessous)\b)[a-zàâçéèêëîïôûùüÿœæ]{2,}|\b(?:du|des)\s+(?:[a-zàâçéèêëîïôûùüÿœæ]+\s+)?(?:bureau|marché|quartier|voisin|voisins|professeur|cinéma|restaurant|musée|centre|parc|matin|soir|jardin|port|nord|sud|village|métro|train|magasin|supermarché|lycée|collège|boulanger|médecin|patron|théâtre|château|film|livre)\b|\b(?:viens|vient|venons|venez|viennent|rentre|rentres|rentrons|rentrez|rentrent|sors|sort|sortons|sortez|sortent|arrive|arrives|arrivons|arrivez|arrivent|parle|parles|parlons|parlez|parlent)\s+(?:du|des)\s+[a-zàâçéèêëîïôûùüÿœæ]	À + le becomes au, à + les aux; de + le becomes du, de + les des.	À + le wird au, à + les wird aux; de + le wird du, de + les wird des.	Contractions : au (à + le), aux (à + les), du (de + le), des (de + les).	reviewed
FR2_A11_POSSESSIVES	fr	A1	Determiners	possessives	Mon, ma, mes: possessives	Mon, ma, mes: Possessivbegleiter	Mon, ma, mes : les possessifs	150	true	Possessives agree with the thing owned, not with the owner: mon/ma/mes (my), ton/ta/tes (your), son/sa/ses (his, her, its), notre/nos (our), votre/vos (your), leur/leurs (their). Before a feminine noun starting with a vowel, ma, ta, sa become mon, ton, son: mon amie.	Use it to talk about your family, your things and your places.	mon/ma/mes, ton/ta/tes, son/sa/ses, notre/nos, votre/vos, leur/leurs + noun	Son/sa does not show whether the owner is a man or a woman: son livre = his or her book; sa voiture = his or her car. | Mon amie, not ma amie: mon before a vowel, even for a feminine noun. | Votre/vos also serve as the polite 'your': votre passeport, s'il vous plaît.	✗ ma amie → ✓ mon amie | ✗ Marie cherche sa livre. → ✓ Marie cherche son livre. | ✗ Paul cherche son voiture. → ✓ Paul cherche sa voiture. | ✗ Ils vendent leurs voiture. → ✓ Ils vendent leur voiture.	Voici ma sœur et mon frère. | C'est votre sac ? | Ils vendent leur appartement.	possessives | determiners | agreement | family	Marc cherche sa clé et son téléphone.	sa clé=>agreement=>clé is feminine, so sa, whatever the owner||son téléphone=>agreement=>téléphone is masculine, so son	cefr | delf_a1 | kwiziq_a1	A1.1	FR2_A11_UN_UNE		regex:(?<!\bje )(?<!\btu )(?<!\bil )(?<!\bon )(?<!\bne )(?<!\belle )(?<!\bnous )(?<!\bvous )(?<!\bils )(?<!\belles )\b(?:mon|ma|mes|ton|ta|tes|son|sa|ses|notre|nos|votre|vos|leurs?)\s+[a-zàâçéèêëîïôûùüÿœæ]{2,}	Mon, ma, mes follow the thing owned, not the owner: sa mère is his or her mother.	Mon, ma, mes richten sich nach dem Besitz, nicht nach dem Besitzer: sa mère = seine/ihre Mutter.	Mon, ma, mes s'accordent avec la chose possédée, pas avec le possesseur : sa mère.	reviewed
FR2_A11_ALLER_VENIR	fr	A1	Verbs	aller_venir	Aller and venir: going and coming	Aller und venir: gehen und kommen	Aller et venir	160	true	Aller (to go) and venir (to come) are irregular: je vais, tu vas, il va, nous allons, vous allez, ils vont; je viens, tu viens, il vient, nous venons, vous venez, ils viennent. Aller + à/au/en says where to; venir + de/du/d' says where from.	Use them to say where you are going, where you come from, and to invite someone: Tu viens ?	aller à / au / en + place; venir de / du / d' + place	French uses aller for walking, driving and flying alike; German fahren is usually aller too: je vais à Berlin. | Je viens de Lyon (origin) vs je viens de manger (I have just eaten), which is a later unit (A2.1). | Tu viens ? means 'are you coming (with us)?'	✗ Ils allent à Paris. → ✓ Ils vont à Paris. | ✗ D'où tu viens ? — Je viens à Lyon. → ✓ Je viens de Lyon. | ✗ Je conduis à Berlin demain. → ✓ Je vais à Berlin demain. | ✗ Nous venez ce soir. → ✓ Nous venons ce soir.	Je vais à la boulangerie. | Tu viens avec nous ? | Elle vient d'Italie.	aller | venir | irregular | movement	On va au cinéma ce soir, tu viens ?	On va au cinéma=>movement_to=>aller + au: going to||tu viens=>invitation=>venir: to come along	cefr | delf_a1 | kwiziq_a1	A1.1	FR2_A11_CONTRACTIONS		regex:\b(?:je (?:ne )?vais|tu (?:ne )?vas|(?:il|elle|on) (?:ne )?va|nous (?:n')?allons|vous (?:n')?allez|(?:ils|elles) (?:ne )?vont|je (?:ne )?viens|tu (?:ne )?viens|(?:il|elle|on) (?:ne )?vient|nous (?:ne )?venons|vous (?:ne )?venez|(?:ils|elles) (?:ne )?viennent)\b	Aller (je vais, on va) is to go; venir (je viens) is to come; both are irregular.	Aller (je vais, on va) heißt gehen/fahren; venir (je viens) heißt kommen; beide unregelmäßig.	Aller (je vais, on va) indique où l'on va ; venir (je viens) d'où l'on vient.	reviewed
FR2_A11_PARTITIVE	fr	A1	Articles	partitive_articles	Du, de la, de l': some (food and drink)	Du, de la, de l': etwas (Essen und Trinken)	Du, de la, de l' : les partitifs	170	true	Du (masculine), de la (feminine) and de l' (before a vowel) mean 'some' of something you do not count: bread, water, soup, patience, sport. English often uses 'some' or nothing, German nothing (ich trinke Wasser); French needs the article: je bois de l'eau.	Use it to order or buy food and drink (du pain, de la confiture), and with faire for activities: faire du sport, faire de la musique.	du + masc. / de la + fem. / de l' + vowel + mass noun	J'aime le fromage (in general) but je mange du fromage (some). | After pas: je ne mange pas de fromage (see the negation unit). | Du here is de + le meaning 'some'; the du of la voiture du voisin is a contraction (another unit).	✗ Je voudrais pain. → ✓ Je voudrais du pain. | ✗ Le matin, je mange le pain. → ✓ Le matin, je mange du pain. | ✗ de le lait → ✓ du lait | ✗ Je ne veux pas du sucre. → ✓ Je ne veux pas de sucre.	Vous avez du pain ? | Je bois de l'eau. | Il fait du sport le dimanche. | Nous mangeons de la soupe.	articles | partitive | food | quantity	Je voudrais du pain, de la confiture et de l'eau.	du pain=>partitive=>some bread: pain is masculine||de la confiture=>partitive=>some jam: confiture is feminine||de l'eau=>partitive=>some water: before a vowel	cefr | delf_a1 | kwiziq_a1	A1.1	FR2_A11_JE_VOUDRAIS | FR2_A11_LE_LA	FR2_A11_LE_LA | FR2_A11_UN_UNE	regex:\b(?:mang\w*|boi\w*|buv\w*|bu|pren\w*|prend|prends|ach[eè]t\w*|voudr\w*|veu\w*|voul\w*|a|as|ai|avez|avons|ont|fai\w*|fait|font|met\w*|ajout\w*|serv\w*|command\w*|cherch\w*|vend\w*|reste|encore|faut|faire|avoir)\s+(?:du|de la|de l')\s*(?!plus\b|moins\b)[a-zàâçéèêëîïôûùüÿœæ]+	For an amount you don't count, like bread or water, say du pain, de la soupe, de l'eau.	Für eine ungezählte Menge (Brot, Wasser) sagt man du pain, de la soupe, de l'eau.	Pour une quantité qu'on ne compte pas, on dit du pain, de la soupe, de l'eau.	reviewed
FR2_A11_FAIRE_PRENDRE	fr	A1	Verbs	faire_prendre	Faire and prendre	Faire und prendre	Faire et prendre	180	false	Faire (je fais, tu fais, il fait, nous faisons, vous faites, ils font) and prendre (je prends, tu prends, il prend, nous prenons, vous prenez, ils prennent) are frequent irregular verbs. Faire is used for activities and for the weather (il fait beau); prendre for ordering, eating and drinking, and for transport.	Use faire for activities, chores and the weather; prendre to order (je prends un thé), and to say how you travel (je prends le bus).	faire + du/de la + activity; prendre + article + food/transport	English 'I'll have a coffee' is je prends un café, not ✗ j'ai un café. | The weather takes faire: il fait beau, il fait froid (German es ist kalt). | Vous faites and vous dites are the only -tes forms; never ✗ vous faisez.	✗ Vous faisez quoi ? → ✓ Vous faites quoi ? | ✗ Ils prendent le bus. → ✓ Ils prennent le bus. | ✗ J'ai un café, s'il vous plaît. → ✓ Je prends un café, s'il vous plaît. | ✗ Il est froid aujourd'hui. → ✓ Il fait froid aujourd'hui.	Je prends un thé, s'il vous plaît. | Qu'est-ce que vous faites ce week-end ? | Nous prenons le bus.	faire | prendre | irregular | ordering	Aujourd'hui il fait beau, alors je prends mon vélo.	il fait beau=>weather_faire=>faire for the weather||je prends=>irregular_form=>prendre: je prends, for transport too	cefr | delf_a1 | kwiziq_a1	A1.1	FR2_A11_ER_VERBS		regex:\b(?:je (?:ne )?fais|tu (?:ne )?fais|(?:il|elle|on) (?:ne )?fait|nous (?:ne )?faisons|vous (?:ne )?faites|(?:ils|elles) (?:ne )?font|je (?:ne )?prends|tu (?:ne )?prends|(?:il|elle|on) (?:ne )?prend|nous (?:ne )?prenons|vous (?:ne )?prenez|(?:ils|elles) (?:ne )?prennent)\b	Faire (to do, make; the weather) and prendre (to take, have food) are irregular: je fais, je prends.	Faire (machen, tun; Wetter) und prendre (nehmen, essen/trinken) sind unregelmäßig: je fais, je prends.	Faire et prendre sont irréguliers : je fais, vous faites, ils font ; je prends, ils prennent.	reviewed
FR2_A12_FUTUR_PROCHE	fr	A1	Tenses	futur_proche	Futur proche: aller + infinitive	Futur proche: aller + Infinitiv	Le futur proche : aller + infinitif	190	true	The futur proche is aller in the present + a verb in the infinitive: je vais partir. It expresses plans and things about to happen. Only aller changes; the second verb stays in the infinitive. In the negative, ne…pas goes around aller: je ne vais pas partir.	Use it for plans, intentions and things about to happen: ce soir, je vais cuisiner; attention, il va pleuvoir.	aller (present) + infinitive	Je vais au café (a place) vs je vais manger (a plan). | Negative: je ne vais pas partir (ne…pas around aller). | English 'I'm going to' and the German present for the future (Ich rufe morgen an) both become je vais appeler demain.	✗ Je vais mange. → ✓ Je vais manger. | ✗ Je ne vais partir pas. → ✓ Je ne vais pas partir. | ✗ Nous allons mangeons. → ✓ Nous allons manger.	Je vais appeler Paul. | Il va pleuvoir. | On va prendre un taxi.	future | futur_proche | aller | infinitive	Ce soir, nous allons dîner chez Margaux.	allons=>aller_present=>aller in the present, matching nous||dîner=>infinitive=>the action, in its dictionary form	cefr | delf_a1 | kwiziq_a1	A1.2	FR2_A11_ALLER_VENIR		regex:\b(?:vais|vas|va|allons|allez|vont)\s+(?:(?:pas|jamais|plus)\s+)?(?:(?:le|la|les|lui|leur|me|te|se|nous|vous|y|bien|encore|vite|bientôt|aussi|tout|tous|peut-être|sûrement|enfin|même|seulement|toujours|souvent|vraiment)\s+|(?:l|m|t|s)')?[a-zàâçéèêëîïôûùüÿœæ]+(?:er|ir|re|oir)\b	To talk about the near future, use aller + a verb in its dictionary form: je vais partir.	Für die nahe Zukunft: aller + Grundform des Verbs: je vais partir.	Pour un projet proche : aller au présent + verbe à l'infinitif : je vais partir.	reviewed
FR2_A12_MODALS	fr	A1	Verbs	modals_infinitive	Pouvoir, vouloir, devoir + infinitive	Pouvoir, vouloir, devoir + Infinitiv	Pouvoir, vouloir, devoir + infinitif	200	true	Pouvoir (can: je peux, il peut, nous pouvons, ils peuvent), vouloir (want: je veux, il veut, nous voulons, ils veulent) and devoir (must: je dois, il doit, nous devons, ils doivent) are followed directly by an infinitive, with nothing in between: je peux venir.	Use them for ability and permission (je peux payer par carte ?), wishes (tu veux venir ?) and obligation (je dois partir).	pouvoir / vouloir / devoir + infinitive	Je voudrais is the polite form of je veux (see A1.1). | Unlike German, the infinitive follows the modal straight away, not at the end of the sentence: je peux venir demain (ich kann morgen kommen). | No de or à after these three: je dois partir, never ✗ je dois de partir.	✗ Je peux de venir. → ✓ Je peux venir. | ✗ Je peux demain venir. → ✓ Je peux venir demain. | ✗ Ils peuvent viennent. → ✓ Ils peuvent venir. | ✗ Ils veulont partir. → ✓ Ils veulent partir.	Je peux payer par carte ? | Tu veux venir ? | Nous devons partir à six heures.	modals | infinitive | pouvoir | devoir | vouloir	Est-ce que je peux payer par carte ? Je dois partir vite.	peux payer=>modal_plus_infinitive=>pouvoir + infinitive||dois partir=>modal_plus_infinitive=>devoir + infinitive	cefr | delf_a1 | kwiziq_a1	A1.2	FR2_A11_JE_VOUDRAIS | FR2_A11_ER_VERBS		regex:\b(?:peux|peut|pouvons|pouvez|peuvent|veux|veut|voulons|voulez|veulent|dois|doit|devons|devez|doivent)(?:-(?:je|tu|il|elle|on|nous|vous|ils|elles))?\s+(?:(?:pas|jamais|plus)\s+)?(?:(?:le|la|les|lui|leur|me|te|se|nous|vous|y|bien|encore|vite|bientôt|aussi|tout|tous|peut-être|sûrement|enfin|même|seulement|toujours|souvent|vraiment)\s+|(?:l|m|t|s)')?[a-zàâçéèêëîïôûùüÿœæ]+(?:er|ir|re|oir)\b	Pouvoir (can), vouloir (want), devoir (must) are followed by a verb in its dictionary form.	Pouvoir (können), vouloir (wollen), devoir (müssen) + Grundform direkt danach: je peux venir demain.	Pouvoir, vouloir et devoir sont suivis d'un verbe à l'infinitif : je peux venir.	reviewed
FR2_A12_PRONOMINAL	fr	A1	Verbs	pronominal_present	Je m'appelle, je me lève: pronominal verbs	Je m'appelle, je me lève: reflexive Verben	Je m'appelle, je me lève : les verbes pronominaux	210	true	Pronominal verbs carry an extra pronoun that matches the subject: je me, tu te, il/elle/on se, nous nous, vous vous, ils/elles se. It goes right before the verb and becomes m', t', s' before a vowel: je m'appelle. Many daily-routine verbs work like this: se lever, se laver, s'habiller, se coucher.	Use them to give your name (je m'appelle…), describe your daily routine, and for actions you do to yourself.	subject + me/te/se/nous/vous/se + verb	Je lave la voiture (something else) vs je me lave (myself). | The dictionary form is se lever (like German sich waschen), but se changes with the person: je me lève, tu te lèves, nous nous levons. | Negative: ne comes before the pronoun: je ne me lève pas.	✗ Je lève à sept heures. → ✓ Je me lève à sept heures. | ✗ Je se lève. → ✓ Je me lève. | ✗ Nous se levons. → ✓ Nous nous levons. | ✗ Je me ne lève pas. → ✓ Je ne me lève pas.	Je m'appelle Paul. | Je me lève à sept heures. | Vous vous reposez le dimanche ?	pronominal | reflexive | routine | present	Le matin, je me réveille tôt et je m'habille vite.	je me réveille=>reflexive_pronoun=>me matches je||je m'habille=>elision=>me becomes m' before a vowel	cefr | delf_a1 | kwiziq_a1	A1.2	FR2_A11_ER_VERBS		regex:\b(?:je (?:ne )?m(?:e\s|')|tu (?:ne )?t(?:e\s|')|(?:il|elle|on|ils|elles) (?:ne )?s(?:e\s|')|nous (?:ne )?nous|vous (?:ne )?vous)\s*[a-zàâçéèêëîïôûùüÿœæ]+	Some verbs need an extra me, te, se, nous, vous before them: je me lève, tu t'appelles.	Manche Verben brauchen me, te, se, nous, vous davor, je nach Person: je me lève, tu t'appelles.	Certains verbes ont un pronom en plus : je me lève, tu t'appelles, ils se couchent.	reviewed
FR2_A12_IMPERATIVE	fr	A1	Verbs	imperative_il_faut	Imperative (sois, aie, veuillez too) and il faut + infinitive	Imperativ (auch sois, aie, veuillez) und il faut + Infinitiv	L'impératif (et sois, aie, veuillez) et il faut + infinitif	220	true	The imperative is the present-tense tu, nous or vous form without the pronoun: Regarde ! Allons-y ! Prenez la rue à droite. -er verbs (and aller: va !) drop the -s of the tu form. Four verbs are irregular: être (sois, soyons, soyez), avoir (aie, ayons, ayez), savoir (sache, sachez) and vouloir (veuillez, in polite instructions: veuillez patienter). Il faut + infinitive says what must be done in general; il faut never changes.	Use it for directions, instructions, invitations and encouragement (Sois patient ! N'aie pas peur !); veuillez on signs and in polite written requests; il faut for what has to be done.	verb in the tu / nous / vous form, no subject; sois/soyez, aie/ayez, sache/sachez, veuillez + infinitive; il faut + infinitive	Tu parles → Parle ! (-er verbs lose the -s); tu prends → Prends ! (other verbs keep it). | Être and avoir do not use their present forms: ✗ Es sage ! → ✓ Sois sage ! ✗ N'as pas peur ! → ✓ N'aie pas peur ! | Il faut is impersonal: it never changes, and the verb after it stays in the infinitive: il faut partir (il faut que + subjunctive comes at B1.2). | With pronouns (prends-le) see the A2.2 unit.	✗ Parles plus fort ! → ✓ Parle plus fort ! | ✗ Es patient ! → ✓ Sois patient ! | ✗ N'as pas peur ! → ✓ N'aie pas peur ! | ✗ Il faut de partir. → ✓ Il faut partir.	Tournez à gauche. | Il faut réserver. | Soyez à l'heure, s'il vous plaît. | N'aie pas peur ! | Veuillez patienter.	imperative | irregular_imperative | il_faut | instructions	Soyez à l'heure demain : prenez le train de huit heures, il faut réserver.	Soyez=>irregular_imperative=>être: soyez, not êtes||prenez=>imperative=>the vous form without vous||il faut réserver=>obligation=>il faut + infinitive	cefr | delf_a1 | kwiziq_a1	A1.2	FR2_A11_ER_VERBS	FR2_A12_MODALS	regex:\bil (?:ne )?(?:faut|faudra)\s+(?:pas\s+)?(?:(?:le|la|les|lui|leur|me|te|se|nous|vous|y|bien|encore|vite|bientôt|aussi|tout|tous|peut-être|sûrement|enfin|même|seulement|toujours|souvent|vraiment)\s+|(?:l|m|t|s)')?[a-zàâçéèêëîïôûùüÿœæ]+(?:er|ir|re|oir)\b|(?:^|[.!?:;]\s+|,\s+)(?:n'|ne\s+)?(?:allez|venez|viens|va|prenez|prends|tournez|tourne|regardez|regarde|écoutez|écoute|attendez|attends|entrez|asseyez-vous|assieds-toi|allons|allons-y|partons|mangeons|dis|dites|fais|faites|donne|donnez|appelle|appelez|ouvre|ouvrez|ferme|fermez|continuez|continue|traversez|traverse|excusez-moi|excuse-moi|parle|parlez|répète|répétez|cherche|cherchez|arrête|arrêtez|montre|montrez|mets|mettez|lis|lisez|écris|écrivez|essaie|essayez|choisis|choisissez|passe|passez|reste|restez|mange|mangez|bois|buvez|achète|achetez|suivez|suis-moi|sois|soyons|soyez|aie|ayons|ayez|sache|sachons|sachez|veuillez)\b	To give an instruction, drop tu or vous: Viens ! Prenez à gauche. Être and avoir: sois, aie.	Aufforderung: Verb ohne tu/vous: Viens ! Prenez à gauche. Être, avoir: sois, aie. Il faut + Verb = man muss.	Pour donner un ordre ou un conseil : Viens ! Prenez à gauche. Sois, aie, veuillez. Il faut + infinitif.	reviewed
FR2_A12_DEMONSTRATIVES	fr	A1	Determiners	demonstratives	Ce, cet, cette, ces	Ce, cet, cette, ces: Demonstrativbegleiter	Ce, cet, cette, ces : les démonstratifs	230	true	Ce, cet, cette, ces mean 'this, that, these, those' and agree with the noun: ce before a masculine noun (ce livre), cet before a masculine noun starting with a vowel or silent h (cet hôtel), cette before a feminine noun (cette table) and ces before any plural (ces gens). Add -ci (here) or -là (there) to the noun only to contrast near and far.	Use it to point at something in front of you or just mentioned, and in time phrases: ce soir, cette semaine, cet été.	ce/cet/cette/ces + noun (-ci / -là)	Ce livre is 'this' or 'that' book: French usually makes no difference; add -ci/-là only to contrast: ce livre-ci, ce livre-là. | Cet homme, cet hôtel: cet before a vowel sound, masculine only; it sounds like cette. | Ça (that) stands alone; it never goes before a noun.	✗ ce homme → ✓ cet homme | ✗ cette livre → ✓ ce livre | ✗ ça robe → ✓ cette robe	Ce gâteau est délicieux. | Cette table est libre ? | Tu connais ces gens ?	demonstratives | determiners | agreement	Je prends cette tarte et ce croissant.	cette tarte=>feminine_demonstrative=>tarte is feminine: cette||ce croissant=>masculine_demonstrative=>croissant is masculine: ce	cefr | delf_a1 | kwiziq_a1	A1.2	FR2_A11_LE_LA	FR2_A11_LE_LA	regex:\b(?:ce|cet|cette|ces)\s+(?!(?:que|qui|quoi|dont|sont|sera|serait|fut|soit|sera)\b|qu')[a-zàâçéèêëîïôûùüÿœæ]{2,}	To point at something say ce (masc.), cet (masc. before a vowel), cette (fem.), ces (plural).	Zum Zeigen: ce (männl.), cet (männl. vor Vokal), cette (weibl.), ces (Plural).	Pour montrer : ce (masculin), cet (devant une voyelle), cette (féminin), ces (pluriel).	reviewed
FR2_A12_STRESSED_PRONOUNS	fr	A1	Pronouns	stressed_pronouns	Moi, toi, lui…: chez moi, avec lui	Moi, toi, lui…: chez moi, mit ihm	Moi, toi, lui… : les pronoms toniques	240	true	Stressed pronouns (moi, toi, lui, elle, nous, vous, eux, elles) are used after a preposition (chez moi, avec lui), alone (Qui ? — Moi !), to stress the subject (Moi, je…), after c'est (c'est moi) and with aussi / non plus (moi aussi).	Use them to say where you are (chez moi), who with (avec lui), and to reply or insist: Moi aussi ! Toi, tu restes ici.	preposition + moi/toi/lui/elle/nous/vous/eux/elles; Moi, je…	Je is only ever a subject right before a verb; moi stands alone or after a preposition: Qui veut du café ? — Moi ! | Eux is the masculine (or mixed) plural: avec eux; elles the feminine plural. | English 'me' after a preposition and German 'mir/mich' are both moi: avec moi, für mich = pour moi.	✗ avec je → ✓ avec moi | ✗ chez il → ✓ chez lui | ✗ C'est je. → ✓ C'est moi. | ✗ avec ils → ✓ avec eux	Tu viens chez moi ? | Je dîne avec eux. | Moi aussi !	pronouns | stressed | prepositions	Moi, je rentre chez moi ; toi, tu vas avec lui ?	Moi, je=>emphasis=>moi highlights the subject||chez moi=>after_preposition=>after chez, moi||avec lui=>after_preposition=>after avec, lui	cefr | delf_a1 | kwiziq_a1	A1.2	FR2_A11_ETRE		regex:\b(?:chez|avec|pour|sans|après|avant|derrière|devant|à côté de|près de|comme|c'est|à|de|sauf|contre|entre)\s+(?:moi|toi|lui|eux|elles?|nous|vous)\b(?!-)|\bd'(?:elle|elles|eux)\b|\bet (?:moi|toi|lui|eux)\b|\b(?:moi|toi|lui|eux|nous|vous) (?:aussi|non plus|-même)\b|(?:^|[.!?]\s+)(?:moi|toi|lui|eux|elle|elles|nous|vous),	After chez, avec, pour or alone, say moi, toi, lui, elle, nous, vous, eux, elles.	Nach chez, avec, pour oder allein: moi, toi, lui, elle, nous, vous, eux, elles.	Après chez, avec, pour, ou seul, on dit moi, toi, lui, elle, nous, vous, eux, elles.	reviewed
FR2_A12_CEST_IL_EST	fr	A1	Syntax	cest_vs_il_est	C'est vs il/elle est	C'est oder il/elle est	C'est ou il/elle est	250	true	C'est (plural ce sont) comes before a determiner + noun (c'est un ami), a name (c'est Paul), a stressed pronoun (c'est moi) or a general comment (c'est bon, c'est cher). Il est / elle est comes before a bare adjective about a specific person or thing (elle est gentille) and before a job or nationality without an article (il est médecin).	Use it to present people and things and to comment on them.	c'est + un/une/le/mon… + noun / name / moi; il/elle est + adjective / job (no article)	C'est un médecin vs il est médecin: no article after il est. | C'est bon ! comments on a whole situation; il est bon (it is good) talks about one masculine thing, e.g. the bread. | English 'he is a doctor' keeps 'a'; French drops it after il est.	✗ Il est un médecin. → ✓ Il est médecin. / C'est un médecin. | ✗ Elle est Margaux. → ✓ C'est Margaux. | ✗ C'est professeur. → ✓ Elle est professeur.	C'est mon frère. Il est architecte. | C'est une belle ville. | Elle est très gentille.	cest | il_est | presentation	C'est Paul, mon voisin. Il est infirmier.	C'est Paul=>presentation=>c'est + a name||Il est infirmier=>profession=>il est + job, no article	cefr | delf_a1 | kwiziq_a1	A1.2	FR2_A11_ETRE | FR2_A11_ADJ_AGREEMENT		regex:\bc'est\s+(?!-|pourquoi\b)[a-zàâçéèêëîïôûùüÿœæ]|\bce sont\b|\bce n'est pas\b|\b(?:il|elle) est\s+(?!un\b|une\b|(?:allé|parti|venu|revenu|arrivé|né|mort|sorti|entré|resté|tombé|monté|descendu|rentré|retourné|devenu|passé|reparti)(?:e|s|es)?\b|[a-zàâçéèêëîïôûùüÿœæ]+\s+heures?\b|(?:midi|minuit|temps|tard|tôt|là|déjà|en|à|dans|chez|ici|où|pas|ne)\b)[a-zàâçéèêëîïôûùüÿœæ]{3,}	Use c'est before un/une or a name, il est or elle est before an adjective or a job.	C'est vor un/une oder einem Namen; il/elle est vor einem Adjektiv oder Beruf (ohne Artikel).	C'est devant un/une ou un nom propre ; il/elle est devant un adjectif ou une profession seule.	reviewed
FR2_A12_QUEL_EXCLAMATIF	fr	A1	Syntax	quel_exclamative	Quelle belle vue ! Exclamations with quel	Quelle belle vue ! Ausrufe mit quel	Quelle belle vue ! L'exclamation avec quel	255	false	Quel + noun (often with an adjective) makes an exclamation: Quel dommage ! Quelle belle vue ! Quel agrees with its noun (quel, quelle, quels, quelles, all pronounced the same) and there is no article after it. To react to an adjective alone, French says Que c'est… ! or Comme c'est… !	Use it to react: to admire, complain or show surprise in conversation and messages.	Quel / Quelle / Quels / Quelles (+ adjective) + noun ! ; Que c'est + adjective ! / Comme c'est + adjective !	English 'What a…!' and German 'Was für ein…!' have an article; French does not: Quelle surprise ! | Quelle heure est-il ? asks; Quelle surprise ! exclaims: the same word, a different tone. | With an adjective alone, use Que c'est beau ! or Comme c'est beau !, never ✗ Quel beau !	✗ Quelle une surprise ! → ✓ Quelle surprise ! | ✗ Quel belle vue ! → ✓ Quelle belle vue ! | ✗ Quel beau ! → ✓ Que c'est beau ! | ✗ Comment c'est beau ! → ✓ Comme c'est beau !	Quelle belle vue ! | Quel dommage ! | Quelle bonne idée ! | Que c'est beau !	exclamation | quel | agreement | reactions	Quelle belle vue ! Et quel calme, ici !	Quelle belle vue=>exclamation=>quelle: vue is feminine; no article||quel calme=>exclamation=>quel: calme is masculine	cefr | delf_a1 | kwiziq_a1	A1.2	FR2_A11_QUESTION_WORDS | FR2_A11_ADJ_AGREEMENT	FR2_A11_QUESTION_WORDS	regex:\bquel(?:le)?s?\s+(?:[a-zàâçéèêëîïôûùüÿœæ]+\s+){0,2}?[a-zàâçéèêëîïôûùüÿœæ]+\s*!|\b(?:que|comme|qu')\s*(?:c'est|il est|elle est|tu es|vous êtes|il fait|ils sont|elles sont)\s+[a-zàâçéèêëîïôûùüÿœæ]+[^.?!]*!	To exclaim, say quel/quelle + noun, with no article: Quelle belle vue ! Quel dommage !	Ausruf: quel/quelle + Nomen, ohne Artikel: Quelle belle vue ! Quel dommage !	Pour s'exclamer : quel/quelle + nom, sans article : Quelle belle vue ! Quel dommage !	reviewed
FR2_A12_NUMBERS_BIG	fr	A1	Numbers	numbers_70_plus	Numbers from 70: soixante-dix, quatre-vingts, cent, mille	Zahlen ab 70: soixante-dix, quatre-vingts, cent, mille	Les nombres à partir de 70	260	true	In France, 70–79 are counted from soixante: soixante-dix (60 + 10), soixante et onze, soixante-douze… 80 is quatre-vingts (4 × 20) and 81–99 are quatre-vingt-un… quatre-vingt-dix-neuf. Then cent (100) and mille (1 000). Quatre-vingts and deux cents… keep their -s only at the very end of the number (quatre-vingt-trois, deux cent dix); mille never takes -s.	Use them for prices, years (deux mille vingt-six), addresses and phone numbers, which are said in pairs: 06 78 91 … = zéro six, soixante-dix-huit, quatre-vingt-onze.	soixante-dix, soixante et onze, soixante-douze; quatre-vingts, quatre-vingt-un, quatre-vingt-dix; cent, deux cents, mille	71 has et (soixante et onze); 81 and 91 do not (quatre-vingt-un, quatre-vingt-onze). | Belgium and Switzerland say septante and nonante; France does not. | Years: deux mille vingt-six, or mille neuf cent quatre-vingt-dix.	✗ quatre-vingts-cinq → ✓ quatre-vingt-cinq | ✗ quatre-vingt-et-un → ✓ quatre-vingt-un | ✗ deux milles → ✓ deux mille | ✗ septante (in France) → ✓ soixante-dix	Ça coûte quatre-vingt-dix euros. | Il habite au soixante-quinze, rue de la Gare. | J'ai payé deux cents euros.	numbers | prices | years	Le billet coûte quatre-vingt-quinze euros.	quatre-vingt-quinze=>compound_number=>4 × 20 + 15; no -s because a number follows	cefr | delf_a1 | kwiziq_a1	A1.2	FR2_A11_NUMBERS		regex:\b(?:soixante(?:[- ]et[- ]onze|-(?:dix|douze|treize|quatorze|quinze|seize|dix-sept|dix-huit|dix-neuf))|quatre-vingts?(?:-[a-zàâçéèêëîïôûùüÿœæ]+)*|(?:deux|trois|quatre|cinq|six|sept|huit|neuf)\s+cents?|cent|mille)\b	70 is soixante-dix (60+10), 80 quatre-vingts (4×20), 90 quatre-vingt-dix; then cent, mille.	70 = soixante-dix (60+10), 80 = quatre-vingts (4×20), 90 = quatre-vingt-dix; dann cent, mille.	70 se dit soixante-dix, 80 quatre-vingts, 90 quatre-vingt-dix ; puis cent et mille.	reviewed
FR2_A12_TIME	fr	A1	Numbers	telling_time	Telling the time: il est trois heures	Uhrzeit: il est trois heures	L'heure : il est trois heures	270	false	The time is given with il est + number + heure(s): il est trois heures, il est une heure. Then add the minutes (trois heures dix), et quart, et demie, moins le quart, moins dix; midi and minuit have no heures. À + time says when something happens: à huit heures. Timetables use the 24-hour clock: 18 h 30.	Use it to ask and tell the time (Quelle heure est-il ?) and to set appointments (À quelle heure ?).	il est + N heure(s) (+ minutes / et quart / et demie / moins le quart); à + time	Il est trois heures (now) vs à trois heures (at three). | German halb drei is 2:30: deux heures et demie, not ✗ trois heures et demie. | Demie agrees with heure: une heure et demie; but midi et demi, minuit et demi.	✗ C'est trois heures. → ✓ Il est trois heures. | ✗ Il est trois. → ✓ Il est trois heures. | ✗ une heure et demi → ✓ une heure et demie	Il est dix heures moins le quart. | Le cours commence à neuf heures. | À quelle heure part le train ? | Il est huit heures.	time | numbers | appointments	Il est midi et demi ; on se retrouve à deux heures ?	Il est midi et demi=>telling_time=>il est + the time; midi is masculine: et demi||à deux heures=>time_of_event=>à + time for when	cefr | delf_a1 | kwiziq_a1	A1.2	FR2_A11_NUMBERS		regex:\bil est\s+(?:[a-zàâçéèêëîïôûùüÿœæ]+(?:-[a-zàâçéèêëîïôûùüÿœæ]+)?\s+heures?|midi|minuit)\b|\bà\s+(?:[a-zàâçéèêëîïôûùüÿœæ]+(?:-[a-zàâçéèêëîïôûùüÿœæ]+)?\s+heures?|midi|minuit|\d{1,2}\s?h)\b|\bquelle heure\b|\b\d{1,2}\s?h\s?\d{2}\b|\b(?:heures?|midi|minuit) (?:et quart|et demie?|moins le quart|moins (?:dix|vingt|cinq))\b	Say the time with il est … heure(s): il est huit heures et quart; at eight is à huit heures.	Uhrzeit mit il est … heure(s): il est huit heures et quart; um acht = à huit heures.	Pour l'heure : il est huit heures et quart, il est midi et demi, à quelle heure ?	reviewed
FR2_A12_DAYS_DATES	fr	A1	Numbers	days_dates	Days, months, dates: le lundi, le 3 mai	Tage, Monate, Datum: le lundi, le 3 mai	Les jours, les mois, la date	280	false	A date is le + number + month: le 3 mai, le quinze avril; only the 1st is le premier. Days and months take no capital letter. A day without an article means one particular day (lundi, je travaille = this Monday); le + day means every such day (le lundi, je travaille = on Mondays). Months take en: en mai.	Use it for appointments, birthdays, holidays and schedules.	le + number + month (+ year); lundi (this Monday) / le lundi (every Monday); en mai	Lundi, je travaille (this Monday) vs le lundi, je travaille (every Monday). English 'on Monday' and German 'am Montag' take no article; 'on Mondays / montags' is le lundi. | Days and months take no capital letter in French. | No de between the number and the month: le trois mai.	✗ le trois de mai → ✓ le trois mai | ✗ le un janvier → ✓ le premier janvier | ✗ dans mai → ✓ en mai | ✗ Le rendez-vous est Lundi 3 Mars. → ✓ Le rendez-vous est lundi 3 mars.	On est le quinze avril. | Le samedi, je fais le marché. | Mon anniversaire est en juillet.	dates | days | months	Le rendez-vous est lundi 3 mars ; le mardi, je travaille.	lundi 3 mars=>specific_date=>one particular day: no article needed||le mardi=>habit=>le + day = every Tuesday	cefr | delf_a1 | kwiziq_a1	A1.2	FR2_A11_NUMBERS | FR2_A11_LE_LA		regex:\b(?:le\s+)?(?:premier|1er|\d{1,2}|un|une|deux|trois|quatre|cinq|six|sept|huit|neuf|dix|onze|douze|treize|quatorze|quinze|seize|vingt|trente)(?:[- ][a-zàâçéèêëîïôûùüÿœæ]+)?\s+(?:janvier|février|mars|avril|mai|juin|juillet|août|septembre|octobre|novembre|décembre)\b|\ble\s+(?:lundi|mardi|mercredi|jeudi|vendredi|samedi|dimanche)\b|\b(?:en|au mois de|au mois d')\s*(?:janvier|février|mars|avril|mai|juin|juillet|août|septembre|octobre|novembre|décembre)\b|\b(?:lundi|mardi|mercredi|jeudi|vendredi|samedi|dimanche)\s+(?:\d{1,2}|premier|prochain|dernier)\b	Dates are le + number + month: le 3 mai, le premier mai; le lundi means every Monday.	Datum: le + Zahl + Monat: le 3 mai; le premier für den 1.; le lundi heißt jeden Montag.	La date : le 3 mai, le premier janvier ; lundi = ce lundi-ci, le lundi = chaque lundi.	reviewed
FR2_A12_IR_RE_VERBS	fr	A1	Verbs	present_ir_re	Present of -ir and -re verbs (finir, partir, attendre)	Präsens der Verben auf -ir und -re (finir, partir, attendre)	Le présent des verbes en -ir et -re	290	true	Three present patterns besides -er. Finir type (-ir with -iss- in the plural): je finis, il finit, nous finissons, ils finissent. Partir type (the consonant before -ir drops in the singular): je pars, il part, nous partons, ils partent; also sortir, dormir. -re verbs like attendre: j'attends, il attend (no ending), nous attendons, ils attendent. The singular endings are silent.	Use them for everyday actions: finir, choisir, partir, sortir, dormir, attendre, répondre, vendre, entendre, descendre.	finir: fin-is / -is / -it / -issons / -issez / -issent; partir: par-s / -s / -t, part-ons / -ez / -ent; attendre: attend-s / -s / –, -ons / -ez / -ent	-er verbs end in -e in the singular (je parle); these end in -s/-s/-t (je finis, il finit) or -s/-s/– (il attend). | Il attend has no -t: the d is already there. | Partir is not like finir: nous partons, not ✗ nous partissons.	✗ nous finons → ✓ nous finissons | ✗ je sort → ✓ je sors | ✗ il attendt → ✓ il attend | ✗ ils partissent → ✓ ils partent	Je finis à cinq heures. | Le train part dans dix minutes. | Vous attendez le bus ?	present | ir_verbs | re_verbs | conjugation	Je pars quand tu finis, et nous attendons Paul.	pars=>dropped_consonant=>partir: je pars||finis=>ir_ending=>finir: tu finis||attendons=>re_ending=>attendre: nous attendons	cefr | delf_a1 | kwiziq_a1	A1.2	FR2_A11_ER_VERBS		regex:\b(?:finis|finit|finissons|finissez|finissent|choisis|choisit|choisissons|choisissez|choisissent|réussis|réussit|réussissons|réussissez|réussissent|pars|partons|partez|partent|sors|sortons|sortez|sortent|dors|dort|dormons|dormez|dorment|sers|sert|servons|servez|servent|attends|attend|attendons|attendez|attendent|réponds|répond|répondons|répondez|répondent|vends|vend|vendons|vendez|vendent|descends|descend|descendons|descendez|descendent|entends|entend|entendons|entendez|entendent|perds|perd|perdons|perdez|perdent)\b|\b(?:je|tu|il|elle|on|qui|ne|n')\s*(?:ne\s+|n')?(?:part|sort)\b|\b(?:part|sort)(?:-(?:il|elle|on)\b|\s+(?:le|la|les|l'|à|au|en|dans|demain|ce|tôt|tard|bientôt|maintenant)\b)|\b(?:le|la|les|mon|ton|son|ce|cette)\s+[a-zàâçéèêëîïôûùüÿœæ]+\s+(?:part|sort)\b	Three patterns: je finis, nous finissons; je pars, nous partons; j'attends, il attend (no -t).	Drei Muster: je finis, nous finissons; je pars, nous partons; j'attends, il attend (ohne -t).	Trois modèles : je finis, nous finissons ; je pars, nous partons ; j'attends, il attend (sans -t).	reviewed
FR2_A12_ER_SPELLING	fr	A1	Verbs	present_er_spelling_change	-er verbs that change spelling: nous mangeons, j'achète, j'appelle	-er-Verben mit Schreibänderung: nous mangeons, j'achète, j'appelle	Les verbes en -er qui changent : nous mangeons, j'achète, j'appelle	295	false	Some regular -er verbs change their spelling to keep their sound. -ger and -cer verbs keep a soft g or c before -ons: nous mangeons, nous commençons. Verbs with e or é in the last syllable of the stem write è when the ending is silent: j'achète, je préfère, ils se lèvent, but nous achetons, vous préférez. Appeler and jeter double the consonant instead: j'appelle, je jette (nous appelons). -yer verbs change y to i before a silent e: je paie, j'essaie, il envoie (nous payons).	Use it with frequent everyday verbs: manger, voyager, commencer, acheter, se lever, se promener, préférer, espérer, répéter, appeler, payer, essayer, envoyer.	nous mangeons, nous commençons; j'achète, je préfère (nous achetons, vous préférez); j'appelle, je jette (nous appelons); je paie, j'envoie (nous payons)	The change follows the sound: with a silent ending (-e, -es, -ent) the stem changes (j'achète, j'appelle); with a spoken ending (-ons, -ez) it does not (nous achetons, vous appelez). | -ger and -cer change only with nous: nous mangeons, but vous mangez. | -ayer verbs accept both spellings: je paie or je paye.	✗ nous mangons → ✓ nous mangeons | ✗ nous commencons → ✓ nous commençons | ✗ j'achete → ✓ j'achète | ✗ je m'appele → ✓ je m'appelle | ✗ nous achètons → ✓ nous achetons	Nous mangeons à midi. | J'achète le pain ici. | Je préfère le thé. | Comment tu t'appelles ? | Je paie par carte.	present | er_verbs | spelling | conjugation	Le matin, nous commençons tôt : j'achète un croissant et je paie par carte.	commençons=>cedilla=>ç keeps the soft s sound before -ons||achète=>grave_accent=>è before a silent ending||paie=>y_to_i=>payer: y becomes i before a silent e	cefr | delf_a1 | kwiziq_a1	A1.2	FR2_A11_ER_VERBS	FR2_A11_ER_VERBS	regex:\b(?:(?:man|na|voya|parta|chan|ran|bou|mélan|arran|déran|cor|diri|exi|ju|nei|obli|prote|interro|plon|ron|son|allon|ména)geons|(?:commen|avan|lan|pla|annon|rempla|pronon|effa|rela|dépla)çons|(?:achète|lève|amène|emmène|promène|enlève|pèse|préfère|espère|répète|considère|possède|suggère|gèle|appelle|rappelle|épelle|jette|rejette|feuillette|paie|essaie|envoie|renvoie|nettoie|emploie|ennuie|essuie|appuie)(?:s|nt)?)\b	Some -er verbs change spelling to keep their sound: nous mangeons, j'achète, j'appelle, je paie.	Manche -er-Verben ändern die Schreibung für den Klang: nous mangeons, j'achète, j'appelle, je paie.	Certains verbes en -er changent pour garder leur son : nous mangeons, j'achète, j'appelle, je paie.	reviewed
FR2_A12_FREQUENCY	fr	A1	Adverbs	frequency_adverbs	Toujours, souvent, parfois: how often	Toujours, souvent, parfois: wie oft	Toujours, souvent, parfois : la fréquence	300	false	Frequency adverbs (toujours, souvent, parfois, quelquefois, rarement) go right after the conjugated verb: je vais souvent au cinéma. Longer expressions (tous les jours, le week-end, une fois par semaine, de temps en temps) go at the start or the end of the sentence.	Use it to describe habits and routines.	subject + verb + toujours/souvent/parfois/rarement; tous les jours / une fois par semaine	English puts 'often' before the verb (I often go); French puts it after: je vais souvent. | Jamais needs ne: je ne vais jamais au cinéma (A2.1, negative words). | Once a week = une fois par semaine (par, not dans).	✗ Je souvent vais au cinéma. → ✓ Je vais souvent au cinéma. | ✗ tous les jour → ✓ tous les jours | ✗ une fois dans la semaine → ✓ une fois par semaine	Je bois toujours un café le matin. | On mange parfois au restaurant. | Il fait du sport deux fois par semaine.	adverbs | frequency | routine | word_order	Je prends souvent le métro, mais le week-end, je prends mon vélo.	prends souvent=>adverb_after_verb=>souvent goes right after the verb||le week-end=>time_expression=>longer expressions go at the start or the end	cefr | delf_a1 | kwiziq_a1	A1.2	FR2_A11_ER_VERBS		regex:\b[a-zàâçéèêëîïôûùüÿœæ]+\s+(?:toujours|souvent|parfois|quelquefois|rarement)\b|\b(?:tous les (?:jours|matins|soirs|ans|week-ends)|toutes les semaines|chaque (?:jour|semaine|matin|soir|année|mois)|(?:une|deux|trois|quatre) fois par (?:jour|semaine|mois|an)|de temps en temps|d'habitude)\b	How-often words usually go right after the verb: je vais souvent au cinéma.	Häufigkeitswörter stehen meist direkt nach dem Verb: je vais souvent au cinéma.	Les mots de fréquence se placent en général juste après le verbe : je vais souvent au cinéma.	reviewed
FR2_A12_PLACE_PREPOSITIONS	fr	A1	Prepositions	place_prepositions	Dans, sur, sous, devant, à côté de	Dans, sur, sous, devant, à côté de	Dans, sur, sous, devant, à côté de	310	false	Simple place prepositions (dans, sur, sous, devant, derrière, entre, chez) take the noun directly: sur la table. Compound ones end in de (à côté de, en face de, près de, loin de, au bout de), and that de contracts with le and les: à côté du café, près des magasins.	Use them to say where things and places are and to give directions.	dans / sur / sous / devant / derrière / entre + noun; à côté de / en face de / près de / loin de + noun (du, des)	À côté de + le = à côté du; the de contracts. | Chez + person: chez le médecin, chez moi. | English 'on the bus / in the street' and German 'auf der Straße' are dans: dans le bus, dans la rue.	✗ à côté de le café → ✓ à côté du café | ✗ en face la gare → ✓ en face de la gare | ✗ sur le bus → ✓ dans le bus | ✗ sur la rue → ✓ dans la rue	Les clés sont sur la table. | La pharmacie est en face de la poste. | Le chat dort sous le lit.	prepositions | place | directions	La boulangerie est à côté du cinéma, en face de la gare.	à côté du=>compound_preposition=>à côté de + le = du||en face de la gare=>compound_preposition=>en face de + noun	cefr | delf_a1 | kwiziq_a1	A1.2	FR2_A11_CONTRACTIONS		regex:\b(?:à côté|en face|près|loin|au bout|autour|au-dessus|au-dessous|au milieu)\s+(?:de|du|des|d')|\b(?:sur|sous|devant|derrière|entre)\s+(?:le|la|l'|les|un|une|mon|ma|mes|ton|ta|son|sa|ce|cet|cette|ces)\b	Dans (in), sur (on), sous (under), devant (in front of), derrière (behind), à côté de (next to).	Dans (in), sur (auf), sous (unter), devant (vor), derrière (hinter), à côté de (neben).	Pour situer : dans, sur, sous, devant, derrière, entre, à côté de, en face de, près de.	reviewed
FR2_A12_QUANTITIES	fr	A1	Determiners	quantities_de	Un peu de, beaucoup de, un kilo de	Un peu de, beaucoup de, un kilo de	Un peu de, beaucoup de, un kilo de	320	true	After a word of quantity (beaucoup, un peu, trop, assez, combien, pas) or a measure or container (un kilo, une bouteille, un verre, une tranche), French uses only de/d' + noun, with no article: beaucoup de sucre, un kilo de tomates, une bouteille d'eau.	Use it to shop, cook and order exact amounts.	quantity / container + de / d' + noun (no article)	Je voudrais du sucre (some) but beaucoup de sucre (a lot): the article disappears. | German says ein Kilo Tomaten with nothing between; French needs de: un kilo de tomates. | La plupart des and bien des are exceptions (B2).	✗ beaucoup du sucre → ✓ beaucoup de sucre | ✗ un kilo des pommes → ✓ un kilo de pommes | ✗ un kilo tomates → ✓ un kilo de tomates | ✗ une bouteille de l'eau → ✓ une bouteille d'eau	Je voudrais un kilo de tomates. | Il y a trop de monde. | Vous avez assez de temps ?	quantity | de | shopping	Je prends un peu de fromage et une bouteille de vin.	un peu de fromage=>quantity_de=>quantity + de, no article||une bouteille de vin=>container_de=>container + de	cefr | delf_a1 | kwiziq_a1	A1.2	FR2_A11_PARTITIVE	FR2_A11_PARTITIVE	regex:\b(?:beaucoup|peu|un peu|trop|assez|combien|plein|kilo|kilos|gramme|grammes|litre|litres|bouteille|bouteilles|verre|verres|tasse|tasses|morceau|morceaux|tranche|tranches|paquet|paquets|boîte|boîtes|pot|pots|douzaine|part|parts|carafe|plus|moins|autant)\s+(?:de\s+|d')(?!la\b|le\b|les\b|l')[a-zàâçéèêëîïôûùüÿœæ]+	After a quantity word, use only de: beaucoup de sucre, un kilo de pommes, une bouteille d'eau.	Nach Mengenangaben nur de: beaucoup de sucre, un kilo de pommes, une bouteille d'eau.	Après une quantité, on met seulement de : beaucoup de sucre, un kilo de pommes, une bouteille d'eau.	reviewed
FR2_A12_CONNECTORS	fr	A1	Connectors	et_mais_parce_que	Et, mais, ou, parce que	Et, mais, ou, parce que	Et, mais, ou, parce que	330	true	Et (and), mais (but) and ou (or) join two parts of equal weight. Parce que (because) gives a reason and answers pourquoi ; it becomes parce qu' before a vowel. The word order after parce que is the normal order: subject + verb.	Use them to join short sentences and to explain why.	clause + et/mais/ou + clause; clause + parce que + clause	Ou (or) has no accent; où (where) does. | Unlike German weil, parce que does not send the verb to the end: parce que je suis fatigué. | Car (for) is written and formal; in speech, give reasons with parce que.	✗ parce que il pleut → ✓ parce qu'il pleut | ✗ …parce que je fatigué suis → ✓ …parce que je suis fatigué | ✗ Tu veux du thé où du café ? → ✓ Tu veux du thé ou du café ?	J'aime le thé, mais je préfère le café. | Je reste ici parce qu'il pleut. | Tu veux du vin ou de l'eau ?	connectors | cause | coordination	Je suis fatigué, mais je sors parce que c'est ton anniversaire.	mais=>contrast_connector=>but: an opposition||parce que=>cause_connector=>because: the reason	cefr | delf_a1 | kwiziq_a1	A1.2	FR2_A11_ER_VERBS		regex:\bparce qu(?:e|')|\bmais\b|\bou\b(?! bien que)	Link ideas with et (and), mais (but), ou (or), and give reasons with parce que (because).	Ideen verbinden mit et (und), mais (aber), ou (oder); Gründe mit parce que (weil, ohne Verb am Ende).	On relie les idées avec et, mais, ou ; on explique avec parce que.	reviewed
FR2_A12_PC_CHUNKS	fr	A1	Tenses	passe_compose_chunks	First past: j'ai mangé, j'ai fait, j'ai pris	Erste Vergangenheit: j'ai mangé, j'ai fait, j'ai pris	Premier passé : j'ai mangé, j'ai fait, j'ai pris	340	true	A first look at the passé composé with avoir: avoir in the present + the past participle. -er verbs make it with -é (manger → mangé); a handful of frequent verbs have their own form: fait, pris, vu, bu, eu, été, dit, lu. It tells what you did: hier, j'ai mangé au restaurant.	Use it to say what you did yesterday, last weekend or on holiday.	j'ai / tu as / il a / nous avons / vous avez / ils ont + mangé / fait / pris / vu	Hier, j'ai mangé (a finished action) vs je mange (now). | English 'I ate' and 'I have eaten' are both j'ai mangé. | Movement verbs like aller use être (je suis allé): A2.1.	✗ Hier je mange au restaurant. → ✓ Hier, j'ai mangé au restaurant. | ✗ J'ai manger. → ✓ J'ai mangé. | ✗ J'ai prendu un taxi. → ✓ J'ai pris un taxi. | ✗ Je suis mangé. → ✓ J'ai mangé.	Hier, j'ai travaillé jusqu'à huit heures. | Tu as vu le film ? | On a pris un taxi.	passe_compose | past | chunks | avoir	Ce week-end, j'ai fait du vélo et j'ai mangé chez ma mère.	j'ai fait=>irregular_participle=>faire → fait||j'ai mangé=>regular_participle=>manger → mangé	cefr | delf_a1 | kwiziq_a1	A1.2	FR2_A11_AVOIR | FR2_A11_ER_VERBS	FR2_A11_AVOIR	regex:\b(?:j'ai|tu as|il a|elle a|on a|nous avons|vous avez|ils ont|elles ont)\s+(?:(?:déjà|bien|beaucoup|trop|souvent|toujours|enfin|aussi|vite|tout|mal)\s+)?(?:[a-zàâçéèêëîïôûùüÿœæ]+é|fait|pris|appris|compris|vu|bu|eu|été|dit|lu|mis|écrit|fini|choisi|dormi|attendu|entendu|perdu|vendu|répondu|pu|voulu|dû|su|reçu|ouvert|offert)\b	To say what you did: j'ai + the -é form (j'ai mangé), plus j'ai fait, j'ai pris, j'ai vu.	Was man gemacht hat: j'ai + -é-Form: j'ai mangé, j'ai parlé; dazu j'ai fait, j'ai pris, j'ai vu.	Pour dire ce qu'on a fait : j'ai + forme en -é (j'ai mangé), et j'ai fait, j'ai pris.	reviewed
FR2_A21_PC_AVOIR	fr	A2	Tenses	passe_compose_avoir	Passé composé with avoir, regular and irregular participles	Passé composé mit avoir: regelmäßige und unregelmäßige Partizipien	Le passé composé avec avoir : formes régulières et irrégulières	350	true	The passé composé is avoir in the present (ai, as, a, avons, avez, ont) + the past participle. Regular participles: -er verbs → -é (parler → parlé), most -ir verbs → -i (finir → fini), many -re verbs → -u (attendre → attendu). The frequent irregular ones must be learned: avoir → eu, être → été, faire → fait, prendre → pris, mettre → mis, dire → dit, écrire → écrit, ouvrir → ouvert, voir → vu, boire → bu, lire → lu, pouvoir → pu, vouloir → voulu, devoir → dû, savoir → su, connaître → connu. Most verbs take avoir, including many verbs of movement: marcher, courir, nager, voyager, conduire.	Use it for finished events, often with a time marker (hier, ce matin, samedi, l'année dernière): what you did yesterday, at the weekend, on holiday or at work. One French form covers English 'I ate' and 'I have eaten', and German 'ich aß' and 'ich habe gegessen'.	subject + ai/as/a/avons/avez/ont + participle (-é, -i, -u, or irregular)	A1.2 taught j'ai mangé, j'ai fait as fixed chunks; this unit builds the system so any verb can go into the past. | About fifteen verbs of movement or change (aller, venir, partir, arriver, rester…) take être instead: see Passé composé with être. | German uses sein with fahren, laufen, schwimmen, fliegen, reisen; French uses avoir with conduire, courir, nager, voyager: j'ai couru, j'ai nagé.	✗ J'ai prendu le train. → ✓ J'ai pris le train. | ✗ Hier, j'ai regarder un film. → ✓ Hier, j'ai regardé un film. | ✗ Je suis nagé dans la mer. → ✓ J'ai nagé dans la mer.	Hier soir, j'ai regardé un film avec des amis. | Nous avons fini le projet vendredi. | Tu as vu le message de Julie ? | Ce week-end, on a fait une longue promenade.	passe_compose | avoir | participle | past | irregular	Ce matin, j'ai pris un café et j'ai lu le journal.	j'ai pris=>irregular_participle=>avoir + pris (prendre → pris)||j'ai lu=>irregular_participle=>avoir + lu (lire → lu)	cefr | delf_a2 | kwiziq_a2	A2.1	FR2_A12_PC_CHUNKS		regex:\b(?:j'ai|(?<!y\s)(?<!il\sy\s)(?:ai|as|a)|avons|avez|ont)\s+(?:(?:pas|plus|jamais|rien|déjà|bien|beaucoup|trop|mal|tout|enfin|toujours|encore|vite|souvent|vraiment|pas encore)\s+){0,2}(?!(?:du|que|qui|ni|si|lui|celui|puis|depuis|ici|aussi|ainsi|parmi|midi|lundi|mardi|mercredi|jeudi|vendredi|samedi|ami|souci|congé|peu|feu|jeu|lieu|bleu|beaucoup|eu\w)\b)(?:[a-zàâçéèêëîïôûùœ]+é|[a-zàâçéèêëîïôûùœ]+i|[a-zàâçéèêëîïôûùœ]+u|[a-zàâçéèêëîïôûùœ]*(?:pris|mis|dit|crit|fait|duit|struit|vert|fert|eint|aint|oint)|eu|été|dû|né)(?:e|s|es)?\b	Most verbs say the past with avoir + the -é/-i/-u form: j'ai parlé, j'ai fini, j'ai vu.	Die meisten Verben bilden die Vergangenheit mit avoir + der Form auf -é/-i/-u: j'ai parlé, j'ai fini, j'ai vu.	La plupart des verbes : avoir + participe en -é/-i/-u : j'ai parlé, j'ai fini, j'ai vu.	reviewed
FR2_A21_PC_ETRE	fr	A2	Tenses	passe_compose_etre	Passé composé with être, and agreement	Passé composé mit être und Angleichung	Le passé composé avec être et l'accord	360	true	About fifteen verbs of movement or change of state, and the verbs built on them, form the passé composé with être: aller, venir (revenir, devenir), arriver, partir, entrer, rentrer, sortir, monter, descendre, naître, mourir, rester, tomber, retourner, passer (par). With être the participle agrees with the subject like an adjective: + e for a feminine subject, + s for a plural one, + es for a feminine plural (elle est partie, ils sont arrivés, elles sont restées).	Use it to say where you went, when you arrived or left, where you stayed, and for being born or dying.	subject + suis/es/est/sommes/êtes/sont + participle (+ e / + s / + es)	Most verbs take avoir (j'ai mangé); only this movement and change-of-state group takes être, and only then does the participle agree with the subject. | Not every movement verb: marcher, courir, nager, voyager, conduire take avoir (j'ai marché), even where German uses sein (ich bin gelaufen). | Pronominal verbs also take être (je me suis levé): see Pronominal verbs in the passé composé. | Sortir, monter, descendre, passer take avoir when they have a direct object: j'ai sorti la poubelle.	✗ J'ai allé au cinéma. → ✓ Je suis allé au cinéma. | ✗ Elle est parti à huit heures. → ✓ Elle est partie à huit heures. | ✗ Nous sommes marchés jusqu'à la gare. → ✓ Nous avons marché jusqu'à la gare.	Elle est partie au travail à huit heures. | Nous sommes arrivés à Lyon vers midi. | Mes parents sont venus dîner samedi. | Je suis resté à la maison tout le week-end.	passe_compose | etre | agreement | movement_verbs | past	Marie est arrivée hier et ses frères sont restés à Paris.	est arrivée=>agreement=>arriver takes être; + e because Marie is feminine||sont restés=>agreement=>rester takes être; + s because ses frères is plural	cefr | delf_a2 | kwiziq_a2	A2.1	FR2_A21_PC_AVOIR | FR2_A11_ALLER_VENIR	FR2_A21_PC_AVOIR	regex:\b(?:suis|es|est|sommes|êtes|sont)\s+(?:(?:pas|plus|jamais|bien|déjà|enfin|encore|vite|tous|toutes|pas encore)\s+){0,2}(?:allé|venu|revenu|devenu|parvenu|intervenu|arrivé|parti|reparti|entré|rentré|sorti|ressorti|monté|remonté|descendu|redescendu|né|mort|resté|tombé|retombé|retourné|passé|repassé)(?:e|s|es)?\b	Aller, venir, partir, arriver, rester and similar verbs use être, and the participle agrees: elle est partie.	Aller, venir, partir, arriver, rester und ähnliche Verben nehmen être, und die Form passt sich an: elle est partie.	Aller, venir, partir, arriver, rester… se conjuguent avec être, et le participe s'accorde : elle est partie.	reviewed
FR2_A21_PC_NEGATION	fr	A2	Negation	negation_compound	Negation in the passé composé: je n'ai pas vu	Verneinung im Passé composé: je n'ai pas vu	La négation au passé composé : je n'ai pas vu	370	false	In compound tenses ne (n' before a vowel) goes before the auxiliary avoir/être and pas after it, so the participle comes after pas: je n'ai pas vu, elle n'est pas venue. Plus, jamais and rien take the same place (je n'ai jamais vu, je n'ai rien compris); personne is the exception and goes after the participle (je n'ai vu personne). Object and reflexive pronouns stay inside the frame, next to the auxiliary: je ne l'ai pas vu, je ne me suis pas levé.	Use it to say what you did not do or what did not happen: you didn't get the message, he didn't come, you haven't booked yet.	subject + ne/n' + avoir/être + pas + participle	In the present, ne…pas surrounds the one verb (je ne mange pas); in the passé composé it surrounds avoir/être, never the participle. | Pas encore = not yet, and it sits in the same place: je n'ai pas encore réservé. | In speech people often drop ne (j'ai pas vu); in writing, keep it.	✗ Je n'ai vu pas le film. → ✓ Je n'ai pas vu le film. | ✗ Je ne ai pas fini. → ✓ Je n'ai pas fini. | ✗ Elle n'a pas venue. → ✓ Elle n'est pas venue.	Je n'ai pas eu le temps de manger. | Il n'est pas venu à la réunion. | On n'a pas encore réservé l'hôtel.	negation | passe_compose | ne_pas | word_order	Désolé, je n'ai pas reçu ton message.	n'ai pas=>negative_frame=>ne…pas goes around avoir||reçu=>participle=>the participle comes after pas	cefr | delf_a2 | kwiziq_a2	A2.1	FR2_A21_PC_AVOIR | FR2_A11_NEGATION		regex:\b(?:n'(?:y\s+|en\s+)?|ne\s+(?:(?:me|te|se|nous|vous|le|la|les|lui|leur)\s+)?(?:[lmts]'(?:y\s+|en\s+)?)?)(?:(?:ai|as|a|avons|avez|ont)\s+(?:pas|plus|jamais|rien|pas encore|toujours pas)\s+(?:encore\s+)?(?!(?:du|que|qui|ni|si|lui|celui|puis|depuis|ici|aussi|ainsi|parmi|midi|lundi|mardi|mercredi|jeudi|vendredi|samedi|ami|souci|congé|peu|feu|jeu|lieu|bleu|beaucoup|eu\w)\b)(?:[a-zàâçéèêëîïôûùœ]+é|[a-zàâçéèêëîïôûùœ]+i|[a-zàâçéèêëîïôûùœ]+u|[a-zàâçéèêëîïôûùœ]*(?:pris|mis|dit|crit|fait|duit|struit|vert|fert|eint|aint|oint)|eu|été|dû|né)(?:e|s|es)?\b|(?:suis|es|est|sommes|êtes|sont)\s+(?:pas|plus|jamais|pas encore|toujours pas)\s+(?:encore\s+)?(?:(?:allé|venu|revenu|devenu|parvenu|intervenu|arrivé|parti|reparti|entré|rentré|sorti|ressorti|monté|remonté|descendu|redescendu|né|mort|resté|tombé|retombé|retourné|passé|repassé)(?:e|s|es)?|[a-zàâçéèêëîïôûùœ]+(?:é|i|u|is|it)(?:e|s|es)?)\b)	In the past, ne…pas goes around avoir or être: je n'ai pas vu, elle n'est pas venue.	In der Vergangenheit steht ne…pas um avoir oder être herum: je n'ai pas vu, elle n'est pas venue.	Au passé composé, ne…pas entoure avoir ou être : je n'ai pas vu, elle n'est pas venue.	reviewed
FR2_A21_PC_PRONOMINAL	fr	A2	Tenses	pronominal_passe_compose	Pronominal verbs in the passé composé: je me suis levé	Pronominale Verben im Passé composé: je me suis levé	Les verbes pronominaux au passé composé : je me suis levé	380	true	Pronominal verbs (se lever, se réveiller, s'amuser, se tromper…) always form the passé composé with être. The pronoun me/te/se/nous/vous stays in front of être, and in the everyday reflexive and reciprocal uses the participle agrees with the subject: elle s'est levée, ils se sont rencontrés. In the negative, ne…pas goes around pronoun + être: je ne me suis pas levé.	Use it for your routine and experiences in the past: waking up, getting ready, having fun, getting lost, meeting someone.	subject + me/te/se/nous/vous + être + participle (+ e / + s)	It works like aller/venir with être (same agreement); the only new element is me/te/se before être. | German says ich habe mich…, with haben; French always uses être here: je me suis levé. | Cases without agreement, such as elles se sont parlé, come at B2.1.	✗ Je m'ai levé à sept heures. → ✓ Je me suis levé à sept heures. | ✗ Elle s'est réveillé tard. → ✓ Elle s'est réveillée tard. | ✗ Je me ne suis pas levé. → ✓ Je ne me suis pas levé.	Je me suis réveillé à six heures ce matin. | Elle s'est bien amusée à la fête. | Nous nous sommes rencontrés au travail.	pronominal | passe_compose | etre | agreement | daily_routine	Hier, elle s'est couchée tard.	s'est=>pronoun_plus_etre=>se + être, never avoir||couchée=>agreement=>+ e because the subject is elle	cefr | delf_a2 | kwiziq_a2	A2.1	FR2_A21_PC_ETRE | FR2_A12_PRONOMINAL		regex:\b(?:me\s+suis|m'y\s+suis|t'es|s'est|nous\s+nous\s+sommes|vous\s+vous\s+êtes|se\s+sont|s'en\s+sont|s'y\s+sont)\s+(?:(?:pas|plus|jamais|bien|déjà|vite|tous|toutes|beaucoup|encore)\s+){0,2}[a-zàâçéèêëîïôûùœ]+(?:é|i|u|is|it|t)(?:e|s|es)?\b	Verbs with me/te/se always use être in the past, and the participle agrees: elle s'est levée.	Verben mit me/te/se nehmen in der Vergangenheit immer être, und die Form passt sich an: elle s'est levée.	Les verbes avec me/te/se prennent toujours être au passé composé, et le participe s'accorde : elle s'est levée.	reviewed
FR2_A21_COD	fr	A2	Pronouns	direct_object_pronouns	Le, la, les as object pronouns	Le, la, les als Objektpronomen	Le, la, les : pronoms compléments	390	true	The direct object pronouns le (him, it), la (her, it), les (them) replace a definite noun that follows the verb with no preposition (je vois Paul → je le vois). They go before the conjugated verb, and le/la become l' before a vowel or mute h (je l'aime). Me, te, nous, vous work the same way (il me voit). Verbs that take them include voir, aider, appeler, inviter, attendre, écouter, regarder, chercher, aimer, connaître.	Use it to refer back to someone or something already mentioned (the keys, the report, a colleague) without repeating the noun.	subject (+ ne) + le/la/l'/les + verb	Le/la/les replace a person or thing with no à (j'aide Paul → je l'aide); lui/leur replace à + person (je parle à Paul → je lui parle). | German helfen takes the dative (ich helfe ihm), but French aider takes le/la: je l'aide. | Here le, la, les stand before a verb as pronouns, not before a noun as articles.	✗ Je vois la tous les jours. → ✓ Je la vois tous les jours. | ✗ Je lui aide avec ses devoirs. → ✓ Je l'aide avec ses devoirs. | ✗ Ce film ? Je le adore. → ✓ Ce film ? Je l'adore.	Tu connais Sophie ? Oui, je la vois souvent au bureau. | Tes clés ? Je les ai dans mon sac. | Mon collègue a beaucoup de travail, alors je l'aide.	object_pronouns | le_la_les | word_order | pronouns	Le rapport est prêt : je le finis ce soir et je l'envoie demain.	je le finis=>object_pronoun=>le = le rapport, before the verb||l'envoie=>elision=>le becomes l' before a vowel	cefr | delf_a2 | kwiziq_a2	A2.1	FR2_A11_LE_LA | FR2_A11_ER_VERBS	FR2_A21_COI	regex:\b(?:(?:je|tu|il|elle|on|nous|vous|ils|elles)|ne)\s+(?:le|la|les)\s+(?!(?:plus|moins)\b)[a-zàâçéèêëîïôûùœ]+|\b(?:(?:je|tu|il|elle|on|nous|vous|ils|elles)|ne)\s+l'[a-zàâçéèêëîïôûùœ]+	Replace a person or thing right after the verb with le, la, les, before the verb: je la vois.	Eine Person oder Sache direkt nach dem Verb ersetzt man durch le, la, les vor dem Verb: je la vois.	On remplace ce qui suit directement le verbe par le, la, les, placés devant le verbe : je la vois.	reviewed
FR2_A21_COI	fr	A2	Pronouns	indirect_object_pronouns	Lui, leur: to him, to her, to them	Lui, leur: ihm, ihr, ihnen	Lui, leur : à lui, à elle, à eux	400	true	The indirect object pronouns lui (to him or to her) and leur (to them) replace à + a person and go before the conjugated verb. Typical verbs: parler à, téléphoner à, demander à, répondre à, dire à, donner à, écrire à, envoyer à, offrir à, plaire à. Lui is both masculine and feminine; leur never takes -s.	Use it when you talk about calling, writing, asking, answering or giving something to people already mentioned.	subject (+ ne) + lui/leur + verb	Téléphoner à, parler à, demander à, répondre à take lui/leur; aider, appeler, voir, attendre, remercier take le/la/les (je l'appelle but je lui téléphone). | English and German say 'ask him / ihn fragen', but French says demander à quelqu'un: je lui demande. | The pronoun leur never takes -s (je leur parle), unlike the possessive leurs amis.	✗ Je la téléphone ce soir. → ✓ Je lui téléphone ce soir. | ✗ Je le demande son adresse. → ✓ Je lui demande son adresse. | ✗ Je leurs écris demain. → ✓ Je leur écris demain.	Ma mère ? Je lui téléphone tous les dimanches. | Paul cherche un appartement, je lui envoie l'annonce. | Les clients attendent une réponse, je leur écris cet après-midi.	indirect_pronouns | lui_leur | verbs_with_a | pronouns	Les clients ont une question, alors je leur réponds tout de suite.	leur réponds=>indirect_pronoun=>répondre à les clients → leur (never leurs)	cefr | delf_a2 | kwiziq_a2	A2.1	FR2_A21_COD	FR2_A21_COD	regex:\b(?:(?:je|tu|il|elle|on|nous|vous|ils|elles)|ne)\s+(?:lui|leur)\s+(?!même\b)[a-zàâçéèêëîïôûùœ]+	Replace à + a person with lui (one person) or leur (several), before the verb: je lui téléphone.	À + Person ersetzt man durch lui (eine Person) oder leur (mehrere), vor dem Verb: je lui téléphone.	À + une personne devient lui (une personne) ou leur (plusieurs), devant le verbe : je lui téléphone.	reviewed
FR2_A21_Y_PLACE	fr	A2	Pronouns	y_place	Y for places: j'y vais	Y für Orte: j'y vais	Y pour les lieux : j'y vais	410	true	Y (there) replaces a place already mentioned, introduced by à, en, dans, chez, sur or sous: au bureau, en ville, chez Marc. It goes before the conjugated verb (j'y vais, on y va, il n'y habite plus), or before the infinitive when there are two verbs (je vais y aller). Je and ne become j' and n' before it: j'y vais, je n'y vais pas.	Use it when you say you go, live, work or stay somewhere already named: the office, a city, a restaurant.	subject (+ ne) + y + verb: j'y vais, on y va, il n'y habite plus	Y stands for a place (j'y vais = I'm going there); en stands for an amount of something (j'en veux deux). | French aller always needs a place: Tu vas au marché ? – Oui, j'y vais (not just oui, je vais). | Y with verbs such as penser à (j'y pense) comes at B1.1; here y is only a place.	✗ Je vais y demain. → ✓ J'y vais demain. | ✗ Tu vas au marché ? Oui, je vais. → ✓ Tu vas au marché ? Oui, j'y vais. | ✗ Je y habite depuis un an. → ✓ J'y habite depuis un an.	Tu vas au bureau demain ? Oui, j'y vais à neuf heures. | Lyon ? J'y habite depuis cinq ans. | On va au marché ? Allez, on y va !	y | place | pronouns | aller	Le nouveau café ? J'y vais tous les matins.	J'y vais=>place_pronoun=>y = au nouveau café, before the verb	cefr | delf_a2 | kwiziq_a2	A2.1	FR2_A11_PLACES | FR2_A11_ALLER_VENIR	FR2_A21_EN_QUANTITY	regex:\b(?:j'y|(?:tu|elle|on|nous|vous|ils|elles)\s+y|il\s+y(?!\s+(?:a|avait|aura|aurait|ait|aurai|eut|en)\b)|n'y(?!\s+(?:a|avait|aura|aurait|ait|en)\b))\s+(?!(?:pense|penses|pensons|pensez|pensent|pensé|crois|croit|croyez|tiens|tient|réfléchis|réfléchit)\b)[a-zàâçéèêëîïôûùœ]+|\by\s+(?:aller|retourner|habiter|travailler|rester|passer|manger|dormir|vivre)\b	Y replaces a place already mentioned (à Paris, chez moi, au bureau) and goes before the verb: j'y vais.	Y ersetzt einen schon genannten Ort (à Paris, chez moi, au bureau) und steht vor dem Verb: j'y vais.	Y remplace un lieu déjà nommé (à Paris, chez moi) et se place devant le verbe : j'y vais.	reviewed
FR2_A21_EN_QUANTITY	fr	A2	Pronouns	en_quantity	En for quantities: j'en veux deux	En für Mengen: j'en veux deux	En pour les quantités : j'en veux deux	420	true	En replaces a noun introduced by du, de la, des, un, une or by a quantity word (beaucoup de, un kilo de). It goes before the verb, and the number or quantity stays after it: j'en ai trois, j'en prends un kilo. With un/une, keep un/une at the end (j'en veux un). Without a number, en alone means 'some': Du café ? Oui, j'en veux.	Use it when shopping, ordering, or saying how many of something you have or want.	subject + en + verb (+ number / quantity)	En = some of it / of them (an amount); y = there (a place): j'en achète, j'y vais. | Le/la/les point to a specific thing (je le prends = I'll take that one); en to an amount (j'en prends un). | English can say 'I have two' and German 'ich habe zwei', but French needs en: j'en ai deux.	✗ Tu as des enfants ? Oui, j'ai deux. → ✓ Tu as des enfants ? Oui, j'en ai deux. | ✗ Des pommes ? Je prends en trois. → ✓ Des pommes ? J'en prends trois. | ✗ J'ai en acheté deux. → ✓ J'en ai acheté deux.	Des croissants ? J'en prends quatre, s'il vous plaît. | Tu as des enfants ? Oui, j'en ai deux. | Du café ? Non merci, j'en ai déjà bu trois tasses.	en | quantity | pronouns | shopping	Des pommes ? J'en voudrais un kilo.	J'en=>quantity_pronoun=>en = des pommes||un kilo=>quantity=>the amount stays after the verb	cefr | delf_a2 | kwiziq_a2	A2.1	FR2_A12_QUANTITIES	FR2_A21_Y_PLACE	regex:\b(?:j'en|(?:tu|il|elle|on|nous|vous|ils|elles)\s+en)\s+[a-zàâçéèêëîïôûùœ]+(?:\s+[a-zàâçéèêëîïôûùœ]+){0,2}?\s+(?:un|une|deux|trois|quatre|cinq|six|sept|huit|neuf|dix|onze|douze|quinze|vingt|trente|cent|mille|\d+|plusieurs|beaucoup|trop|assez|peu|un peu|pas mal|quelques-uns|quelques-unes|la moitié|un kilo|une bouteille|une tasse|une boîte|une douzaine|un paquet|une tranche)\b|\b(?:j'en|(?:tu|il|elle|on|nous|vous|ils|elles)\s+en)\s+(?:veux|veut|voulez|voudrais|voudrait|prends|prend|prenons|prenez|achète|achètes|achetons|achetez|bois|boit|buvez|mange|manges|mangez|reprends|reprenez|reprend)\b|\by\s+en\s+a\s+(?:un|une|deux|trois|quatre|cinq|six|sept|huit|neuf|dix|onze|douze|quinze|vingt|trente|cent|mille|\d+|plusieurs|beaucoup|trop|assez|peu|un peu|pas mal|quelques-uns|quelques-unes|la moitié|un kilo|une bouteille|une tasse|une boîte|une douzaine|un paquet|une tranche)\b|\bn'en\s+(?:ai|as|a|avons|avez|ont|veux|veut|prends|prend|bois|mange)\s+(?:pas|plus|jamais)\b	En replaces du, de la, des + thing, and the number stays at the end: j'en veux deux.	En ersetzt du, de la, des + Sache; die Zahl bleibt am Ende: j'en veux deux.	En remplace du, de la, des + chose ; le nombre reste à la fin : j'en veux deux.	reviewed
FR2_A21_NEG_WORDS	fr	A2	Negation	ne_plus_jamais_rien_personne	Ne…plus, ne…jamais, ne…rien, ne…personne	Ne…plus, ne…jamais, ne…rien, ne…personne	Ne…plus, ne…jamais, ne…rien, ne…personne	430	true	Ne…plus (no longer), ne…jamais (never), ne…rien (nothing) and ne…personne (nobody) replace ne…pas around the conjugated verb: je ne fume plus. In the passé composé plus, jamais and rien go before the participle, but personne goes after it (je n'ai rien vu, je n'ai vu personne). As with pas, un/une/du/des become de after them: je n'ai plus de café.	Use it for habits you have stopped, things you never do, and having nothing or seeing nobody.	subject + ne/n' + verb + plus/jamais/rien/personne	Ne…pas simply negates; these words add a meaning: no longer, never, nothing, nobody. | Never add pas: je ne vois personne, not je ne vois pas personne. | German kein becomes ne…pas de / ne…plus de: Ich habe keinen Kaffee mehr = je n'ai plus de café.	✗ Je ne mange pas jamais de viande. → ✓ Je ne mange jamais de viande. | ✗ Je n'ai pas vu personne. → ✓ Je n'ai vu personne. | ✗ Je n'ai plus du café. → ✓ Je n'ai plus de café.	Je ne fume plus depuis deux ans. | Il ne prend jamais le métro le matin. | Je n'ai rien compris à la réunion. | Il n'y a personne au bureau ce matin.	negation | ne_plus | ne_jamais | ne_rien | ne_personne	Je n'ai rien mangé et je n'ai vu personne.	n'ai rien mangé=>negative_frame=>rien comes before the participle||vu personne=>negative_word_order=>personne comes after the participle	cefr | delf_a2 | kwiziq_a2	A2.1	FR2_A11_NEGATION	FR2_A11_NEGATION	regex:\b(?:ne\s+|n')(?:(?!pas\b)[\w']+\s+){1,2}?(?:plus|jamais|rien|personne)\b	Swap pas for plus (no longer), jamais (never), rien (nothing) or personne (nobody): je ne fume plus.	Statt pas: plus (nicht mehr), jamais (nie), rien (nichts), personne (niemand): je ne fume plus.	On remplace pas par plus, jamais, rien ou personne : je ne fume plus, je ne vois personne.	reviewed
FR2_A21_PASSE_RECENT	fr	A2	Tenses	venir_de	Just did: venir de + infinitive	Gerade getan: venir de + Infinitiv	Le passé récent : venir de + infinitif	440	true	Venir in the present + de + infinitive says that an action has just finished: je viens de manger = I have just eaten. De becomes d' before a vowel or mute h (je viens d'arriver). Only venir changes; the second verb stays in its dictionary form. Object pronouns go before the infinitive: je viens de l'appeler.	Use it for things that have just happened: you have just arrived, finished, heard the news or seen a message.	venir (present) + de/d' + infinitive	Aller + infinitive looks forward (je vais manger = I'm going to eat); venir de + infinitive looks back (je viens de manger = I've just eaten). | Without de, venir + infinitive means 'come to do': je viens manger = I'm coming to eat. | English 'I have just' and German 'ich habe gerade' are not j'ai juste: say je viens de.	✗ Je viens de mangé. → ✓ Je viens de manger. | ✗ Je viens de arriver. → ✓ Je viens d'arriver. | ✗ J'ai juste fini le rapport. → ✓ Je viens de finir le rapport.	Je viens d'arriver à la gare. | Elle vient de trouver un nouveau travail. | On vient de finir la réunion.	venir_de | recent_past | infinitive | time	Désolée, je viens de voir ton message.	viens de=>recent_past=>venir de = have just||voir=>infinitive=>the second verb stays in its dictionary form	cefr | delf_a2 | kwiziq_a2	A2.1	FR2_A11_ALLER_VENIR	FR2_A12_FUTUR_PROCHE	regex:\b(?:viens|vient|venons|venez|viennent|venais|venait|venions|veniez|venaient)\s+(?:de\s+|d')(?:(?:me|te|se|nous|vous|le|la|les|lui|leur|y|en)\s+|[mtsl]')?[a-zàâçéèêëîïôûùœ]+(?:er|ir|re|oir)\b	To say you have just done something: venir de + the dictionary form of the verb: je viens d'arriver.	Um zu sagen, dass man gerade etwas getan hat: venir de + Grundform des Verbs: je viens d'arriver.	Pour une action qui vient de finir : venir de + le verbe à l'infinitif : je viens d'arriver.	reviewed
FR2_A21_EN_TRAIN_DE	fr	A2	Tenses	etre_en_train_de	Être en train de: in the middle of	Être en train de: gerade dabei sein	Être en train de : l'action en cours	450	false	Être (conjugated) + en train de + infinitive stresses that an action is in progress right now: je suis en train de cuisiner = I'm busy cooking. French has no -ing form: the simple present already means 'I am doing' (je cuisine = I cook / I'm cooking), so en train de is only for emphasis. De becomes d' before a vowel (en train d'écrire).	Use it to explain why you can't talk right now, or to stress what is happening at this very moment.	être + en train de/d' + infinitive	The simple present already means 'I am doing' (je travaille = I work / I'm working); en train de only adds 'right now, busy with it'. | It is not for habits or plans: je travaille le lundi, je pars demain. | Venir de looks at an action that has just finished; en train de at an action still going on.	✗ Je suis travaillant. → ✓ Je suis en train de travailler. | ✗ Je suis en train de travaille. → ✓ Je suis en train de travailler. | ✗ Je suis en train de travailler le lundi. → ✓ Je travaille le lundi.	Je ne peux pas parler, je suis en train de conduire. | Ils sont en train de préparer le dîner. | Attends, je suis en train d'écrire un mail.	en_train_de | progressive | present | infinitive	Je te rappelle, je suis en train de cuisiner.	suis en train de=>in_progress=>être + en train de: busy right now||cuisiner=>infinitive=>the verb stays in its dictionary form	cefr | delf_a2 | kwiziq_a2	A2.1	FR2_A11_ETRE	FR2_A21_PASSE_RECENT	regex:\b(?:suis|es|est|sommes|êtes|sont|étais|était|étions|étiez|étaient|être)\s+en\s+train\s+(?:de\s+|d')[a-zàâçéèêëîïôûùœ]+	Être en train de + dictionary form = busy doing it right now: je suis en train de cuisiner.	Être en train de + Grundform = gerade dabei sein: je suis en train de cuisiner.	Être en train de + infinitif = l'action se passe en ce moment : je suis en train de cuisiner.	reviewed
FR2_A21_COMPARATIVE	fr	A2	Comparison	comparatives	Plus, moins, aussi… que: comparing	Plus, moins, aussi… que: vergleichen	Plus, moins, aussi… que : comparer	460	true	To compare adjectives and adverbs, put plus (more), moins (less) or aussi (as) before them and que after: plus cher que, aussi vite que. With nouns use plus de / moins de / autant de + noun (+ que); with verbs, verb + plus / moins / autant (+ que). The adjective agrees as usual, and after que a pronoun takes its stressed form: que moi, que toi, que lui. Que becomes qu' before a vowel.	Use it to compare flats, prices, jobs, cities, transport or people.	plus/moins/aussi + adjective + que; plus de/moins de/autant de + noun + que; verb + plus/moins/autant que	Than and as are both que: plus cher que (teurer als), aussi cher que (so teuer wie); never comme. | Aussi goes with adjectives and adverbs (aussi cher), autant with nouns and verbs (autant de travail, je travaille autant). | Bon and bien have special forms (meilleur, mieux), taught separately: never plus bon.	✗ Paris est plus cher comme Lyon. → ✓ Paris est plus cher que Lyon. | ✗ Il est plus grand que je. → ✓ Il est plus grand que moi. | ✗ J'ai plus temps que toi. → ✓ J'ai plus de temps que toi.	Le métro est plus rapide que le bus. | Ce restaurant est moins cher que l'autre. | Ma nouvelle collègue est aussi sympa que Marc. | Cette semaine, j'ai plus de travail que toi.	comparative | plus_moins_aussi | adjectives | comparison	Le train est moins cher que l'avion, mais plus lent.	moins cher que=>comparison=>moins + adjective + que||plus lent=>comparison=>plus + adjective; the que-part is understood	cefr | delf_a2 | kwiziq_a2	A2.1	FR2_A11_ADJ_AGREEMENT		regex:\b(?:plus|moins|aussi|autant)\s+(?:de\s+|d')?[\w']+\s+(?:que|qu')|\b(?:plus|moins|autant)\s+(?:que|qu')\s*(?:moi|toi|lui|elle|nous|vous|eux|elles|avant|prévu|d'habitude|hier|ça|mon|ma|mes|ton|ta|son|sa|ses|notre|votre|leur)\b	Compare with plus, moins or aussi before the word and que after: il est plus grand que moi.	Man vergleicht mit plus, moins oder aussi davor und que danach: il est plus grand que moi.	On compare avec plus, moins ou aussi avant le mot et que après : il est plus grand que moi.	reviewed
FR2_A21_SUPERLATIVE	fr	A2	Comparison	superlatives	Le plus, le moins: superlatives	Le plus, le moins: am meisten, am wenigsten	Le plus, le moins : le superlatif	470	true	The superlative is le/la/les + plus/moins + adjective, and the adjective agrees. When the adjective comes after the noun, the article is repeated: la ville la plus chère. With the short adjectives that come before the noun (grand, petit, beau, bon…), the superlative stays before it: le plus grand musée. The group is introduced by de: le plus cher du quartier, la plus jeune de l'équipe.	Use it to name the best, cheapest, biggest or most practical option in a group.	le/la/les + noun + le/la/les + plus/moins + adjective (+ de + group)	The comparative compares two things (plus cher que); the superlative picks the top of a group (le plus cher de tous). | The article is repeated after the noun: la ville la plus chère, not la ville plus chère. | The group takes de, where English says 'in' and German 'in': la plus grande ville de France.	✗ C'est le restaurant plus cher de la ville. → ✓ C'est le restaurant le plus cher de la ville. | ✗ C'est la plus grande ville en France. → ✓ C'est la plus grande ville de France. | ✗ C'est le plus bon gâteau. → ✓ C'est le meilleur gâteau.	C'est le restaurant le plus cher du quartier. | Marie est la plus jeune de l'équipe. | Quel est le moyen le moins cher pour aller à Nice ?	superlative | le_plus | adjectives | comparison	C'est l'hôtel le plus calme de la ville.	le plus calme=>superlative=>article + plus + adjective, after the noun||de la ville=>group=>de introduces the group	cefr | delf_a2 | kwiziq_a2	A2.1	FR2_A21_COMPARATIVE	FR2_A21_COMPARATIVE	regex:\b(?:le|la|les)\s+(?:plus|moins)\s+(?!de\b|d')[a-zàâçéèêëîïôûùœ]+	For the most or the least, use le/la/les plus or moins: c'est la ville la plus chère.	Für am meisten oder am wenigsten: le/la/les plus oder moins: c'est la ville la plus chère.	Le plus haut ou le plus bas degré : le/la/les plus ou moins : la ville la plus chère.	reviewed
FR2_A21_TIME_PREPOSITIONS	fr	A2	Prepositions	il_y_a_depuis_pendant_dans	Il y a, depuis, pendant, dans: time	Il y a, depuis, pendant, dans: Zeitangaben	Il y a, depuis, pendant, dans : exprimer le temps	480	true	Il y a + duration means 'ago' and goes with a past tense (je suis arrivé il y a trois mois). Depuis + duration or date means 'since / for' for something still going on, with the present tense (j'habite ici depuis deux ans). Pendant + duration gives a period with a beginning and an end (j'ai dormi pendant huit heures). Dans + duration places an event in the future, counted from now (je pars dans une semaine).	Use it to say how long ago something happened, since when or for how long you have done something, and how soon something will happen.	passé composé + il y a + duration; present + depuis + duration/date; pendant + duration; dans + duration (future)	English 'I have lived here for three years' = j'habite ici depuis trois ans: present tense, like German seit (ich wohne seit drei Jahren hier). | English and German 'in ten minutes / in zehn Minuten' = dans dix minutes; en dix minutes means how long a task takes (B2.2). | Pour + duration is only for a planned stay: je pars à Rome pour une semaine.	✗ J'habite ici pour trois ans. → ✓ J'habite ici depuis trois ans. | ✗ J'ai habité ici depuis trois ans. → ✓ J'habite ici depuis trois ans. | ✗ J'arrive en dix minutes. → ✓ J'arrive dans dix minutes.	Je suis arrivé à Lyon il y a trois mois. | J'apprends le français depuis un an. | On a attendu le bus pendant vingt minutes. | Le film commence dans cinq minutes.	time | il_y_a | depuis | pendant | dans	Il travaille ici depuis deux ans et il part en vacances dans une semaine.	depuis deux ans=>ongoing_duration=>still true now, so the present tense||dans une semaine=>future_point=>one week from now	cefr | delf_a2 | kwiziq_a2	A2.1	FR2_A21_PC_AVOIR		regex:\b(?:il y a|depuis|pendant|dans)\s+(?:un|une|deux|trois|quatre|cinq|six|sept|huit|neuf|dix|onze|douze|quinze|vingt|trente|quarante|cinquante|quelques|plusieurs|\d+)\s+(?:(?:petites?|longues?|bonnes?)\s+)?(?:secondes?|minutes?|heures?|jours?|semaines?|mois|ans?|années?|siècles?|nuits?|soirées?|journées?)\b|\bdepuis\s+(?:janvier|février|mars|avril|mai|juin|juillet|août|septembre|octobre|novembre|décembre|lundi|mardi|mercredi|jeudi|vendredi|samedi|dimanche|hier|ce\s+matin|longtemps|toujours|le\s+\d+|\d{4}|l'été|l'hiver|le\s+début|mon\s+arrivée|son\s+arrivée)\b|\bil y a\s+(?:longtemps|peu)\b|\bpendant\s+(?:les|la|le|l'|toute|tout|mes|nos|tes|vos|ses|leurs|ces|cette|ce)\s*(?:vacances|week-end|été|hiver|nuit|journée|semaine|réunion|repas|cours|film|voyage|pause|soirée|matinée|année)\b	Il y a = ago, depuis = since/for (still true), pendant = for (a closed period), dans = in (future).	Il y a = vor, depuis = seit (dauert an), pendant = lang/während (abgeschlossen), dans = in (Zukunft).	Il y a = moment passé, depuis = ça dure encore, pendant = durée fermée, dans = dans le futur.	reviewed
FR2_A21_POLITE_CONDITIONAL	fr	A2	Conditionals	conditional_politeness	Politeness and wishes: j'aimerais, pourriez-vous	Höflichkeit und Wünsche: j'aimerais, pourriez-vous	Politesse et souhaits : j'aimerais, pourriez-vous	490	true	A small set of conditional forms softens requests and expresses wishes: je voudrais, j'aimerais, je pourrais, tu pourrais, pourriez-vous / vous pourriez, j'aurais (une question), ce serait. They all end in -rais / -rait / -riez, and they are learned here as fixed polite phrases; the full conditionnel comes at B1.1.	Use it to order, book, ask colleagues or strangers for help, and say what you would like.	je voudrais / j'aimerais + noun or infinitive; pourriez-vous / tu pourrais + infinitive	Je veux sounds blunt to a waiter or a stranger; je voudrais / j'aimerais is the polite default, like German ich hätte gern / ich möchte. | Pourriez-vous is more polite than pouvez-vous; with friends say tu pourrais… ? | The full conditional and si-clauses come at B1.1.	✗ J'aimerai réserver une table. → ✓ J'aimerais réserver une table. | ✗ Vous pourriez m'aidez ? → ✓ Vous pourriez m'aider ? | ✗ Je voudrais de réserver une chambre. → ✓ Je voudrais réserver une chambre.	J'aimerais réserver une table pour quatre personnes. | Pourriez-vous m'envoyer le document ? | Tu pourrais fermer la fenêtre, s'il te plaît ? | Je voudrais un café et un croissant, s'il vous plaît.	politeness | conditional_chunks | requests | wishes	Bonjour, j'aimerais une information : pourriez-vous m'aider ?	j'aimerais=>polite_wish=>a polite wish: -rais form||pourriez-vous=>polite_request=>a very polite request: -riez form	cefr | delf_a2 | kwiziq_a2	A2.1	FR2_A11_JE_VOUDRAIS | FR2_A12_MODALS		regex:\b(?:j'aimerais|tu aimerais|vous aimeriez|on aimerait|nous aimerions|aimeriez-vous|je voudrais|tu voudrais|vous voudriez|on voudrait|voudriez-vous|je pourrais|tu pourrais|vous pourriez|on pourrait|il pourrait|elle pourrait|pourriez-vous|pourrais-tu|pourrait-on|pourrait-il|auriez-vous|vous auriez|j'aurais|tu aurais|ce serait|ça serait|ça me plairait|ça vous dérangerait)\b	For polite requests and wishes, use the -rais/-rait forms: je voudrais, j'aimerais, pourriez-vous.	Für höfliche Bitten und Wünsche nimmt man die Formen auf -rais/-rait: je voudrais, j'aimerais, pourriez-vous.	Pour demander poliment ou exprimer un souhait : je voudrais, j'aimerais, pourriez-vous…	reviewed
FR2_A21_CAUSE_CONSEQUENCE	fr	A2	Connectors	car_donc_alors_comme	Car, comme, donc, alors: why and so	Car, comme, donc, alors: Grund und Folge	Car, comme, donc, alors : la cause et la conséquence	500	true	Parce que is the neutral way to give a reason and the answer to pourquoi. Comme gives a reason at the start of the sentence (Comme il pleut, je reste). Car gives a reason after the main clause and is more written (Je reste, car il pleut). Donc and alors introduce a result; alors is more spoken (Il pleut, donc je reste).	Use it to explain decisions, give excuses and link ideas in emails and conversations.	Comme + reason, result; result + car + reason; reason, donc/alors + result	Parce que answers pourquoi and can stand alone; car can neither start a sentence nor answer a question. | Comme meaning 'as / since' goes first (Comme il pleut, je reste); in the middle of a sentence use parce que. | Donc and alors come after the reason: Il pleut, donc je reste.	✗ Car il pleut, je reste. → ✓ Comme il pleut, je reste. | ✗ Pourquoi tu pars ? Car je suis fatigué. → ✓ Pourquoi tu pars ? Parce que je suis fatigué. | ✗ Je reste à la maison comme il pleut. → ✓ Je reste à la maison parce qu'il pleut.	Comme il pleut, on reste à la maison. | Je pars tôt car j'ai un rendez-vous. | Le train est en retard, donc je vais prendre un taxi.	connectors | cause | consequence | car_comme | donc_alors	Comme le bureau est fermé, je travaille de chez moi, donc je suis disponible.	Comme=>cause=>a known reason first, with comme||donc=>result=>donc introduces the result	cefr | delf_a2 | kwiziq_a2	A2.1	FR2_A12_CONNECTORS		regex:(?:^|[.!?;:]\s+)(?:et\s+)?comme\s+(?:il|elle|on|je|j'|tu|nous|vous|ils|elles|c'|le|la|les|l'|mon|ma|mes|ton|ta|tes|son|sa|ses|notre|nos|votre|vos|leur|leurs)(?!\s+(?:veux|voulez|veut|vous\s+voulez|tu\s+veux|d'habitude)\b)|(?<!le )(?<!un )(?<!en )(?<!du )(?<!au )\bcar\b(?!\s*[.!?])|,\s*(?:donc|alors)\b(?!\s+qu)|(?<!dis\s)(?<!dites\s)\bdonc\s+(?:(?:je|tu|il|elle|on|nous|vous|ils|elles)|j'|c'|on|il|ce|le|la|les|nous|il\s+faut)\b	Give a reason with comme (at the start) or car (after); give a result with donc or alors.	Grund mit comme (am Satzanfang) oder car (danach); Folge mit donc oder alors.	La cause avec comme (en début de phrase) ou car (après) ; la conséquence avec donc ou alors.	reviewed
FR2_A21_VERB_PREPOSITIONS	fr	A2	Prepositions	verbs_a_de	Verbs with à and de: penser à, parler de	Verben mit à und de: penser à, parler de	Les verbes avec à et de : penser à, parler de	510	true	Many verbs take a fixed preposition before their complement: à (penser à, parler à, téléphoner à, répondre à, demander à, jouer à + a game) or de (parler de, avoir besoin de, avoir envie de, s'occuper de, jouer de + an instrument). À and de contract with le/les: au, aux, du, des. Learn the verb with its preposition: English and German prepositions do not predict it.	Use it to talk about what you think of, need, feel like, talk about or take care of.	verb + à/au/aux + noun; verb + de/du/des + noun	Some verbs take no preposition in French where English or German has one: attendre le bus (wait for / warten auf), chercher un appart (look for), écouter la radio (listen to), regarder la télé. | Parler à = talk to someone; parler de = talk about something. | Replacing these complements with y and en (j'y pense, j'en parle) comes at B1.1.	✗ J'attends pour le bus. → ✓ J'attends le bus. | ✗ J'ai besoin un ordinateur. → ✓ J'ai besoin d'un ordinateur. | ✗ Je pense à le week-end. → ✓ Je pense au week-end.	Je pense souvent à mes vacances. | On parle du nouveau projet demain. | J'ai besoin d'un ordinateur pour travailler.	verb_prepositions | a_de | contractions | valency	Elle parle à son chef du problème.	parle à=>verb_preposition=>parler à + a person||du problème=>verb_preposition=>parler de + a topic; de + le = du	cefr | delf_a2 | kwiziq_a2	A2.1	FR2_A11_CONTRACTIONS		regex:\b(?:pens(?:e|es|ons|ez|ent|er|é|ais|ait)|parl(?:e|es|ons|ez|ent|er|é|ais|ait)|téléphon(?:e|es|ons|ez|ent|er|é)|répond(?:s|ons|ez|ent|re|u)?|occup(?:e|es|ons|ez|ent|er|é|ée)|jou(?:e|es|ons|ez|ent|er|é|ais|ait)|demand(?:e|es|ons|ez|ent|er|é)|rêv(?:e|es|ons|ez|ent|er|é)|profit(?:e|es|ons|ez|ent|er|é)|besoin|envie|peur)\s+(?:(?:souvent|toujours|beaucoup|parfois|rarement|encore|vraiment|un\s+peu)\s+)?(?:à\s|au\s|aux\s|de\s|du\s|des\s|d')	Some verbs need à or de before the next word: penser à, parler de, avoir besoin de.	Manche Verben brauchen danach à oder de: penser à, parler de, avoir besoin de.	Certains verbes se construisent avec à ou de : penser à, parler de, avoir besoin de.	reviewed
FR2_A21_SAVOIR_CONNAITRE	fr	A2	Verbs	savoir_connaitre	Savoir vs connaître: two verbs for 'to know'	Savoir oder connaître: wissen und kennen	Savoir ou connaître	515	false	French has two verbs for 'to know'. Savoir is for facts and skills: it is followed by que, si, où, quand, comment… + a clause (je sais où il habite), by an infinitive for a learned skill (je sais nager = I can swim), or by a fact such as la réponse, l'adresse, la date. Connaître is for being familiar with people, places and things, and is always followed by a noun: je connais Marie, je connais Lyon, je connais ce restaurant. Present: je sais, tu sais, il sait, nous savons, vous savez, ils savent; je connais, tu connais, il connaît, nous connaissons, vous connaissez, ils connaissent.	Use savoir to say what you know or can do (je sais où est la gare, je sais conduire); use connaître to say whom or what you know or have been to (je connais bien Lyon).	savoir + que/si/où/comment… + clause; savoir + infinitive; connaître + person/place/thing	German makes the same split: wissen ≈ savoir, kennen ≈ connaître. | English 'know' covers both: if a clause or an infinitive follows, use savoir; if a person, a place or a thing follows, use connaître. | A learned skill is savoir, not pouvoir: je sais nager (I know how to swim); je ne peux pas nager aujourd'hui (I'm not able to today).	✗ Je sais Marie depuis longtemps. → ✓ Je connais Marie depuis longtemps. | ✗ Je connais où il habite. → ✓ Je sais où il habite. | ✗ Je ne peux pas nager, je n'ai jamais appris. → ✓ Je ne sais pas nager, je n'ai jamais appris.	Tu sais où est la gare ? | Je connais un bon restaurant près d'ici. | Ma fille sait déjà lire. | Vous connaissez Marin ? Il travaille avec moi.	savoir | connaitre | know | verbs | contrast	Je connais bien Marc, mais je ne sais pas où il habite.	connais=>knows_person=>connaître + a person (Marc)||sais pas où=>knows_fact=>savoir + où + a clause	cefr | delf_a2 | kwiziq_a2	A2.1	FR2_A12_MODALS	FR2_A12_MODALS	regex:\b(?:sais|sait|savons|savez|savent|savoir|savais|savait|saviez|savaient|su|saurais|saurait)\s+(?:(?:pas|plus|bien|très|déjà|jamais|toujours|vraiment|encore|tous|toutes)\s+){0,2}(?:que\b|qu'|si\b|s'il|s'ils|où\b|quand\b|comment\b|pourquoi\b|combien\b|qui\b|quoi\b|quel\w*\b|ce\s+qu|la\s+réponse\b|l'adresse\b|le\s+numéro\b|la\s+date\b|l'heure\b|le\s+nom\b|(?!encore\b)[a-zàâçéèêëîïôûùœ]+(?:er|ir|re|oir)\b)|\b(?:connais|connaît|connait|connaissons|connaissez|connaissent|connaître|connaitre|connu|connue|connus|connaissais|connaissait|connaissiez|connaissaient)\b	Savoir + a fact or a skill (je sais nager); connaître + a person or place (je connais Lyon).	Savoir = wissen, auch können (je sais nager); connaître = kennen, mit Person oder Ort (je connais Lyon).	Savoir + une information ou un savoir-faire (je sais nager) ; connaître + une personne, un lieu.	reviewed
FR2_A21_INVERSION	fr	A2	Syntax	inversion_questions	Inverted questions: Voulez-vous… ? Où vas-tu ?	Fragen mit Umstellung: Voulez-vous… ? Où vas-tu ?	L'inversion dans les questions : Voulez-vous… ? Où vas-tu ?	520	true	Inversion puts the subject pronoun after the conjugated verb, joined with a hyphen: Voulez-vous… ? Où vas-tu ? When the verb ends in a vowel and the pronoun is il, elle or on, add -t- between them: Va-t-il… ? A-t-elle fini ? It is more formal than intonation or est-ce que. Inversion with a noun subject (Marie vient-elle ?) comes at B2.2.	Use it for polite questions to strangers, in shops, hotels and restaurants, and in written messages.	(question word +) verb-pronoun ? : Voulez-vous… ? Où allez-vous ? A-t-il… ?	Three ways to ask, from casual to formal: intonation (Tu viens ?), est-ce que (Est-ce que tu viens ?), inversion (Viens-tu ?). | Never combine inversion with est-ce que: Où est-ce que tu vas ? or Où vas-tu ?, not both. | German inverts with any subject (Wohnt Marie hier?); French inverts only a pronoun: Marie habite ici ? or Est-ce que Marie habite ici ?	✗ Où est-ce que allez-vous ? → ✓ Où allez-vous ? | ✗ A-il fini ? → ✓ A-t-il fini ? | ✗ Habite Marie ici ? → ✓ Est-ce que Marie habite ici ?	Voulez-vous boire quelque chose ? | Où habitez-vous ? | À quelle heure part-il ?	questions | inversion | formal_register | hyphen	Bonjour, avez-vous une table pour deux ? À quelle heure ferme-t-il ?	avez-vous=>inversion=>verb + hyphen + vous||ferme-t-il=>euphonic_t=>-t- between two vowels	cefr | delf_a2 | kwiziq_a2	A2.1	FR2_A11_QUESTION_WORDS	FR2_A11_QUESTIONS	regex:\b(?!rendez-vous\b)\w+-(?:t-)?(?:je|tu|vous|il|elle|on|nous|ils|elles)\b(?=[^.!?]*\?)	In polite or written questions, put the verb before tu/vous/il, with a hyphen: Voulez-vous un café ?	In höflichen oder schriftlichen Fragen steht das Verb vor tu/vous/il, mit Bindestrich: Voulez-vous un café ?	Dans une question polie ou écrite, le verbe passe devant tu/vous/il, avec un trait d'union : Voulez-vous un café ?	reviewed
FR2_A22_IMPARFAIT	fr	A2	Tenses	imparfait	Imparfait: description and habits	Imparfait: Beschreibung und Gewohnheiten	L'imparfait : description et habitudes	530	true	The imparfait is built on the nous form of the present without -ons (nous parlons → parl-, nous finissons → finiss-, nous prenons → pren-) + the endings -ais, -ais, -ait, -ions, -iez, -aient. Only être has its own stem: ét- (j'étais). -ais, -ait and -aient all sound the same [ɛ]; only nous and vous have an i in the ending. -ger and -cer verbs keep e or ç before a: je mangeais, je commençais. It describes the past: states, the background of a scene, actions in progress and habits.	Use it to describe how people, places and life used to be, what was going on at a moment, and what you used to do regularly (souvent, tous les jours, d'habitude, quand j'étais petit).	nous-stem + -ais, -ais, -ait, -ions, -iez, -aient (être: ét-)	The passé composé tells a finished event (j'ai habité à Lyon deux ans); the imparfait describes or repeats (quand j'habitais à Lyon, je prenais le vélo). | English 'used to' and 'was …-ing' are both imparfait: je jouais = I used to play / I was playing. | Choosing between the two tenses in a story is its own unit (Imparfait vs passé composé).	✗ Je mangais beaucoup de pain. → ✓ Je mangeais beaucoup de pain. | ✗ Je finais le travail à six heures. → ✓ Je finissais le travail à six heures. | ✗ Ils était en retard. → ✓ Ils étaient en retard.	Quand j'étais étudiant, j'habitais dans un petit studio. | Avant, on prenait toujours le train pour aller chez mes grands-parents. | Il faisait beau et les gens étaient en terrasse.	imparfait | past | description | habits | conjugation	Quand j'étais petite, nous passions tous les étés chez ma tante.	j'étais=>etre_stem=>être has the stem ét-||passions=>imparfait_ending=>nous form: passer + -ions	cefr | delf_a2 | kwiziq_a2	A2.2	FR2_A21_PC_AVOIR	FR2_A21_PC_AVOIR	regex:\b(?:j'|(?:je|tu|il|elle|on|nous|vous|ils|elles)\s+)(?:n'|ne\s+)?(?:[mtsl]'|(?:me|te|se|nous|vous|le|la|les|lui|leur|y|en)\s+)?(?:(?![a-zàâçéèêëîïôûùœ]*(?:[eiudvr]|tt|[iî]t)r(?:ais|ait|ions|iez|aient)\b)(?!(?:fais|fait|vais|sais|sait|connais|connait|reconnais|reconnait|plais|plait|tais|tait|nais|nait|parais|parait|mais|jamais|vrais|vrait)\b)(?!(?:oubli|étudi|vérifi|remerci|appréci|copi|cri|ri|pri|confi|mari|ski|souri)(?:ons|ez)\b)[a-zàâçéèêëîïôûùœ]+(?:ais|ait|aient|ions|iez)\b|(?:ouvr|couvr|découvr|offr|souffr|cour|tir|admir|mour|respir|dur)(?:ais|ait|aient|ions|iez)\b)|\b(?:il|elle|on|c'|ça)\s*(?:y\s+)?(?:avait|était|faisait|fallait|pleuvait)\b	Past habits and descriptions: the nous form minus -ons, plus -ais, -ait, -ions…; être becomes j'étais.	Für Beschreibungen und Gewohnheiten: nous-Form ohne -ons, plus -ais, -ait, -ions…: je parlais; être → j'étais.	Pour décrire ou raconter une habitude : forme nous sans -ons, + -ais, -ait, -ions… ; être → j'étais.	reviewed
FR2_A22_SI_ON_SUGGESTION	fr	A2	Conditionals	si_on_imparfait_suggestion	Si on allait… ? Suggesting with the imparfait	Si on allait… ? Vorschläge mit dem Imparfait	Si on allait… ? Proposer avec l'imparfait	535	false	Si + on (or tu, vous, nous) + the imparfait, said as a question, makes a friendly suggestion: Si on allait au cinéma ? = How about going to the cinema? The si-clause stands alone, with no second clause, and often starts with et (Et si on… ?). The verb is in the imparfait although the plan is for now or later: here the imparfait does not mean the past, it makes the suggestion softer. With on, use the il/elle form: si on allait, si on faisait.	Use it to suggest plans to friends, family or colleagues: going out, eating somewhere, taking a break, changing a plan.	(Et) si + on/tu/vous/nous + imparfait … ?	Same idea, other forms: On va au cinéma ? (direct), Ça te dit d'aller au cinéma ? (casual), Et si on allait au cinéma ? (soft). | English 'How about…? / What if we…?' and German 'Wie wäre es, wenn wir…? / Wollen wir…?' become si on + imparfait. | Si + imparfait followed by a second clause in the conditionnel (Si j'avais le temps, je partirais) is a condition, not a suggestion: that comes at B1.1. Never put the conditionnel after si.	✗ Si on irait au restaurant ? → ✓ Si on allait au restaurant ? | ✗ Si on faisons une pause ? → ✓ Si on faisait une pause ? | ✗ Si on va au cinéma ce soir ? → ✓ Si on allait au cinéma ce soir ?	Si on allait au cinéma ce soir ? | Il fait beau : si on mangeait dehors ? | Et si on faisait une pause ? | Si vous veniez dîner samedi ?	si_on | suggestion | imparfait | invitations | conversation	Tu es fatigué ? Et si on rentrait à la maison ?	si on=>suggestion=>si + on, as a question||rentrait=>imparfait_form=>imparfait: softer, not the past	cefr | delf_a2 | kwiziq_a2	A2.2	FR2_A22_IMPARFAIT	FR2_B11_SI_TYPE2	regex:\bsi\s+(?:on|tu|vous|nous)\s+(?:ne\s+|n')?(?:[mtsl]'|(?:me|te|se|nous|vous|le|la|les|lui|leur|y|en)\s+)?(?![a-zàâçéèêëîïôûùœ]*(?:[eiudvr]|tt)r(?:ais|ait|ions|iez|aient)\b)[a-zàâçéèêëîïôûùœ]+(?:ais|ait|ions|iez)\b(?=[^.!]*\?)	To suggest a plan: si on + imparfait, as a question: Si on allait au cinéma ?	Für einen Vorschlag: si on + Imparfait, als Frage: Si on allait au cinéma ? (Wollen wir ins Kino?)	Pour proposer : si on + imparfait, sous forme de question : Si on allait au cinéma ?	reviewed
FR2_A22_IMP_VS_PC	fr	A2	Tenses	imparfait_vs_passe_compose	Imparfait vs passé composé	Imparfait oder Passé composé	Imparfait ou passé composé	540	true	In a story about the past, the imparfait sets the scene: states, descriptions, actions in progress and habits, with no end in view (il pleuvait, j'étais fatigué, je lisais). The passé composé tells the events: finished actions that move the story forward (le téléphone a sonné, je suis sorti). When an event interrupts something in progress, the ongoing action is in the imparfait and the interruption in the passé composé: je lisais quand le téléphone a sonné.	Use it whenever you tell what happened: an anecdote from work, a trip, a weekend, a childhood memory.	imparfait (background) + quand + passé composé (event)	Ask: was it going on, or a habit (imparfait)? Or did it happen and finish (passé composé)? | Length alone does not decide: j'ai habité à Rome pendant dix ans (a closed block) vs j'habitais à Rome (a description, no end in view). | Habits take the imparfait (tous les étés, on allait à la mer); one occasion takes the passé composé (cet été-là, on est allés en Grèce). | English 'was reading' is always imparfait; English 'read' can be either: decide by the meaning.	✗ Quand je suis arrivé, il a plu. → ✓ Quand je suis arrivé, il pleuvait. | ✗ Je lisais quand le téléphone sonnait. → ✓ Je lisais quand le téléphone a sonné. | ✗ Quand j'étais petit, j'ai joué au foot tous les samedis. → ✓ Quand j'étais petit, je jouais au foot tous les samedis.	Je prenais ma douche quand quelqu'un a sonné à la porte. | Il faisait beau, alors on est allés à la plage. | J'étais fatiguée, alors je suis rentrée tôt.	imparfait | passe_compose | narration | aspect | past	Je travaillais à la maison quand Marc m'a appelé.	travaillais=>background=>an action in progress: imparfait||a appelé=>event=>a sudden event: passé composé	cefr | delf_a2 | kwiziq_a2	A2.2	FR2_A22_IMPARFAIT | FR2_A21_PC_ETRE	FR2_A22_IMPARFAIT | FR2_A21_PC_AVOIR	regex:(?:\b(?:j'|c'|(?:je|tu|il|elle|on|nous|vous|ils|elles)\s+)(?:n'|ne\s+)?(?:[mtsl]'|(?:me|te|se|nous|vous|le|la|les|lui|leur|y|en)\s+)?(?:(?![a-zàâçéèêëîïôûùœ]*(?:[eiudvr]|tt|[iî]t)r(?:ais|ait|ions|iez|aient)\b)(?!(?:fais|fait|vais|sais|sait|connais|connait|reconnais|reconnait|plais|plait|tais|tait|nais|nait|parais|parait|mais|jamais|vrais|vrait)\b)(?!(?:oubli|étudi|vérifi|remerci|appréci|copi|cri|ri|pri|confi|mari|ski|souri)(?:ons|ez)\b)[a-zàâçéèêëîïôûùœ]+(?:ais|ait|aient|ions|iez)\b|(?:ouvr|couvr|découvr|offr|souffr|cour|tir|admir|mour|respir|dur)(?:ais|ait|aient|ions|iez)\b))[^.!?]*?(?:\b(?:j'ai|(?<!y\s)(?<!il\sy\s)(?:ai|as|a)|avons|avez|ont)\s+(?:(?:pas|plus|jamais|rien|déjà|bien|beaucoup|trop|mal|tout|enfin|toujours|encore|vite|souvent|vraiment|pas encore)\s+){0,2}(?!(?:du|que|qui|ni|si|lui|celui|puis|depuis|ici|aussi|ainsi|parmi|midi|lundi|mardi|mercredi|jeudi|vendredi|samedi|ami|souci|congé|peu|feu|jeu|lieu|bleu|beaucoup|eu\w)\b)(?:[a-zàâçéèêëîïôûùœ]+é|[a-zàâçéèêëîïôûùœ]+i|[a-zàâçéèêëîïôûùœ]+u|[a-zàâçéèêëîïôûùœ]*(?:pris|mis|dit|crit|fait|duit|struit|vert|fert|eint|aint|oint)|eu|été|dû|né)(?:e|s|es)?\b|\b(?:suis|es|est|sommes|êtes|sont)\s+(?:(?:pas|plus|jamais|bien|déjà|enfin|encore|vite|tous|toutes|pas encore)\s+){0,2}(?:allé|venu|revenu|devenu|parvenu|intervenu|arrivé|parti|reparti|entré|rentré|sorti|ressorti|monté|remonté|descendu|redescendu|né|mort|resté|tombé|retombé|retourné|passé|repassé)(?:e|s|es)?\b|\b(?:me\s+suis|m'y\s+suis|t'es|s'est|nous\s+nous\s+sommes|vous\s+vous\s+êtes|se\s+sont|s'en\s+sont|s'y\s+sont)\s+(?:(?:pas|plus|jamais|bien|déjà|vite|tous|toutes|beaucoup|encore)\s+){0,2}[a-zàâçéèêëîïôûùœ]+(?:é|i|u|is|it|t)(?:e|s|es)?\b)|(?:\b(?:j'ai|(?<!y\s)(?<!il\sy\s)(?:ai|as|a)|avons|avez|ont)\s+(?:(?:pas|plus|jamais|rien|déjà|bien|beaucoup|trop|mal|tout|enfin|toujours|encore|vite|souvent|vraiment|pas encore)\s+){0,2}(?!(?:du|que|qui|ni|si|lui|celui|puis|depuis|ici|aussi|ainsi|parmi|midi|lundi|mardi|mercredi|jeudi|vendredi|samedi|ami|souci|congé|peu|feu|jeu|lieu|bleu|beaucoup|eu\w)\b)(?:[a-zàâçéèêëîïôûùœ]+é|[a-zàâçéèêëîïôûùœ]+i|[a-zàâçéèêëîïôûùœ]+u|[a-zàâçéèêëîïôûùœ]*(?:pris|mis|dit|crit|fait|duit|struit|vert|fert|eint|aint|oint)|eu|été|dû|né)(?:e|s|es)?\b|\b(?:suis|es|est|sommes|êtes|sont)\s+(?:(?:pas|plus|jamais|bien|déjà|enfin|encore|vite|tous|toutes|pas encore)\s+){0,2}(?:allé|venu|revenu|devenu|parvenu|intervenu|arrivé|parti|reparti|entré|rentré|sorti|ressorti|monté|remonté|descendu|redescendu|né|mort|resté|tombé|retombé|retourné|passé|repassé)(?:e|s|es)?\b|\b(?:me\s+suis|m'y\s+suis|t'es|s'est|nous\s+nous\s+sommes|vous\s+vous\s+êtes|se\s+sont|s'en\s+sont|s'y\s+sont)\s+(?:(?:pas|plus|jamais|bien|déjà|vite|tous|toutes|beaucoup|encore)\s+){0,2}[a-zàâçéèêëîïôûùœ]+(?:é|i|u|is|it|t)(?:e|s|es)?\b)[^.!?]*?(?:\b(?:j'|c'|(?:je|tu|il|elle|on|nous|vous|ils|elles)\s+)(?:n'|ne\s+)?(?:[mtsl]'|(?:me|te|se|nous|vous|le|la|les|lui|leur|y|en)\s+)?(?:(?![a-zàâçéèêëîïôûùœ]*(?:[eiudvr]|tt|[iî]t)r(?:ais|ait|ions|iez|aient)\b)(?!(?:fais|fait|vais|sais|sait|connais|connait|reconnais|reconnait|plais|plait|tais|tait|nais|nait|parais|parait|mais|jamais|vrais|vrait)\b)(?!(?:oubli|étudi|vérifi|remerci|appréci|copi|cri|ri|pri|confi|mari|ski|souri)(?:ons|ez)\b)[a-zàâçéèêëîïôûùœ]+(?:ais|ait|aient|ions|iez)\b|(?:ouvr|couvr|découvr|offr|souffr|cour|tir|admir|mour|respir|dur)(?:ais|ait|aient|ions|iez)\b))	Imparfait for the background (was doing, used to); passé composé for the event: je dormais quand il a appelé.	Imparfait für Hintergrund und Gewohnheiten; Passé composé für das Ereignis: je dormais quand il a appelé.	L'imparfait pour le décor et les habitudes ; le passé composé pour l'événement : je dormais quand il a appelé.	reviewed
FR2_A22_FUTUR_SIMPLE	fr	A2	Tenses	futur_simple	Futur simple: regular forms	Futur simple: regelmäßige Formen	Le futur simple : les formes régulières	550	true	The futur simple is the infinitive + -ai, -as, -a, -ons, -ez, -ont: je parlerai, tu finiras, nous partirons. Verbs in -re drop their final e first: prendre → je prendrai. The endings are those of avoir in the present (ai, as, a, ons, ez, ont), and the r just before them is the sign of the future. It expresses predictions, promises, plans further ahead, and is common in emails and announcements.	Use it for predictions, promises, plans further ahead, and in emails and announcements.	infinitive (-re → -r) + ai/as/a/ons/ez/ont	Aller + infinitive (je vais partir) is the everyday near future; the futur simple (je partirai) sounds more planned, distant or formal and is used for promises and forecasts. | Future je parlerai (will) vs conditional je parlerais (would): the -s changes the meaning. | Irregular stems (serai, aurai, irai, ferai…) are the next unit.	✗ Je prendreai le train. → ✓ Je prendrai le train. | ✗ Demain, je parlerais avec lui. → ✓ Demain, je parlerai avec lui. | ✗ Nous partirions samedi, c'est sûr. → ✓ Nous partirons samedi, c'est sûr.	Je finirai le rapport demain matin. | On partira vers huit heures. | Vous trouverez les documents sur le site.	futur_simple | future | conjugation | plans	Nous partirons samedi et nous rentrerons lundi.	partirons=>future_form=>partir + -ons||rentrerons=>future_form=>rentrer + -ons	cefr | delf_a2 | kwiziq_a2	A2.2	FR2_A12_FUTUR_PROCHE	FR2_A12_FUTUR_PROCHE	regex:\b(?:j'|(?:je|tu|il|elle|on|nous|vous|ils|elles)\s+|ça\s+|ce\s+|qui\s+)(?:n'|ne\s+)?(?:[mtsl]'|(?:me|te|se|nous|vous|le|la|les|lui|leur|y|en)\s+)?(?!(?:ouvr|couvr|découvr|livr|délivr|tir|admir|attir|soupir|respir|vir|ouvr|chiffr|offr|souffr)(?:ons|ez)\b)(?:[a-zàâçéèêëîïôûùœ]+(?:er|ir|dr|ttr|vr|ïr|îtr|itr|oir)(?:ai|as|a|ons|ez|ont)|(?:ser|aur|ir|fer|pourr|voudr|devr|[a-zàâçéèêëîïôûùœ]*viendr|[a-zàâçéèêëîïôûùœ]*tiendr|verr|reverr|saur|enverr|renverr|faudr|pleuvr|courr|mourr|[a-zàâçéèêëîïôûùœ]*cevr|vaudr|s'assiér|assiér)(?:ai|as|a|ons|ez|ont))\b	For plans and predictions, add -ai, -as, -a, -ons, -ez, -ont to the infinitive: je parlerai.	Für Pläne und Vorhersagen hängt man -ai, -as, -a, -ons, -ez, -ont an den Infinitiv: je parlerai.	Pour les projets et les prévisions, on ajoute -ai, -as, -a, -ons, -ez, -ont à l'infinitif : je parlerai.	reviewed
FR2_A22_FUTUR_IRREGULAR	fr	A2	Tenses	futur_irregular	Futur simple: irregular stems (serai, aurai, irai…)	Futur simple: unregelmäßige Stämme (serai, aurai, irai…)	Le futur simple : les radicaux irréguliers (serai, aurai, irai…)	560	true	Some frequent verbs have an irregular future stem but take the regular endings (-ai, -as, -a, -ons, -ez, -ont): être → ser-, avoir → aur-, aller → ir-, faire → fer-, pouvoir → pourr-, vouloir → voudr-, devoir → devr-, venir → viendr-, voir → verr-, savoir → saur-, envoyer → enverr-, il faut → il faudra, il pleut → il pleuvra. Il y a becomes il y aura. The same stems return in the conditionnel at B1.1.	Use it for plans, forecasts and promises with everyday verbs such as être, avoir, aller, faire, pouvoir, voir.	irregular stem (ser-, aur-, ir-, fer-, pourr-, verr-, viendr-…) + ai/as/a/ons/ez/ont	The endings are identical to regular verbs; only the stem is new. | These stems return in the conditionnel at B1.1 (je serais, j'aurais): -ai = will, -ais = would.	✗ J'allerai à Rome. → ✓ J'irai à Rome. | ✗ Je pourai venir demain. → ✓ Je pourrai venir demain. | ✗ J'envoyerai le dossier. → ✓ J'enverrai le dossier.	Je serai au bureau à partir de neuf heures. | On verra demain, il fera peut-être beau. | Tu pourras m'appeler ce soir ? | Il y aura du monde au marché samedi.	futur_simple | irregular | future | stems	Samedi, j'irai chez mes parents et on fera un barbecue.	j'irai=>irregular_stem=>aller → ir-||fera=>irregular_stem=>faire → fer-	cefr | delf_a2 | kwiziq_a2	A2.2	FR2_A22_FUTUR_SIMPLE		regex:\b(?:j'|(?:je|tu|il|elle|on|nous|vous|ils|elles)\s+|y\s+|ça\s+|ce\s+|qui\s+)?(?:ser|aur|ir|fer|pourr|voudr|devr|[a-zàâçéèêëîïôûùœ]*viendr|[a-zàâçéèêëîïôûùœ]*tiendr|verr|reverr|saur|enverr|renverr|faudr|pleuvr|courr|mourr|[a-zàâçéèêëîïôûùœ]*cevr|vaudr|s'assiér|assiér)(?:ai|as|a|ons|ez|ont)\b	Some common verbs change their stem but keep the endings: être → je serai, avoir → j'aurai, aller → j'irai.	Einige häufige Verben ändern den Stamm, die Endungen bleiben: être → je serai, avoir → j'aurai, aller → j'irai.	Certains verbes changent de radical mais gardent les terminaisons : être → je serai, avoir → j'aurai, aller → j'irai.	reviewed
FR2_A22_RELATIVE_QUI_QUE	fr	A2	Relative clauses	qui_que	Relative pronouns qui and que	Relativpronomen qui und que	Les pronoms relatifs qui et que	570	true	Qui and que join a second sentence to a noun. Qui is the subject of the second verb, so a verb follows it directly (l'ami qui habite ici). Que is the object, so the clause's own subject follows it (le film que j'aime). Qui never elides; que becomes qu' before a vowel (la femme qu'il aime). Neither can be left out, unlike English 'the book I read'.	Use it to describe people, things and places precisely without starting a new sentence.	noun + qui + verb; noun + que/qu' + subject + verb	Qui is not only for people nor que only for things: le bus qui passe, la collègue que j'apprécie. | English can drop the relative ('the book I read'); French never can: le livre que j'ai lu. | Où replaces a place or a moment (la ville où j'habite, le jour où…): see Relative où.	✗ Le livre qui j'ai lu. → ✓ Le livre que j'ai lu. | ✗ L'homme qu'arrive est mon voisin. → ✓ L'homme qui arrive est mon voisin. | ✗ Le livre j'ai lu est super. → ✓ Le livre que j'ai lu est super.	J'ai une collègue qui parle cinq langues. | Le restaurant que tu m'as conseillé est fermé. | Voici l'appartement qu'on a visité samedi.	relative_clauses | qui | que | sentence_linking	La femme qui travaille avec moi habite l'appartement que tu as visité.	qui travaille=>subject_relative=>qui + verb||que tu as visité=>object_relative=>que + subject + verb	cefr | delf_a2 | kwiziq_a2	A2.2	FR2_A21_COD	FR2_A22_RELATIVE_OU	regex:\b(?:(?:le|la|les|un|une|des|ce|cet|cette|ces|mon|ma|mes|ton|ta|tes|son|sa|ses|notre|nos|votre|vos|leur|leurs)\s+|l')\w+(?:\s+\w+)?\s+(?:qui\s|que\s|qu')	Use qui when a verb follows (l'ami qui habite ici), que when a subject follows (le film que j'aime).	Qui steht vor einem Verb (l'ami qui habite ici), que vor einem Subjekt wie je, Marie… (le film que j'aime).	On met qui devant un verbe (l'ami qui habite ici), que devant un sujet (le film que j'aime).	reviewed
FR2_A22_RELATIVE_OU	fr	A2	Relative clauses	ou_relative	Relative où: the place where, the day when	Relativpronomen où: der Ort, wo; der Tag, an dem	Le relatif où : le lieu où, le jour où	580	false	The relative où joins a clause to a noun of place (la ville où j'habite) and also to a noun of time such as le jour, le moment, l'année, la semaine, la fois (le jour où je suis arrivé). French never uses quand as a relative: le jour où, not le jour quand.	Use it to describe places (the café where we met) and moments (the day I started, the year we moved).	place or time noun + où + subject + verb	Où for places and moments; qui/que for people and things: le café où on se voit vs le café qui est au coin. | English 'the day when' and German 'der Tag, an dem' become le jour où. | English 'the restaurant we ate at' needs où: le restaurant où nous avons mangé.	✗ Le jour quand je suis arrivé, il pleuvait. → ✓ Le jour où je suis arrivé, il pleuvait. | ✗ Le restaurant que nous avons mangé est fermé. → ✓ Le restaurant où nous avons mangé est fermé. | ✗ C'est le bar ou on s'est vus. → ✓ C'est le bar où on s'est vus.	C'est le café où on s'est rencontrés. | Je me souviens du jour où j'ai commencé ce travail. | La ville où j'habite est très calme.	relative_clauses | ou | place | time	Le quartier où j'habite est calme, sauf le jour où il y a le marché.	quartier où=>place_relative=>où after a place||jour où=>time_relative=>où after a moment (jour)	cefr | delf_a2 | kwiziq_a2	A2.2	FR2_A22_RELATIVE_QUI_QUE	FR2_A22_RELATIVE_QUI_QUE	regex:\b(?:ville|quartier|pays|maison|appartement|appart|restaurant|café|bar|endroit|rue|hôtel|bureau|magasin|village|pièce|salle|lieu|région|parc|gare|école|plage|coin|chambre|cuisine|immeuble|marché|boulangerie|boutique|cinéma|musée|jour|moment|année|semaine|soir|matin|mois|époque|fois|nuit|week-end|période|an|heure|été|hiver|printemps|automne|soirée|journée)\s+(?:[a-zàâçéèêëîïôûùœ]+\s+)?où\b	Où links a place or a moment: la ville où j'habite, le jour où je suis arrivé.	Où verbindet einen Ort oder Zeitpunkt: la ville où j'habite, le jour où je suis arrivé.	Où reprend un lieu ou un moment : la ville où j'habite, le jour où je suis arrivé.	reviewed
FR2_A22_PRONOUN_POSITION	fr	A2	Pronouns	pronoun_position	Pronoun position with an infinitive and the passé composé	Stellung der Pronomen mit Infinitiv und im Passé composé	La place des pronoms avec un infinitif et au passé composé	590	true	An object pronoun goes before the verb it belongs to. With two verbs (aller, pouvoir, vouloir, devoir + infinitive) it goes before the infinitive: je vais le voir, je peux t'aider. In the passé composé it goes before the auxiliary: je l'ai vu, je lui ai parlé. In the negative, ne…pas goes around pronoun + auxiliary: je ne l'ai pas vu.	Use it when you talk about plans or past actions involving people and things already mentioned.	subject + aller/pouvoir/vouloir/devoir + pronoun + infinitive; subject + pronoun + avoir/être + participle	German puts the pronoun after the auxiliary (ich habe ihn gesehen); French puts it before: je l'ai vu. | The positive imperative puts the pronoun after the verb (prends-le): see Imperative with pronouns. | Two pronouns together (je le lui donne) come at B1.1.	✗ Je le vais voir demain. → ✓ Je vais le voir demain. | ✗ J'ai le vu hier. → ✓ Je l'ai vu hier. | ✗ J'ai lui parlé ce matin. → ✓ Je lui ai parlé ce matin.	Je vais l'appeler ce soir. | Tu peux m'aider avec ce dossier ? | Je lui ai envoyé un message hier.	pronouns | word_order | infinitive | passe_compose	Le rapport ? Je l'ai lu et je vais lui répondre demain.	l'ai lu=>before_avoir=>the pronoun goes before avoir||vais lui répondre=>before_infinitive=>the pronoun goes before the second verb	cefr | delf_a2 | kwiziq_a2	A2.2	FR2_A21_COD | FR2_A21_COI | FR2_A12_FUTUR_PROCHE		regex:\b(?:vais|vas|va|allons|allez|vont|peux|peut|pouvons|pouvez|peuvent|veux|veut|voulons|voulez|veulent|dois|doit|devons|devez|doivent)\s+(?:(?:le|la|les|lui|leur|me|te|nous|vous|y|en)\s+|[lmt]')\w+(?:er|ir|re|oir)\b|\b(?:je|tu|il|elle|on|nous|vous|ils|elles|ne)\s+(?:l'|m'|t'|(?:lui|leur|les|me|te|nous|vous)\s+)(?:ai|as|a|avons|avez|ont)\s+\w+	The pronoun goes before the second verb (je vais le voir) and before avoir/être (je l'ai vu).	Das Pronomen steht vor dem zweiten Verb (je vais le voir) und vor avoir/être (je l'ai vu).	Le pronom se place devant le deuxième verbe (je vais le voir) et devant avoir/être (je l'ai vu).	reviewed
FR2_A22_IMPERATIVE_PRONOUNS	fr	A2	Pronouns	imperative_pronouns	Imperative with pronouns: prends-le, ne le prends pas	Imperativ mit Pronomen: prends-le, ne le prends pas	L'impératif avec pronoms : prends-le, ne le prends pas	600	true	In a positive command, object pronouns come after the verb, joined with a hyphen, and me/te become moi/toi: prends-le, aide-moi, lève-toi. In a negative command they go back to their usual place before the verb: ne le prends pas, ne me regarde pas. Tu-forms of -er verbs (and va) take back their -s before y and en: vas-y, manges-en.	Use it for instructions, advice and requests for help at home, at work or among friends.	verb-le/la/les/moi/toi/lui/leur/y/en !; ne + pronoun + verb + pas !	Statements and questions keep the pronoun before the verb (tu le prends ?); only the positive command moves it after. | A negative command looks like a statement without the subject: ne le prends pas. | Two pronouns after the verb (donne-le-moi) come at B1.1.	✗ Aide-me, s'il te plaît ! → ✓ Aide-moi, s'il te plaît ! | ✗ Ne fais-le pas ! → ✓ Ne le fais pas ! | ✗ Va-y, c'est ouvert ! → ✓ Vas-y, c'est ouvert !	Ton passeport ? Prends-le, on en aura besoin. | Appelle-moi quand tu arrives. | Ne lui dis rien, c'est une surprise.	imperative | pronouns | word_order | hyphen	Envoie-moi le fichier, mais ne le montre pas au client.	Envoie-moi=>positive_command=>moi after the verb, with a hyphen||ne le montre pas=>negative_command=>le goes back before the verb	cefr | delf_a2 | kwiziq_a2	A2.2	FR2_A12_IMPERATIVE | FR2_A21_COD	FR2_A22_PRONOUN_POSITION	regex:\b(?!rendez-vous\b)(?!excuse[sz]?-moi\b)(?!excusez-nous\b)[a-zàâçéèêëîïôûùœ]+-(?:le|la|les|moi|toi|lui|leur|nous|vous|y|en)\b(?!-(?:je|tu|il|elle|on|nous|vous|ils|elles)\b)(?![^.!?]*\?)|\b[a-zàâçéèêëîïôûùœ]+-(?:le|la|les)-(?:moi|lui|leur|nous)\b|(?:^|[.!?,;:]\s*)ne\s+(?:(?:le|la|les|me|te|lui|leur|nous|vous|y|en)\s+|[lmt]')[a-zàâçéèêëîïôûùœ]+\s+(?:pas|rien|jamais|plus)\b	In a positive command, pronouns go after with a hyphen (prends-le, aide-moi); with ne…pas, before (ne le prends pas).	Im bejahten Imperativ stehen Pronomen mit Bindestrich dahinter (prends-le, aide-moi), verneint davor (ne le prends pas).	À l'impératif positif, le pronom va après, avec un trait d'union (prends-le) ; avec ne…pas, devant (ne le prends pas).	reviewed
FR2_A22_ADVERBS_MENT	fr	A2	Adverbs	adverbs_ment	Adverbs in -ment: lentement, vraiment	Adverbien auf -ment: lentement, vraiment	Les adverbes en -ment : lentement, vraiment	610	true	Adverbs of manner are formed by adding -ment to the feminine of the adjective: lente → lentement, heureuse → heureusement. If the masculine already ends in a vowel, use the masculine: vrai → vraiment, poli → poliment. Adjectives in -ant/-ent give -amment/-emment, both said [amɑ̃]: courant → couramment, évident → évidemment. Learn gentil → gentiment, and bon → bien, mauvais → mal.	Use it to say how something is done and to comment on a situation (heureusement, franchement, malheureusement).	feminine adjective + -ment; vowel-final masculine + -ment; -ant → -amment, -ent → -emment	An adjective describes a thing (une conduite rapide); an adverb describes an action (elle conduit rapidement). | German uses the bare adjective as an adverb (er spricht langsam); French needs -ment: il parle lentement. | Bon and mauvais have their own adverbs: bien, mal.	✗ Il parle lent. → ✓ Il parle lentement. | ✗ C'est vraiement bien. → ✓ C'est vraiment bien. | ✗ C'est évidentment vrai. → ✓ C'est évidemment vrai.	Parlez plus lentement, s'il vous plaît. | Heureusement, le train est arrivé à l'heure. | Elle parle couramment trois langues.	adverbs | ment | manner | word_formation	Heureusement, elle conduit prudemment.	Heureusement=>sentence_adverb=>heureuse + -ment||prudemment=>emment_form=>prudent → prudemment	cefr | delf_a2 | kwiziq_a2	A2.2	FR2_A11_ADJ_AGREEMENT		regex:\b(?:vraiment|lentement|rapidement|heureusement|malheureusement|franchement|doucement|facilement|difficilement|simplement|seulement|sérieusement|régulièrement|directement|exactement|absolument|complètement|finalement|gentiment|poliment|tranquillement|généralement|normalement|rarement|certainement|probablement|totalement|clairement|entièrement|également|actuellement|immédiatement|précisément|personnellement|forcément|largement|autrement|calmement|prudemment|vachement|tellement|naturellement|évidemment|récemment|couramment|patiemment|fréquemment|bruyamment|suffisamment|apparemment|constamment|joyeusement|sûrement|spécialement|parfaitement|librement|follement|nouvellement|longuement|légèrement|lourdement|fortement|doucement|discrètement|silencieusement|correctement|poliment|vraisemblablement|activement|uniquement|principalement|exclusivement|habituellement|réellement|[a-zàâçéèêëîïôûùœ]+amment|[a-zàâçéèêëîïôûùœ]+emment)\b	Add -ment to the feminine form (lente → lentement); after a vowel, to the masculine (vrai → vraiment).	Man hängt -ment an die weibliche Form (lente → lentement), nach einem Vokal an die männliche (vrai → vraiment).	On ajoute -ment au féminin (lente → lentement) ; après une voyelle, au masculin (vrai → vraiment).	reviewed
FR2_A22_MEILLEUR_MIEUX	fr	A2	Comparison	meilleur_mieux	Meilleur vs mieux	Meilleur oder mieux	Meilleur ou mieux	620	true	Meilleur is the comparative of the adjective bon (better) and agrees with its noun: un meilleur café, une meilleure idée, les meilleurs restaurants. Mieux is the comparative of the adverb bien (better) and never changes: elle parle mieux. With le/la/les they give the superlative: la meilleure pizza (the best), c'est lui qui cuisine le mieux (the best). After ça va, je me sens and c'est, 'better' meaning 'preferable' or 'in better health' is mieux.	Use it to recommend places, compare options, say who does something better, and say you feel better.	meilleur(e)(s) + noun, or être + meilleur(e)(s); verb + mieux / le mieux	Plus bon and plus bien are wrong: bon → meilleur, bien → mieux. | English and German use one word, 'better / besser', for both; French splits it: a thing or a person → meilleur, an action or a state → mieux. | C'est meilleur (it tastes better) vs c'est mieux (it's the better option).	✗ Elle parle meilleur que moi. → ✓ Elle parle mieux que moi. | ✗ Je me sens meilleur aujourd'hui. → ✓ Je me sens mieux aujourd'hui. | ✗ C'est une meilleur idée. → ✓ C'est une meilleure idée.	C'est la meilleure pizza du quartier. | Tu te sens mieux aujourd'hui ? | On a trouvé une meilleure solution.	comparison | meilleur | mieux | bon_bien	Marc cuisine mieux que moi : ses pâtes sont meilleures.	cuisine mieux=>adverb_form=>mieux goes with the verb cuisiner||meilleures=>agreement=>meilleur agrees with pâtes	cefr | delf_a2 | kwiziq_a2	A2.2	FR2_A21_SUPERLATIVE | FR2_A22_ADVERBS_MENT		regex:\b(?:meilleure?s?|mieux)\b	Meilleur goes with nouns and agrees; mieux goes with verbs: un meilleur café, elle chante mieux.	Meilleur steht bei Nomen und passt sich an; mieux bei Verben: un meilleur café, elle chante mieux.	Meilleur accompagne un nom et s'accorde ; mieux accompagne un verbe : elle chante mieux.	reviewed
FR2_A22_TOUT	fr	A2	Determiners	tout_tous_toute	Tout, toute, tous, toutes	Tout, toute, tous, toutes	Tout, toute, tous, toutes	630	true	Before a noun, tout agrees with it and is followed by le/la/les, a possessive or ce/cette/ces: tout le monde, toute la semaine, tous mes amis, toutes ces questions. Alone, tout means 'everything' and never changes (tout va bien, j'ai tout compris), while tous / toutes mean 'all of them' (ils sont tous là). The pronoun tous is said with its s [tus]; in tous les jours the s is silent.	Use it for habits (tous les jours), whole periods (toute la journée) and talking about everyone or everything.	tout/toute/tous/toutes + le/la/les/mon/ce… + noun; pronoun: tout (everything), tous [tus] / toutes (all of them)	Tous les jours = every day (a habit); toute la journée = the whole day (a duration). | Tout le monde means everybody and takes a singular verb: tout le monde est là (German alle sind da, but French is singular). | Tout as an adverb (elle est toute seule) comes at B2.2.	✗ Tout les jours, je prends le bus. → ✓ Tous les jours, je prends le bus. | ✗ J'ai travaillé tout la semaine. → ✓ J'ai travaillé toute la semaine. | ✗ Tout le monde sont là. → ✓ Tout le monde est là.	Je vais à la salle de sport tous les lundis. | Il a plu toute la journée. | Mes collègues sont tous en vacances en août.	tout | agreement | determiners | pronunciation	Tout le monde est venu et ils sont tous restés toute la soirée.	Tout le monde=>singular=>everybody: a singular verb (est venu)||tous restés=>pronoun_tous=>pronoun tous: the s is said||toute la soirée=>agreement=>toute agrees with soirée	cefr | delf_a2 | kwiziq_a2	A2.2	FR2_A11_LE_LA		regex:\b(?:tout|toute|tous|toutes)\s+(?:le|la|les|mes|tes|ses|nos|vos|leurs|ces|ce|cet|cette|mon|ma|ton|ta|son|sa|notre|votre|leur)\b|\btout\s+l'|\b(?:sont|étaient|sommes|êtes|ont|avons|avez|viennent|partent|seront|allons|allez|vont)\s+(?:tous|toutes)\b|\b(?:ai|as|a|avons|avez|ont)\s+tout\s+[a-zàâçéèêëîïôûùœ]+|\btout\s+(?:va|allait|est|était|sera|se\s+passe|s'est)\b|\bc'est\s+tout\b	Tout agrees (tout le temps, toute la journée, tous les jours); alone, tous sounds its s: ils viennent tous.	Tout passt sich an (toute la journée, tous les jours); allein hört man das s: ils viennent tous.	Tout s'accorde (toute la journée, tous les jours) ; seul, tous se prononce avec le s.	reviewed
FR2_A22_DEMONSTRATIVE_PRONOUNS	fr	A2	Pronouns	celui_celle	Celui, celle, ceux: this one, that one	Celui, celle, ceux: dieser hier, der da	Celui, celle, ceux : celui-ci, celle-là	640	true	Celui (masculine singular), celle (feminine singular), ceux (masculine plural) and celles (feminine plural) replace a noun already mentioned, matching its gender and number. They never stand alone: add -ci or -là (celui-ci = this one, celle-là = that one), de + noun (celui de Marc = Marc's), or qui/que + a clause (celle qui est rouge).	Use it when shopping, choosing between options, or saying whose something is (celui de Paul).	celui/celle/ceux/celles + -ci/-là, or + de + noun, or + qui/que…	Ce, cette, ces come before a noun (cette veste); celui, celle replace it (celle-ci). | English 'Marc's' and German 'das von Marc' become celui de Marc. | Possessive pronouns (le mien) come at B1.1.	✗ Je prends celle. → ✓ Je prends celle-ci. | ✗ Ce n'est pas mon sac, c'est ce de Marc. → ✓ Ce n'est pas mon sac, c'est celui de Marc. | ✗ Les chaussures ? Je préfère ceux-là. → ✓ Les chaussures ? Je préfère celles-là.	Quelle veste tu préfères ? Celle-ci ou celle-là ? | Ce n'est pas mon téléphone, c'est celui de Julie. | Les meilleurs croissants sont ceux de la boulangerie d'en face.	demonstratives | celui_celle | pronouns | shopping	Ces chaussures sont belles, mais celles-là sont moins chères.	Ces=>determiner_contrast=>ces + noun||celles-là=>demonstrative_pronoun=>replaces les chaussures: feminine plural	cefr | delf_a2 | kwiziq_a2	A2.2	FR2_A12_DEMONSTRATIVES	FR2_A12_DEMONSTRATIVES	regex:\b(?:celui|celle|ceux|celles)(?:-ci|-là|\s+(?:de|du|des|qui|que)\b|\s+d'|\s+qu')	To say 'this one' or 'that one', use celui/celle/ceux/celles + -ci or -là, matching the noun: je prends celle-là.	Für „dieser hier“ oder „der da“: celui/celle/ceux/celles + -ci oder -là, passend zum Nomen: je prends celle-là.	Pour ne pas répéter le nom : celui/celle/ceux/celles + -ci ou -là, ou + de/qui : je prends celle-là.	reviewed
FR2_A22_ADJ_SPECIAL	fr	A2	Agreement	beau_nouveau_vieux	Beau, nouveau, vieux: bel, nouvel, vieil	Beau, nouveau, vieux: bel, nouvel, vieil	Beau, nouveau, vieux : bel, nouvel, vieil	650	true	Beau, nouveau and vieux have a second masculine singular form, bel, nouvel, vieil, used directly before a noun that starts with a vowel or a mute h: un bel appartement, un nouvel ami, un vieil hôtel. These forms sound like the feminine (belle, nouvelle, vieille) and let the words link smoothly. The plural has no special form: beaux, nouveaux, vieux.	Use it to describe flats, buildings, friends, colleagues and towns.	un bel/nouvel/vieil + masculine noun starting with a vowel or mute h	It works like ce → cet (cet hôtel): a special form before a vowel. | It only exists in the masculine singular before a vowel: les nouveaux amis, never les nouvels amis. | Only directly before the noun: l'appartement est beau, not bel.	✗ On a un nouveau appartement. → ✓ On a un nouvel appartement. | ✗ Ce sont de nouvels amis. → ✓ Ce sont de nouveaux amis. | ✗ Cet hôtel est bel. → ✓ Cet hôtel est beau.	On a trouvé un bel appartement près du parc. | Je te présente mon nouvel ami, Karim. | C'est un vieil immeuble, mais il est très calme.	adjectives | agreement | liaison | beau_nouveau_vieux	Mon nouvel appartement est dans un vieil immeuble avec un beau jardin.	nouvel appartement=>vowel_form=>nouveau → nouvel before a vowel||vieil immeuble=>vowel_form=>vieux → vieil before a vowel||beau jardin=>consonant_form=>the usual form before a consonant	cefr | delf_a2 | kwiziq_a2	A2.2	FR2_A11_ADJ_AGREEMENT		regex:\b(?:bel|nouvel|vieil)\s+(?!et\b)[aeiouyéèêâîôûh][a-zàâçéèêëîïôûùœ]*	Before a masculine noun starting with a vowel or silent h, say bel, nouvel, vieil: un bel appartement.	Vor einem männlichen Nomen mit Vokal oder stummem h am Anfang: bel, nouvel, vieil: un bel appartement.	Devant un nom masculin qui commence par une voyelle ou un h muet : bel, nouvel, vieil (un bel appartement).	reviewed
FR2_A22_INDEFINITES	fr	A2	Pronouns	quelqu_un_quelque_chose	Quelqu'un, quelque chose, personne, rien	Quelqu'un, quelque chose, personne, rien	Quelqu'un, quelque chose, personne, rien	660	true	Quelqu'un (someone) and quelque chose (something) are positive; personne (nobody) and rien (nothing) are their negatives. Personne and rien always need ne, also when they start the sentence as the subject (Personne n'est venu, Rien n'a changé), and never take pas. Before an adjective, all four take de: quelque chose de bon, rien de grave, quelqu'un de sympa.	Use it to ask whether someone called, say that nothing happened, or describe something vaguely.	Quelqu'un / Quelque chose + verb; Personne / Rien + ne + verb; quelque chose / rien + de + adjective	A2.1 used personne and rien after the verb (je ne vois personne); here they also start the sentence as subjects: Personne ne répond. | Quelqu'un (someone) vs personne (no one): Il y a quelqu'un ? – Non, il n'y a personne. | English 'something good' and German 'etwas Gutes' need de in French: quelque chose de bon.	✗ Personne est venu. → ✓ Personne n'est venu. | ✗ Rien ne marche pas. → ✓ Rien ne marche. | ✗ J'ai trouvé quelque chose bon. → ✓ J'ai trouvé quelque chose de bon.	Quelqu'un a appelé pendant ta réunion. | Personne n'a répondu à mon mail. | Tu veux boire quelque chose de chaud ?	indefinites | negation | personne_rien | quelqu_un	Personne n'a vu mes clés ? Rien ne marche aujourd'hui !	Personne n'=>subject_negative=>personne as subject + ne||Rien ne=>subject_negative=>rien as subject + ne	cefr | delf_a2 | kwiziq_a2	A2.2	FR2_A21_NEG_WORDS	FR2_A21_NEG_WORDS	regex:\bquelqu'un\b|\bquelque chose\b|(?:^|[.!?,;:]\s*)(?:personne|rien)\s+(?:ne\s|n')|\brien\s+(?:de\s+|d')(?!$)[a-zàâçéèêëîïôûùœ]+	Quelqu'un and quelque chose are positive; personne and rien are negative and need ne: Personne n'est venu.	Quelqu'un (jemand), quelque chose (etwas); personne (niemand) und rien (nichts) brauchen ne: Personne n'est venu.	Quelqu'un et quelque chose sont positifs ; personne et rien sont négatifs, avec ne : Personne n'est venu.	reviewed
FR2_A22_REPORTED_PRESENT	fr	A2	Syntax	reported_speech_present	Il dit que…, il demande si…: reporting in the present	Il dit que…, il demande si…: Wiedergabe in der Gegenwart	Il dit que…, il demande si… : rapporter des paroles au présent	670	true	To pass on what someone says or asks, with the reporting verb in the present (dire, expliquer, répondre, demander): a statement follows que, which is never left out (il dit qu'il arrive); a yes/no question follows si (il demande si tu viens); a question with a question word keeps it (il demande où tu habites). Si becomes s' only before il/ils. The tenses stay the same; only pronouns and possessives change to the reporter's point of view.	Use it to pass on phone messages and what a colleague, friend or client says or asks.	il dit que + clause; il demande si + clause; il demande où/quand/comment + clause	English can drop 'that' (He says he's late); French always needs que: il dit qu'il est en retard. | German changes the word order (er sagt, dass er spät ist); French keeps the normal order after que and si. | With a past reporting verb (il a dit que…) the tenses shift: that comes at B1.2.	✗ Il dit il est en retard. → ✓ Il dit qu'il est en retard. | ✗ Elle demande si il peut venir. → ✓ Elle demande s'il peut venir. | ✗ Il demande est-ce que tu viens. → ✓ Il demande si tu viens.	Marc dit qu'il arrive dans dix minutes. | Ta mère demande si tu viens dimanche. | La cliente demande quand le magasin ouvre.	reported_speech | dire_que | demander_si | present	Julie dit qu'elle est malade et demande si on peut changer la date de la réunion.	dit qu'=>reported_statement=>dire que + a sentence||demande si=>reported_question=>a yes/no question → si	cefr | delf_a2 | kwiziq_a2	A2.2	FR2_A11_QUESTION_WORDS | FR2_A12_CONNECTORS		regex:\b(?:dit|dis|disent|dites|disons|explique|expliques|expliquent|répond|réponds|répondent)\s+(?:que\b|qu')|\b(?:demande|demandes|demandent|demandez|demandons)\s+(?:si\b|s'|où\b|quand\b|comment\b|pourquoi\b|combien\b)	To pass on words: il dit que + sentence; for a yes/no question: il demande si + sentence.	Um Gesagtes weiterzugeben: il dit que + Satz; bei Ja/Nein-Fragen: il demande si + Satz.	Rapporter des paroles : il dit que + phrase ; une question fermée : il demande si + phrase.	reviewed
FR2_A22_ADVICE_CONDITIONAL	fr	A2	Conditionals	advice_devrais	Advice: tu devrais, à ta place je…	Ratschläge: tu devrais, à ta place je…	Le conseil : tu devrais, à ta place je…	680	true	To give advice, use devoir in the conditionnel + infinitive: tu devrais, vous devriez, on devrait (you should). You can also say à ta place / à votre place + je + a -rais form (à ta place, je partirais), or il vaudrait mieux + infinitive (it would be better to). The -rais form makes the advice softer than tu dois (you must).	Use it to advise friends and colleagues about health, work, travel or flat-hunting.	tu devrais / vous devriez + infinitive; à ta place, je + -rais form; il vaudrait mieux + infinitive	Tu dois = you must (strong); tu devrais = you should (advice); tu devras = you will have to (future). | Polite requests (pourriez-vous, j'aimerais) ask for something; tu devrais gives advice. | The full conditionnel comes at B1.1; here only these advice phrases.	✗ Tu devras voir un médecin, tu as l'air malade. → ✓ Tu devrais voir un médecin, tu as l'air malade. | ✗ À ta place, je prends le train. → ✓ À ta place, je prendrais le train. | ✗ Tu devrais de te reposer. → ✓ Tu devrais te reposer.	Tu devrais te reposer un peu. | Vous devriez réserver, le restaurant est souvent complet. | À ta place, je prendrais le train.	advice | devoir | conditional_chunks | a_ta_place	Tu as l'air fatigué : tu devrais partir plus tôt. À ta place, je prendrais un jour de congé.	tu devrais=>advice=>devoir with -rais + a verb||À ta place, je prendrais=>advice_if_i_were_you=>à ta place + je + -rais	cefr | delf_a2 | kwiziq_a2	A2.2	FR2_A21_POLITE_CONDITIONAL		regex:\b(?:devrais|devrait|devriez|devrions|devraient)\s+[a-zàâçéèêëîïôûùœ]+|\b(?:à ta place|à votre place|à sa place|il vaudrait mieux|ça vaudrait mieux|tu ferais mieux|vous feriez mieux)\b	Advice: tu devrais + verb, or à ta place, je + -rais: à ta place, je prendrais le train.	Für Ratschläge: tu devrais / vous devriez + Verb, oder à ta place (an deiner Stelle), je prendrais…	Pour conseiller : tu devrais / vous devriez + verbe, ou à ta place, je prendrais…	reviewed
FR2_B11_PLUS_QUE_PARFAIT	fr	B1	Tenses	plus_que_parfait	Plus-que-parfait: the past before the past	Plus-que-parfait: die Vorvergangenheit	Le plus-que-parfait : le passé du passé	690	true	The plus-que-parfait is the imparfait of avoir or être plus the past participle, with the same auxiliary choice and agreement as the passé composé (j'avais vu, elle était partie, ils s'étaient levés); it marks an action completed before another past moment, stated or understood.	Use it when telling or explaining the past to step one stage further back: what had already happened, or had never happened, before that moment (déjà, jamais and pas encore are typical companions).	avais/avait/avions… or étais/était/étions… + participe	The passé composé moves the story forward; the plus-que-parfait looks back from a past moment to something earlier (quand je suis arrivé, il était parti). | Être verbs keep être and agreement in this tense too: nous étions arrivés, elle était sortie.	✗ Quand je suis arrivé, le train est déjà parti. → ✓ Quand je suis arrivé, le train était déjà parti. | ✗ J'ai vu que j'ai oublié mes clés. → ✓ J'ai vu que j'avais oublié mes clés. | ✗ Nous avions arrivé en retard. → ✓ Nous étions arrivés en retard.	Quand je suis arrivé à la gare, le train était déjà parti. | Nous avions déjà mangé quand ils ont appelé. | Je n'avais jamais vu Marseille avant cet été.	plus-que-parfait | past | auxiliary | narration	Quand Léa est arrivée, ses amis étaient déjà partis.	étaient déjà partis=>pluperfect=>imparfait of être + participe: the earlier action||est arrivée=>reference_point=>the later past moment||partis=>agreement_marks=>être: participle agrees with ses amis	cefr | delf_b1 | kwiziq_b1	B1.1	FR2_A22_IMPARFAIT | FR2_A21_PC_ETRE	FR2_A21_PC_AVOIR | FR2_B11_NARRATION	regex:\b(?:avais|avait|avions|aviez|avaient)\s+(?:(?:déjà|jamais|pas|bien|tout|rien|encore|toujours)\s+)?(?!(?:du|si|ni|plus|tu|aussi|envie|ici|lui|trois|mois|fois|parfois|assis|souci|midi|ami|amie|amis|amies|ennui|ennuis|vue|toi|moi|parmi|samedi|lundi|mardi|mercredi|jeudi|vendredi|dimanche|après-midi|tous|jus|bus|menu|pu)\b)\w+(?:é|ée|és|ées|i|ie|is|ies|u|ue|us|ues|it|ite|its|ites|ert|erte|erts|ertes|ait)\b|\b(?:étais|était|étions|étiez|étaient)\s+(?:(?:déjà|pas|jamais|encore)\s+)?(?:allé|venu|revenu|devenu|parvenu|parti|reparti|arrivé|sorti|ressorti|entré|rentré|resté|tombé|né|mort|monté|descendu|retourné|passé)(?:e|s|es)?\b|\b(?:m'|t'|s')ét(?:ais|ait|aient)\s+(?!(?:du|si|ni|plus|tu|aussi|envie|ici|lui|trois|mois|fois|parfois|assis|souci|midi|ami|amie|amis|amies|ennui|ennuis|vue|toi|moi|parmi|samedi|lundi|mardi|mercredi|jeudi|vendredi|dimanche|après-midi|tous|jus|bus|menu|pu)\b)\w+(?:é|ée|és|ées|i|ie|is|ies|u|ue|us|ues|it|ite|its|ites|ert|erte|erts|ertes)\b|\bnous\s+nous\s+étions\s+(?!(?:du|si|ni|plus|tu|aussi|envie|ici|lui|trois|mois|fois|parfois|assis|souci|midi|ami|amie|amis|amies|ennui|ennuis|vue|toi|moi|parmi|samedi|lundi|mardi|mercredi|jeudi|vendredi|dimanche|après-midi|tous|jus|bus|menu|pu)\b)\w+(?:é|ée|és|ées|i|ie|is|ies|u|ue|us|ues|it|ite|its|ites|ert|erte|erts|ertes)\b|\bvous\s+vous\s+étiez\s+(?!(?:du|si|ni|plus|tu|aussi|envie|ici|lui|trois|mois|fois|parfois|assis|souci|midi|ami|amie|amis|amies|ennui|ennuis|vue|toi|moi|parmi|samedi|lundi|mardi|mercredi|jeudi|vendredi|dimanche|après-midi|tous|jus|bus|menu|pu)\b)\w+(?:é|ée|és|ées|i|ie|is|ies|u|ue|us|ues|it|ite|its|ites|ert|erte|erts|ertes)\b	For something that happened before another past event: imparfait of avoir or être plus the participe: j'avais vu, j'étais parti.	Für etwas, das vor einem anderen vergangenen Ereignis geschah: Imparfait von avoir oder être plus Participe: j'avais vu, j'étais parti.	Pour une action antérieure à une autre action passée : avoir ou être à l'imparfait + participe (j'étais parti).	reviewed
FR2_B11_NARRATION	fr	B1	Tenses	narration_tenses	Telling a story: imparfait, passé composé, plus-que-parfait	Erzählen: Imparfait, Passé composé, Plus-que-parfait	Raconter : imparfait, passé composé, plus-que-parfait	700	true	A spoken or informal written narrative combines three tenses: the passé composé for the completed events that move the story on, the imparfait for the setting, states and actions in progress, and the plus-que-parfait for what had happened before the story's current moment.	Use it to tell an anecdote, a trip, a problem at work or the story of your weekend, in speech or in an email.	imparfait (background) + passé composé (event) + plus-que-parfait (before)	Builds on A2.2 imparfait vs passé composé by adding a third layer: what had happened before the story's moment. | The passé simple (B1.2) replaces the passé composé only in literary written narrative.	✗ Il pleuvait, je sortais et j'ai vu que j'oubliais mon parapluie. → ✓ Il pleuvait, je suis sorti et j'ai vu que j'avais oublié mon parapluie. | ✗ Hier, j'attendais le bus pendant une heure. → ✓ Hier, j'ai attendu le bus pendant une heure. | ✗ Quand il m'a appelé, il a raté son train juste avant. → ✓ Quand il m'a appelé, il avait raté son train juste avant.	Il faisait nuit quand nous sommes arrivés à l'hôtel, mais la réception avait déjà fermé. | J'étais au café quand Marc m'a appelé : il avait raté son train. | Ce matin-là, il pleuvait ; j'ai pris un taxi parce que j'avais oublié mon parapluie.	narration | imparfait | passe-compose | plus-que-parfait | storytelling	Il pleuvait quand je suis sorti, et j'avais oublié mon parapluie.	Il pleuvait=>background=>imparfait: the setting||je suis sorti=>event=>passé composé: what happened||j'avais oublié=>earlier_event=>plus-que-parfait: happened before	cefr | delf_b1 | kwiziq_b1	B1.1	FR2_B11_PLUS_QUE_PARFAIT | FR2_A22_IMP_VS_PC	FR2_A22_IMP_VS_PC | FR2_B12_PASSE_SIMPLE	regex:(?:\b(?!(?:mais|jamais|fait|lait|vrai|frais|palais|anglais|français|japonais|portugais|marais|relais|souhait|biais|délai|délais|parfait|portrait|trait|extrait|retrait|forfait|bienfait|méfait|ais|ait|sais|sait|fais|vais|plais|plaît|plait|tais|tait|connais|connaît|connait|reconnais|parais|paraît|disparais|nais|naît|avais|avait|avions|aviez|avaient|étais|était|étions|étiez|étaient)\b)\w*[^\Wr](?:ais|ait|aient)\b|\b(?:ai|as|a|avons|avez|ont)\s+(?:(?:déjà|pas|jamais|bien|tout|vite|enfin|encore|beaucoup)\s+)?(?!(?:du|si|ni|plus|tu|aussi|envie|ici|lui|trois|mois|fois|parfois|assis|souci|midi|ami|amie|amis|amies|ennui|ennuis|vue|toi|moi|parmi|samedi|lundi|mardi|mercredi|jeudi|vendredi|dimanche|après-midi|tous|jus|bus|menu|pu)\b)\w+(?:é|ée|és|ées|i|ie|is|ies|u|ue|us|ues|it|ite|its|ites|ert|erte|erts|ertes)\b|\b(?:suis|es|est|sommes|êtes|sont)\s+(?:(?:déjà|pas|bien|enfin)\s+)?(?:allé|venu|revenu|devenu|parvenu|parti|reparti|arrivé|sorti|ressorti|entré|rentré|resté|tombé|né|mort|monté|descendu|retourné|passé)(?:e|s|es)?\b|\b(?:me|m'|t'|s'|nous|vous)\s*(?:suis|es|est|sommes|êtes|sont)\s+(?!(?:du|si|ni|plus|tu|aussi|envie|ici|lui|trois|mois|fois|parfois|assis|souci|midi|ami|amie|amis|amies|ennui|ennuis|vue|toi|moi|parmi|samedi|lundi|mardi|mercredi|jeudi|vendredi|dimanche|après-midi|tous|jus|bus|menu|pu)\b)\w+(?:é|ée|és|ées|i|ie|is|ies|u|ue|us|ues|it|ite|its|ites|ert|erte|erts|ertes)\b|\b(?:étais|était|étaient|avais|avait|avaient)\b)[^.!?]{0,100}?(?:\b(?:avais|avait|avions|aviez|avaient)\s+(?:(?:déjà|jamais|pas|bien|tout|rien|encore|toujours)\s+)?(?!(?:du|si|ni|plus|tu|aussi|envie|ici|lui|trois|mois|fois|parfois|assis|souci|midi|ami|amie|amis|amies|ennui|ennuis|vue|toi|moi|parmi|samedi|lundi|mardi|mercredi|jeudi|vendredi|dimanche|après-midi|tous|jus|bus|menu|pu)\b)\w+(?:é|ée|és|ées|i|ie|is|ies|u|ue|us|ues|it|ite|its|ites|ert|erte|erts|ertes|ait)\b|\b(?:étais|était|étions|étiez|étaient)\s+(?:(?:déjà|pas|jamais|encore)\s+)?(?:allé|venu|revenu|devenu|parvenu|parti|reparti|arrivé|sorti|ressorti|entré|rentré|resté|tombé|né|mort|monté|descendu|retourné|passé)(?:e|s|es)?\b|\b(?:m'|t'|s')ét(?:ais|ait|aient)\s+(?!(?:du|si|ni|plus|tu|aussi|envie|ici|lui|trois|mois|fois|parfois|assis|souci|midi|ami|amie|amis|amies|ennui|ennuis|vue|toi|moi|parmi|samedi|lundi|mardi|mercredi|jeudi|vendredi|dimanche|après-midi|tous|jus|bus|menu|pu)\b)\w+(?:é|ée|és|ées|i|ie|is|ies|u|ue|us|ues|it|ite|its|ites|ert|erte|erts|ertes)\b|\bnous\s+nous\s+étions\s+(?!(?:du|si|ni|plus|tu|aussi|envie|ici|lui|trois|mois|fois|parfois|assis|souci|midi|ami|amie|amis|amies|ennui|ennuis|vue|toi|moi|parmi|samedi|lundi|mardi|mercredi|jeudi|vendredi|dimanche|après-midi|tous|jus|bus|menu|pu)\b)\w+(?:é|ée|és|ées|i|ie|is|ies|u|ue|us|ues|it|ite|its|ites|ert|erte|erts|ertes)\b|\bvous\s+vous\s+étiez\s+(?!(?:du|si|ni|plus|tu|aussi|envie|ici|lui|trois|mois|fois|parfois|assis|souci|midi|ami|amie|amis|amies|ennui|ennuis|vue|toi|moi|parmi|samedi|lundi|mardi|mercredi|jeudi|vendredi|dimanche|après-midi|tous|jus|bus|menu|pu)\b)\w+(?:é|ée|és|ées|i|ie|is|ies|u|ue|us|ues|it|ite|its|ites|ert|erte|erts|ertes)\b)|(?:\b(?:avais|avait|avions|aviez|avaient)\s+(?:(?:déjà|jamais|pas|bien|tout|rien|encore|toujours)\s+)?(?!(?:du|si|ni|plus|tu|aussi|envie|ici|lui|trois|mois|fois|parfois|assis|souci|midi|ami|amie|amis|amies|ennui|ennuis|vue|toi|moi|parmi|samedi|lundi|mardi|mercredi|jeudi|vendredi|dimanche|après-midi|tous|jus|bus|menu|pu)\b)\w+(?:é|ée|és|ées|i|ie|is|ies|u|ue|us|ues|it|ite|its|ites|ert|erte|erts|ertes|ait)\b|\b(?:étais|était|étions|étiez|étaient)\s+(?:(?:déjà|pas|jamais|encore)\s+)?(?:allé|venu|revenu|devenu|parvenu|parti|reparti|arrivé|sorti|ressorti|entré|rentré|resté|tombé|né|mort|monté|descendu|retourné|passé)(?:e|s|es)?\b|\b(?:m'|t'|s')ét(?:ais|ait|aient)\s+(?!(?:du|si|ni|plus|tu|aussi|envie|ici|lui|trois|mois|fois|parfois|assis|souci|midi|ami|amie|amis|amies|ennui|ennuis|vue|toi|moi|parmi|samedi|lundi|mardi|mercredi|jeudi|vendredi|dimanche|après-midi|tous|jus|bus|menu|pu)\b)\w+(?:é|ée|és|ées|i|ie|is|ies|u|ue|us|ues|it|ite|its|ites|ert|erte|erts|ertes)\b|\bnous\s+nous\s+étions\s+(?!(?:du|si|ni|plus|tu|aussi|envie|ici|lui|trois|mois|fois|parfois|assis|souci|midi|ami|amie|amis|amies|ennui|ennuis|vue|toi|moi|parmi|samedi|lundi|mardi|mercredi|jeudi|vendredi|dimanche|après-midi|tous|jus|bus|menu|pu)\b)\w+(?:é|ée|és|ées|i|ie|is|ies|u|ue|us|ues|it|ite|its|ites|ert|erte|erts|ertes)\b|\bvous\s+vous\s+étiez\s+(?!(?:du|si|ni|plus|tu|aussi|envie|ici|lui|trois|mois|fois|parfois|assis|souci|midi|ami|amie|amis|amies|ennui|ennuis|vue|toi|moi|parmi|samedi|lundi|mardi|mercredi|jeudi|vendredi|dimanche|après-midi|tous|jus|bus|menu|pu)\b)\w+(?:é|ée|és|ées|i|ie|is|ies|u|ue|us|ues|it|ite|its|ites|ert|erte|erts|ertes)\b)[^.!?]{0,100}?(?:\b(?!(?:mais|jamais|fait|lait|vrai|frais|palais|anglais|français|japonais|portugais|marais|relais|souhait|biais|délai|délais|parfait|portrait|trait|extrait|retrait|forfait|bienfait|méfait|ais|ait|sais|sait|fais|vais|plais|plaît|plait|tais|tait|connais|connaît|connait|reconnais|parais|paraît|disparais|nais|naît|avais|avait|avions|aviez|avaient|étais|était|étions|étiez|étaient)\b)\w*[^\Wr](?:ais|ait|aient)\b|\b(?:ai|as|a|avons|avez|ont)\s+(?:(?:déjà|pas|jamais|bien|tout|vite|enfin|encore|beaucoup)\s+)?(?!(?:du|si|ni|plus|tu|aussi|envie|ici|lui|trois|mois|fois|parfois|assis|souci|midi|ami|amie|amis|amies|ennui|ennuis|vue|toi|moi|parmi|samedi|lundi|mardi|mercredi|jeudi|vendredi|dimanche|après-midi|tous|jus|bus|menu|pu)\b)\w+(?:é|ée|és|ées|i|ie|is|ies|u|ue|us|ues|it|ite|its|ites|ert|erte|erts|ertes)\b|\b(?:suis|es|est|sommes|êtes|sont)\s+(?:(?:déjà|pas|bien|enfin)\s+)?(?:allé|venu|revenu|devenu|parvenu|parti|reparti|arrivé|sorti|ressorti|entré|rentré|resté|tombé|né|mort|monté|descendu|retourné|passé)(?:e|s|es)?\b|\b(?:me|m'|t'|s'|nous|vous)\s*(?:suis|es|est|sommes|êtes|sont)\s+(?!(?:du|si|ni|plus|tu|aussi|envie|ici|lui|trois|mois|fois|parfois|assis|souci|midi|ami|amie|amis|amies|ennui|ennuis|vue|toi|moi|parmi|samedi|lundi|mardi|mercredi|jeudi|vendredi|dimanche|après-midi|tous|jus|bus|menu|pu)\b)\w+(?:é|ée|és|ées|i|ie|is|ies|u|ue|us|ues|it|ite|its|ites|ert|erte|erts|ertes)\b)	In a story, events use passé composé, background uses imparfait, and earlier events use plus-que-parfait.	In einer Geschichte: Ereignisse im Passé composé, Hintergrund im Imparfait, Früheres im Plus-que-parfait.	Dans un récit : les événements au passé composé, le décor à l'imparfait, l'antérieur au plus-que-parfait.	reviewed
FR2_B11_CONDITIONAL	fr	B1	Conditionals	conditional_present	Conditionnel présent: all forms and uses	Conditionnel présent: alle Formen und Verwendungen	Le conditionnel présent : formes et emplois	710	true	The conditionnel présent is the futur simple stem (the infinitive for regular verbs, je parler-, je finir-, je prendr-; irregular ser-, aur-, ir-, fer-, pourr-, voudr-, devr-, saur-, viendr-, verr-) plus the imparfait endings -ais, -ais, -ait, -ions, -iez, -aient; it expresses politeness, wishes, advice, the result of an imagined condition and the future seen from the past.	Use it to ask politely, give advice, say what you would like, or imagine what you would do.	future stem + -ais/-ais/-ait/-ions/-iez/-aient	Same stem as the futur simple but imparfait endings: je ferai (will do) vs je ferais (would do). | Extends A2.1/A2.2 j'aimerais, tu devrais to every verb and person.	✗ J'aimerai bien un café, s'il vous plaît. → ✓ J'aimerais bien un café, s'il vous plaît. | ✗ Je voudrai un renseignement. → ✓ Je voudrais un renseignement. | ✗ Je achèterais. → ✓ J'achèterais.	À ta place, je prendrais le train. | Nous aimerions réserver une table pour quatre. | Avec plus de temps, elle apprendrait le piano.	conditionnel | politeness | advice | hypothesis	Je voudrais bien partir, mais ce serait trop cher.	voudrais=>conditional_form=>voudr- + -ais: polite wish||serait=>conditional_form=>être: ser- + -ait	cefr | delf_b1 | kwiziq_b1	B1.1	FR2_A22_FUTUR_IRREGULAR | FR2_A22_IMPARFAIT | FR2_A22_ADVICE_CONDITIONAL	FR2_A22_FUTUR_SIMPLE | FR2_A21_POLITE_CONDITIONAL	regex:\b(?:\w+er|ser|aur|fer|ir|pourr|voudr|devr|saur|faudr|vaudr|\w*viendr|\w*tiendr|verr|enverr|\w*prendr|\w*tendr|\w*pondr|vendr|perdr|\w*mettr|\w*finir|choisir|\w*partir|\w*sortir|dormir|\w*servir|\w*sentir|\w*mentir|\w*dir|\w*lir|\w*crir|boir|croir|\w*ouvrir|\w*offrir|\w*plair|\w*vivr|\w*suivr|\w*aîtr|\w*cevr|courr|mourr|pleuvr|réussir|\w*duir|\w*struir|\w*battr|rir|sourir)(?:ais|ait|ions|iez|aient)\b	Conditionnel = future stem + imparfait endings (-ais, -ait, -ions…): je ferais, nous pourrions; for wishes, advice, imagined situations.	Conditionnel = Futurstamm + Imparfait-Endungen: je ferais, nous pourrions; für Wünsche, Ratschläge und Vorgestelltes.	Conditionnel = radical du futur + terminaisons de l'imparfait (je ferais) : souhait, conseil, politesse, situation imaginée.	reviewed
FR2_B11_SI_TYPE1	fr	B1	Conditionals	si_type_1	Si + présent, futur: real conditions	Si + Präsens, Futur: reale Bedingungen	Si + présent, futur : conditions réelles	720	true	In a real condition si takes the present indicative, never the futur or the conditionnel; the other clause is in the futur simple, the present or the imperative, the two clauses can come in either order, and si elides only before il and ils (s'il, but si elle, si on).	Use it for plans and possibilities that may really happen: weather, trains, meetings, offers.	si + présent, futur / présent / impératif	Type 2 (si + imparfait, conditionnel) is for unlikely or imagined situations: s'il fait beau, on ira vs s'il faisait beau, on irait. | Quand + futur (B1.1) is for what will certainly happen; si + présent for what may happen.	✗ Si tu viendras, on ira au cinéma. → ✓ Si tu viens, on ira au cinéma. | ✗ Si elle viendra demain, je serai content. → ✓ Si elle vient demain, je serai content. | ✗ S'elle a faim, elle mangera. → ✓ Si elle a faim, elle mangera.	S'il fait beau demain, on ira à la plage. | Si tu as le temps, passe me voir au bureau. | Je t'appellerai si le train a du retard.	si-clause | condition | futur | present	S'il fait beau samedi, nous irons à la plage.	S'il fait=>condition=>si + present, never future||irons=>result=>futur simple in the main clause	cefr | delf_b1 | kwiziq_b1	B1.1	FR2_A22_FUTUR_SIMPLE	FR2_B11_SI_TYPE2 | FR2_B11_TEMPORAL_FUTURE	regex:(?<!même\s)(?<!pas\s)(?<!sais\s)(?<!sait\s)(?<!savoir\s)(?<!demande\s)(?<!demandé\s)(?<!demandais\s)(?<!vérifie\s)\bs(?:i\s+|'ils?\s+)(?!(?:te|vous)\s+pla)(?![^,.;!?]*(?:\b(?!(?:vrai|bras|gras|front|affront|citrons|patrons|marrons|environs|opéra|caméra|extra|cobra|zèbra|tiras|ira-t-il)\b)\w+r(?:ai|as|a|ons|ez|ont)\b|\b(?!(?:mais|jamais|fait|lait|vrai|frais|palais|anglais|français|japonais|portugais|marais|relais|souhait|biais|délai|délais|parfait|portrait|trait|extrait|retrait|forfait|bienfait|méfait|ais|ait|sais|sait|fais|vais|plais|plaît|plait|tais|tait|connais|connaît|connait|reconnais|parais|paraît|disparais|nais|naît)\b)\w*(?:ais|ait|aient|ions|iez)\b))[^,.;!?]{1,60}(?:,\s*[^.;!?]{0,40}?(?:\b(?!(?:vrai|bras|gras|front|affront|citrons|patrons|marrons|environs|opéra|caméra|extra|cobra|zèbra|tiras|ira-t-il)\b)\w+r(?:ai|as|a|ons|ez|ont)\b|\b(?:vais|vas|va|allons|allez|vont)\s+(?:(?:le|la|les|l'|lui|leur|y|en|me|te|se|m'|t'|s'|nous|vous)\s*){0,2}(?!(?:premier|dernier|entier|quartier|papier|métier|cahier|panier|escalier|chantier|courrier|janvier|février|clavier|calendrier|atelier|sentier|policier|boulanger|épicier|pompier|cuisinier|fermier|ouvrier|infirmier|banquier|pâtissier|plombier|écolier|dossier|grenier|acier|loyer|foyer|dîner|déjeuner|petit-déjeuner|goûter|souper|hiver|mer|cher|fer|hier|enfer|laser|super|poster|cancer|danger|étranger|léger|boucher|rocher|plancher|clocher|soir|couloir|miroir|trottoir|tiroir|mouchoir|espoir|rasoir|comptoir|plaisir|loisir|désir|avenir|soupir|cuir|tir|ordre|cylindre|poudre|cendre|foudre|tendre|moindre|votre|notre|autre|quatre)\b)(?:\w+(?:er|ir|dre|oir)|\w*faire|\w*dire|\w*lire|\w*crire|boire|\w*croire|\w*mettre|\w*vivre|\w*suivre|\w*naître|\w*paraître|\w*duire|\w*struire|\w*battre|\w*rire|\w*plaire|taire|\w*rompre|\w*vaincre|être|conclure|exclure|inclure|cuire|nuire)\b)|,\s*(?!(?:je|j'|tu|il|elle|on|nous|vous|ils|elles|c'|ce|ça|cela|le|la|les|l'|un|une|des|du|de|d'|mon|ma|mes|ton|ta|tes|son|sa|ses|notre|votre|nos|vos|leur|leurs|y|en|ne|n'|si|s'|et|mais|alors|donc|que|qu'|quand|comme|puis|parfois|toujours|ensuite|plus|moins|tous|après|très|jamais|depuis|sans|dans|chez|vers|pas|demain|ici|là|aussi|encore|surtout|bien|tant|sinon|certes|enfin)\b)\w+(?:e|es|s|ons|ez)(?:-(?:moi|toi|le|la|les|lui|nous|vous|leur|en|y))?\b)|\b(?!(?:vrai|bras|gras|front|affront|citrons|patrons|marrons|environs|opéra|caméra|extra|cobra|zèbra|tiras|ira-t-il)\b)\w+r(?:ai|as|a|ons|ez|ont)\b(?<!dirai)(?<!diras)(?<!dira)(?<!dirons)(?<!direz)(?<!saurai)(?<!saura)(?<!verrai)(?<!verra)(?<!demanderai)(?<!demandera)[^.;!?,]{0,60}?(?<!même\s)(?<!pas\s)(?<!sais\s)(?<!sait\s)(?<!savoir\s)(?<!demande\s)(?<!demandé\s)(?<!demandais\s)(?<!vérifie\s)\bs(?:i\s+|'ils?\s+)(?!(?:te|vous)\s+pla)(?![^,.;!?]*(?:\b(?!(?:vrai|bras|gras|front|affront|citrons|patrons|marrons|environs|opéra|caméra|extra|cobra|zèbra|tiras|ira-t-il)\b)\w+r(?:ai|as|a|ons|ez|ont)\b|\b(?!(?:mais|jamais|fait|lait|vrai|frais|palais|anglais|français|japonais|portugais|marais|relais|souhait|biais|délai|délais|parfait|portrait|trait|extrait|retrait|forfait|bienfait|méfait|ais|ait|sais|sait|fais|vais|plais|plaît|plait|tais|tait|connais|connaît|connait|reconnais|parais|paraît|disparais|nais|naît)\b)\w*(?:ais|ait|aient|ions|iez)\b))\w+[^,.;!?]{0,50}	For a real possibility: si + present (never future), then future: s'il pleut, on restera.	Reale Möglichkeit: si + Präsens (nie Futur), dann Futur: s'il pleut, on restera.	Condition réelle : si + présent (jamais le futur), puis futur : s'il pleut, on restera.	reviewed
FR2_B11_SI_TYPE2	fr	B1	Conditionals	si_type_2	Si + imparfait, conditionnel: imagined conditions	Si + Imparfait, Conditionnel: vorgestellte Bedingungen	Si + imparfait, conditionnel : conditions imaginées	730	true	For an unreal or unlikely present or future situation, the si-clause takes the imparfait and the main clause the conditionnel présent; the conditionnel never follows si in a condition, even though English 'would' and German 'würde/hätte' tempt learners to use it.	Use it to dream, imagine, give hypothetical advice or talk about what you would do in another situation.	si + imparfait, conditionnel présent	Type 1 (si + présent, futur) is for real possibilities; type 2 for imagined ones. | The si-clause has the imparfait form, but the meaning is present or future, not past.	✗ Si j'aurais plus d'argent, j'achèterais une maison. → ✓ Si j'avais plus d'argent, j'achèterais une maison. | ✗ Si je serais riche, je voyagerais. → ✓ Si j'étais riche, je voyagerais. | ✗ Si j'avais le temps, je voyagerai. → ✓ Si j'avais le temps, je voyagerais.	Si j'avais plus de temps, j'apprendrais le japonais. | Si tu habitais plus près, on se verrait plus souvent. | Qu'est-ce que tu ferais si tu gagnais au loto ?	si-clause | hypothesis | imparfait | conditionnel	Si j'étais toi, je prendrais ce poste.	Si j'étais=>condition=>si + imparfait, never conditionnel||prendrais=>result=>conditionnel in the main clause	cefr | delf_b1 | kwiziq_b1	B1.1	FR2_B11_CONDITIONAL | FR2_B11_SI_TYPE1	FR2_B11_SI_TYPE1 | FR2_B21_SI_TYPE3	regex:(?<!même\s)(?<!pas\s)(?<!sais\s)(?<!sait\s)(?<!savoir\s)(?<!demande\s)(?<!demandé\s)(?<!demandais\s)(?<!vérifie\s)\bs(?:i\s+|'ils?\s+)(?:\w+(?:\s+|')){0,3}?(?:(?:avais|avait|avions|aviez|avaient)\b(?!\s+(?:pas\s+|jamais\s+|déjà\s+|bien\s+|tout\s+)?(?:(?!(?:du|si|ni|plus|tu|aussi|envie|ici|lui|trois|mois|fois|parfois|assis|souci|midi|ami|amie|amis|amies|ennui|ennuis|vue|toi|moi|parmi|samedi|lundi|mardi|mercredi|jeudi|vendredi|dimanche|après-midi|tous|jus|bus|menu|pu)\b)\w+(?:é|ée|és|ées|i|ie|is|ies|u|ue|us|ues|it|ite|its|ites|ert|erte|erts|ertes)|su|eu|été|fait|dit|pris|mis|écrit)\b)|(?:étais|était|étions|étiez|étaient)\b(?!\s+(?:déjà\s+)?(?:allé|venu|revenu|devenu|parvenu|parti|reparti|arrivé|sorti|ressorti|entré|rentré|resté|tombé|né|mort|monté|descendu|retourné|passé)(?:e|s|es)?\b)|(?!(?:mais|jamais|fait|lait|vrai|frais|palais|anglais|français|japonais|portugais|marais|relais|souhait|biais|délai|délais|parfait|portrait|trait|extrait|retrait|forfait|bienfait|méfait|ais|ait|sais|sait|fais|vais|plais|plaît|plait|tais|tait|connais|connaît|connait|reconnais|parais|paraît|disparais|nais|naît|avais|avait|avions|aviez|avaient|étais|était|étions|étiez|étaient)\b)\w*[^\Wr](?:ais|ait|ions|iez|aient)\b|(?:entr|rentr|prépar|ouvr|offr|souffr|cour|mour|dur|tir|admir|montr|ador|découvr)(?:ais|ait|ions|iez|aient)\b)[^.;!?]{0,80}?(?:\b(?!(?:aur|ser)(?:ais|ait|ions|iez|aient)\b)\w*(?:er|ir|dr|fer|rr|vr|oir|ettr|air|aîtr|uir|cevr)(?:ais|ait|ions|iez|aient)\b|\b(?:aur|ser)(?:ais|ait|ions|iez|aient)\b(?!\s+(?:pas\s+|jamais\s+|déjà\s+|bien\s+)?(?!(?:du|si|ni|plus|tu|aussi|envie|ici|lui|trois|mois|fois|parfois|assis|souci|midi|ami|amie|amis|amies|ennui|ennuis|vue|toi|moi|parmi|samedi|lundi|mardi|mercredi|jeudi|vendredi|dimanche|après-midi|tous|jus|bus|menu|pu)\b)\w+(?:é|ée|és|ées|i|ie|is|ies|u|ue|us|ues|it|ite|its|ites|ert|erte|erts|ertes)\b))|(?:\b(?!(?:aur|ser)(?:ais|ait|ions|iez|aient)\b)\w*(?:er|ir|dr|fer|rr|vr|oir|ettr|air|aîtr|uir|cevr)(?:ais|ait|ions|iez|aient)\b|\b(?:aur|ser)(?:ais|ait|ions|iez|aient)\b(?!\s+(?:pas\s+|jamais\s+|déjà\s+|bien\s+)?(?!(?:du|si|ni|plus|tu|aussi|envie|ici|lui|trois|mois|fois|parfois|assis|souci|midi|ami|amie|amis|amies|ennui|ennuis|vue|toi|moi|parmi|samedi|lundi|mardi|mercredi|jeudi|vendredi|dimanche|après-midi|tous|jus|bus|menu|pu)\b)\w+(?:é|ée|és|ées|i|ie|is|ies|u|ue|us|ues|it|ite|its|ites|ert|erte|erts|ertes)\b))[^.;!?]{0,60}?(?<!même\s)(?<!pas\s)(?<!sais\s)(?<!sait\s)(?<!savoir\s)(?<!demande\s)(?<!demandé\s)(?<!demandais\s)(?<!vérifie\s)\bs(?:i\s+|'ils?\s+)(?:\w+(?:\s+|')){0,3}?(?:(?:avais|avait|avions|aviez|avaient)\b(?!\s+(?:pas\s+|jamais\s+|déjà\s+|bien\s+|tout\s+)?(?:(?!(?:du|si|ni|plus|tu|aussi|envie|ici|lui|trois|mois|fois|parfois|assis|souci|midi|ami|amie|amis|amies|ennui|ennuis|vue|toi|moi|parmi|samedi|lundi|mardi|mercredi|jeudi|vendredi|dimanche|après-midi|tous|jus|bus|menu|pu)\b)\w+(?:é|ée|és|ées|i|ie|is|ies|u|ue|us|ues|it|ite|its|ites|ert|erte|erts|ertes)|su|eu|été|fait|dit|pris|mis|écrit)\b)|(?:étais|était|étions|étiez|étaient)\b(?!\s+(?:déjà\s+)?(?:allé|venu|revenu|devenu|parvenu|parti|reparti|arrivé|sorti|ressorti|entré|rentré|resté|tombé|né|mort|monté|descendu|retourné|passé)(?:e|s|es)?\b)|(?!(?:mais|jamais|fait|lait|vrai|frais|palais|anglais|français|japonais|portugais|marais|relais|souhait|biais|délai|délais|parfait|portrait|trait|extrait|retrait|forfait|bienfait|méfait|ais|ait|sais|sait|fais|vais|plais|plaît|plait|tais|tait|connais|connaît|connait|reconnais|parais|paraît|disparais|nais|naît|avais|avait|avions|aviez|avaient|étais|était|étions|étiez|étaient)\b)\w*[^\Wr](?:ais|ait|ions|iez|aient)\b|(?:entr|rentr|prépar|ouvr|offr|souffr|cour|mour|dur|tir|admir|montr|ador|découvr)(?:ais|ait|ions|iez|aient)\b)	For imagined situations: si + imparfait, then conditionnel, never conditionnel after si: si j'avais le temps, je voyagerais.	Für Vorgestelltes: si + Imparfait, dann Conditionnel, nie Conditionnel nach si: si j'avais le temps, je voyagerais.	Situation imaginée : si + imparfait, conditionnel ensuite, jamais le conditionnel après si : si j'avais le temps, je voyagerais.	reviewed
FR2_B11_TEMPORAL_FUTURE	fr	B1	Tenses	quand_futur	Quand, dès que + futur	Quand, dès que + Futur	Quand, dès que + futur	740	true	When quand, lorsque, dès que, aussitôt que or une fois que refer to the future, the time clause is in the futur simple (not the present as in English or German), and the main clause is in the futur or the imperative.	Use it for plans linked to a future moment: arriving, finishing, getting a result.	quand / lorsque / dès que / une fois que + futur, futur or impératif	Si + présent never takes the future (si tu viens); quand + futur does (quand tu viendras). | For habits, quand + présent stays: quand il pleut, je prends le bus.	✗ Quand j'arrive à Lyon demain, je t'appellerai. → ✓ Quand j'arriverai à Lyon demain, je t'appellerai. | ✗ Dès que tu es prête, on partira. → ✓ Dès que tu seras prête, on partira. | ✗ Quand il pleuvra, je prends toujours le bus. → ✓ Quand il pleut, je prends toujours le bus.	Quand j'aurai mon diplôme, je chercherai un appartement. | Dès que tu seras prête, on partira. | Appelle-moi quand tu arriveras à la gare.	quand | des-que | futur | time-clause	Dès que tu arriveras, on commencera le repas.	Dès que=>trigger=>time conjunction about the future||arriveras=>future_after_conjunction=>futur, not présent||commencera=>result=>futur in the main clause	cefr | delf_b1 | kwiziq_b1	B1.1	FR2_A22_FUTUR_SIMPLE	FR2_B11_SI_TYPE1 | FR2_B21_FUTUR_ANTERIEUR	regex:\b(?:quand\s+|lorsque\s+|lorsqu'|dès\s+que\s+|dès\s+qu'|aussitôt\s+que\s+|aussitôt\s+qu'|une\s+fois\s+que\s+|une\s+fois\s+qu')(?:\w+(?:\s+|')){0,3}?\b(?!(?:vrai|bras|gras|front|affront|citrons|patrons|marrons|environs|opéra|caméra|extra|cobra|zèbra|tiras|ira-t-il)\b)\w+r(?:ai|as|a|ons|ez|ont)\b	For future actions, French uses the future after quand and dès que: quand je serai à Paris, je t'appellerai.	Bei Zukünftigem steht nach quand und dès que das Futur: quand je serai à Paris, je t'appellerai.	Si l'action est future, le futur suit quand et dès que : quand je serai à Paris, je t'appellerai.	reviewed
FR2_B11_Y_EN_VERBS	fr	B1	Pronouns	y_en_with_verbs	Y and en with verbs: j'y pense, j'en parle	Y und en bei Verben: j'y pense, j'en parle	Y et en avec les verbes : j'y pense, j'en parle	750	false	With verbs and expressions built with à (penser à, réfléchir à, s'intéresser à, s'habituer à, tenir à) y replaces a thing or idea; with those built with de (parler de, avoir besoin de, s'occuper de, se souvenir de, être sûr de) en replaces it; for people French keeps à/de + stressed pronoun (je pense à elle, je parle de lui) or uses lui/leur with verbs like téléphoner à.	Use it to avoid repeating a topic in conversation: a project, a problem, an idea you think or talk about.	subject + y/en + verb (penser à → j'y pense; parler de → j'en parle)	Unlike A2.1 y for places and en for quantities, here y and en stand for a thing introduced by the verb's own preposition. | People are not y: téléphoner à Marie → je lui téléphone; penser à Marie → je pense à elle.	✗ Mon travail ? J'en pense souvent. → ✓ Mon travail ? J'y pense souvent. | ✗ Marie ? J'y pense souvent. → ✓ Marie ? Je pense souvent à elle. | ✗ Je vais réfléchir y. → ✓ Je vais y réfléchir.	Le projet ? J'y réfléchis encore. | Tu as besoin de la voiture ? Oui, j'en ai besoin ce soir. | On en a parlé hier au bureau.	y | en | pronouns | verb-prepositions	Ton idée ? J'y pense, et on en parle demain.	J'y pense=>y_for_a_thing=>y = à ton idée (penser à)||en parle=>en_for_de=>en = de ton idée (parler de)	cefr | delf_b1 | kwiziq_b1	B1.1	FR2_A21_Y_PLACE | FR2_A21_EN_QUANTITY | FR2_A21_VERB_PREPOSITIONS	FR2_A21_COI | FR2_A21_Y_PLACE	regex:\b(?:j'y|j'en|y|en|n'y|n'en|m'y|m'en|s'y|s'en|t'y|t'en)\s+(?:(?:pens|parl|réfléchi|occup|intéress|habitu|rêv|profit|souvien|souvenir|rappel|tien|ten|attend|jou|dout|sers|sert|serv|charg|moqu|plain|plaign|mêl|fich)(?!\w*ant\b)\w*|crois|croit|croyez|croyons|croient|(?:ai|as|a|avons|avez|ont|avais|avait)\s+(?:déjà\s+|bien\s+|souvent\s+|beaucoup\s+)?(?:parlé|pensé|réfléchi|besoin|envie|rêvé|profité|peur|honte|marre|discuté|douté)|(?:suis|es|est|sommes|êtes|sont)\s+(?:sûre?s?|certaine?s?|contente?s?|fière?s?|habituée?s?|occupée?s?))\b	Y replaces à + a thing, en replaces de + a thing: j'y pense, j'en parle.	Y ersetzt à + Sache, en ersetzt de + Sache: j'y pense, j'en parle.	Y remplace à + chose, en remplace de + chose : j'y pense, j'en parle.	reviewed
FR2_B11_DOUBLE_PRONOUNS	fr	B1	Pronouns	double_pronouns	Two pronouns together: je le lui donne	Zwei Pronomen zusammen: je le lui donne	Deux pronoms ensemble : je le lui donne	760	true	Before the verb (or the infinitive) two object pronouns follow a fixed order: me/te/se/nous/vous > le/la/les > lui/leur > y > en; lui/leur never combine with me/te/nous/vous, and y + en is mainly found in il y en a.	Use it when giving, lending, sending or explaining something to someone already mentioned.	subject + me/te/se/nous/vous + le/la/les + lui/leur + y + en + verb	Builds on A2.2 pronoun position: the slot is the same, before the verb or infinitive, but two pronouns now share it. | The affirmative imperative has another order (donne-le-moi), taught in B2.1.	✗ Je lui le donne. → ✓ Je le lui donne. | ✗ Il me en a parlé. → ✓ Il m'en a parlé. | ✗ Je leur les donne. → ✓ Je les leur donne.	Tu peux me le prêter demain ? | Le dossier ? Je le lui envoie ce soir. | Il y en a encore dans le frigo.	double-pronouns | word-order | pronouns | objects	Ton livre ? Je te le rends demain, et je lui en parle.	te le=>pronoun_order=>te comes before le||lui en=>pronoun_order=>lui comes before en	cefr | delf_b1 | kwiziq_b1	B1.1	FR2_A22_PRONOUN_POSITION	FR2_A22_IMPERATIVE_PRONOUNS | FR2_B21_DOUBLE_PRONOUNS_COMPOUND	regex:\b(?:me|te|se)\s+(?:le|la|les)\b(?!\s+(?:coul|pét|pèt|jou|racont|donn\w*\s+à\s+cœur)\w*)|\b(?:me|te|se)\s+l'(?=\w)|\b(?:je|j'|tu|il|elle|on|nous|vous|ils|elles|ne|n')\s*(?:nous|vous)\s+(?:(?:le|la|les|en)\b|l'(?=\w))|\b(?:le|la|les)\s+(?:lui|leur)\b(?!s)(?!\s*(?:[.,;!?:]|$|est\b|sont\b|aussi\b|non\b))|(?<!chez\s)(?<!avec\s)(?<!pour\s)(?<!à\s)(?<!de\s)(?<!sans\s)(?<!que\s)(?<!et\s)(?<!est\s)\b(?:lui|leur)\s+en\b|\b(?:m'|t')en\b(?!\s+(?:vais|va|vas|allons|allez|vont|aller|allais|allait|fiche|fiches|fous|moque|moques))|\by\s+en\b|\b(?:m'|t')y\b	Order: me/te/se/nous/vous, then le/la/les, then lui/leur, then y, then en: je te le donne, je le lui donne.	Reihenfolge: me/te/se/nous/vous, dann le/la/les, dann lui/leur, dann y, dann en: je le lui donne.	Ordre : me/te/se/nous/vous, puis le/la/les, puis lui/leur, puis y, puis en : je le lui donne.	reviewed
FR2_B11_DONT	fr	B1	Relative clauses	dont	Relative pronoun dont	Das Relativpronomen dont	Le pronom relatif dont	770	true	Dont introduces a relative clause whose verb, adjective or noun is built with de (parler de, avoir besoin de, être fier de, rêver de); it also expresses possession (l'amie dont le frère est chef), the de-phrase is never repeated with en inside the clause, and for people de qui is possible but dont is the usual choice.	Use it to describe people and things by what you talk about, need, dream of, or by what belongs to them.	noun + dont + subject + verb built with de	Que replaces a direct object, dont a de-complement: le film que j'ai vu vs le film dont j'ai parlé. | After other prepositions use qui or lequel (B1.2): l'amie avec qui je pars.	✗ C'est le livre que je parle. → ✓ C'est le livre dont je parle. | ✗ l'outil dont j'en ai besoin → ✓ l'outil dont j'ai besoin | ✗ la femme dont son fils travaille ici → ✓ la femme dont le fils travaille ici	C'est le collègue dont je t'ai parlé. | L'ordinateur dont j'ai besoin coûte trop cher. | J'ai une amie dont le frère est chef.	dont | relative-clause | de-verbs	C'est l'appartement dont je rêve depuis des années.	dont=>relative_pronoun=>replaces de l'appartement||rêve=>controller=>rêver de triggers dont	cefr | delf_b1 | kwiziq_b1	B1.1	FR2_A22_RELATIVE_QUI_QUE | FR2_A21_VERB_PREPOSITIONS	FR2_A22_RELATIVE_QUI_QUE | FR2_B12_RELATIVE_PREPOSITION	regex:\bdont\b	Dont replaces de + a noun after verbs or expressions with de: le livre dont je parle.	Dont ersetzt de + Nomen bei Verben und Ausdrücken mit de: le livre dont je parle.	Dont remplace de + nom après un verbe ou une expression en de : le livre dont je parle.	reviewed
FR2_B11_CE_QUI_CE_QUE	fr	B1	Relative clauses	ce_qui_ce_que_ce_dont	Ce qui, ce que, ce dont	Ce qui, ce que, ce dont	Ce qui, ce que, ce dont	780	true	Ce qui, ce que and ce dont are relatives without a noun antecedent ('what', 'the thing that'): choose them by their function in the clause, exactly like qui, que and dont (ce qui m'intéresse, ce que je veux, ce dont j'ai besoin); tout ce qui/que means 'everything that'.	Use it to talk about things you do not name: what you want, what bothers you, what you need.	ce qui + verb / ce que + subject + verb / ce dont + subject + de-verb	Like dont, ce dont goes with verbs built with de: ce dont on parle. | Unlike qu'est-ce que in direct questions, ce que sits inside a sentence (dis-moi ce que tu veux).	✗ Ce que me plaît, c'est la mer. → ✓ Ce qui me plaît, c'est la mer. | ✗ Dis-moi quoi tu veux. → ✓ Dis-moi ce que tu veux. | ✗ Ce que j'ai besoin, c'est de dormir. → ✓ Ce dont j'ai besoin, c'est de dormir.	Dis-moi ce que tu veux manger. | Prends tout ce dont tu as besoin. | Il a raté son train, ce qui l'a mis en retard pour la réunion.	ce-qui | ce-que | ce-dont | relative-clause	Je comprends ce que tu dis, mais ce qui m'inquiète, c'est ce dont on n'a pas parlé.	ce que=>object_relative=>object of dis||ce qui=>subject_relative=>subject of inquiète||ce dont=>de_relative=>parler de → ce dont	cefr | delf_b1 | kwiziq_b1	B1.1	FR2_B11_DONT	FR2_B11_DONT | FR2_B11_INDIRECT_QUESTIONS	regex:(?<!-)\bce\s+(?:qui\b|que\b|qu'|dont\b)	For 'what' in the middle of a sentence: ce qui (subject), ce que (object), ce dont (with de).	Für „was“ im Satz: ce qui (Subjekt), ce que (Objekt), ce dont (bei Verben mit de).	Ce qui est sujet, ce que est objet, ce dont remplace un complément en de.	reviewed
FR2_B11_PP_AGREEMENT_AVOIR	fr	B1	Agreement	past_participle_agreement_avoir	Past participle agreement with avoir and a preceding object	Angleichung des Participe mit avoir bei vorangestelltem Objekt	L'accord du participe avec avoir et le COD placé avant	790	true	With avoir the past participle is invariable unless a direct object comes before it (object pronoun le/la/les/me/te/nous/vous, relative que, or quel(le)s… questions); it then agrees in gender and number with that object, but never with en or with an indirect object (lui, leur); the agreement is mostly silent and is heard only on participles ending in a consonant (mise, prise, faite, écrite, ouverte).	Use it in writing whenever an object pronoun or que comes before a passé composé with avoir.	COD (la/les/que…) + avoir + participe + e/s/es	With être the participle agrees with the subject (A2.1: elle est partie); with avoir only with a preceding direct object. | No agreement when the object follows: j'ai écrit une lettre, but la lettre que j'ai écrite.	✗ Les photos que j'ai pris sont floues. → ✓ Les photos que j'ai prises sont floues. | ✗ J'ai écrite une lettre. → ✓ J'ai écrit une lettre. | ✗ Des pommes ? J'en ai mangées. → ✓ Des pommes ? J'en ai mangé.	Ta valise ? Je l'ai mise dans l'entrée. | Les chaussures que tu as achetées sont superbes. | Quelles villes as-tu visitées cet été ?	agreement | participle | avoir | direct-object	Ces photos, je les ai prises à Lisbonne.	les=>preceding_object=>les = ces photos (feminine plural), placed before||prises=>agreement_marks=>-es: feminine plural agreement	cefr | delf_b1 | kwiziq_b1	B1.1	FR2_A22_PRONOUN_POSITION | FR2_A22_RELATIVE_QUI_QUE	FR2_A21_PC_ETRE | FR2_B21_PP_AGREEMENT_PRONOMINAL	regex:(?:\b(?:l'|m'|t')|\b(?:la|les)\s+|\b(?:je|j'|tu|il|elle|on|ils|elles|ne|n')\s*(?:nous|vous)\s+|\bque\s+(?:j'|tu\s+|il\s+|elle\s+|on\s+|nous\s+|vous\s+|ils\s+|elles\s+)|\bqu'(?:il|elle|on|ils|elles)\s+)(?:ai|as|a|avons|avez|ont|avais|avait|avions|aviez|avaient)\s+(?:(?:bien|déjà|jamais|toujours|vraiment|pas|tout)\s+)?(?!envie\b)\w+(?:ée|ées|és|ie|ies|ise|ises|ue|ues|us|ite|ites|erte|ertes|ainte|aintes)\b|\bquel(?:le)?s?\s+\w+\s+(?:ai|as|a|avons|avez|ont)-(?:je|tu|t-il|t-elle|t-on|nous|vous|ils|elles)\s+\w+(?:ée|ées|és|ie|ies|ise|ises|ue|ues|us|ite|ites|erte|ertes)\b	With avoir, the participe agrees only with a direct object placed before it: la lettre que j'ai écrite.	Mit avoir richtet sich das Participe nur nach einem vorangestellten direkten Objekt: la lettre que j'ai écrite.	Avec avoir, le participe s'accorde seulement avec un COD placé avant : la lettre que j'ai écrite.	reviewed
FR2_B11_NE_QUE	fr	B1	Negation	ne_que	Ne…que: only	Ne…que: nur	Ne…que : seulement	800	true	Ne…que is a restriction, not a negation: que goes directly before the restricted element, so articles stay unchanged (je ne bois que du thé, not que de thé); in compound tenses que usually follows the participle (je n'ai vu que lui).	Use it to say 'only' or 'just' about amounts, time, people or choices.	ne + verb (+ participe) + que + restricted element	Ne…pas and ne…plus negate and turn du/des into de; ne…que restricts and keeps the article: pas de pain vs que du pain. | Seulement is the adverb alternative: je n'ai que dix euros = j'ai seulement dix euros.	✗ Je ne bois que de thé. → ✓ Je ne bois que du thé. | ✗ Je ne que bois du thé. → ✓ Je ne bois que du thé. | ✗ Je n'ai pas que dix euros. → ✓ Je n'ai que dix euros.	Je n'ai que dix minutes pour déjeuner. | Elle ne boit que de l'eau le soir. | On n'a vu que deux films cette année.	ne-que | restriction | only | negation	Je ne bois que du thé le matin.	ne...que=>restriction=>ne…que = only||du thé=>article_kept=>article stays: no pas de here	cefr | delf_b1 | kwiziq_b1	B1.1	FR2_A21_NEG_WORDS	FR2_A21_NEG_WORDS	regex:\bn(?:e\s+|')(?:(?:l'|m'|t'|s'|(?:y|en|le|la|les|lui|leur|me|te|se|nous|vous)\s+)){0,2}(?!(?:pas|plus|jamais|rien|personne|aucune?|guère|point)\b)\w+(?:\s+(?!(?:pas|plus|jamais|rien|personne|aucune?|guère|point)\b)\w+)?\s+qu(?:e\b|')	Ne…que means only: ne before the verb, que right before the thing limited: je n'ai que dix euros.	Ne…que heißt nur: ne vor dem Verb, que direkt vor dem Eingeschränkten: je n'ai que dix euros.	Ne…que signifie seulement : ne avant le verbe, que devant ce qu'on limite : je n'ai que dix euros.	reviewed
FR2_B11_NEG_NI_AUCUN	fr	B1	Negation	ni_ni_aucun	Ne…ni…ni, ne…aucun	Ne…ni…ni, ne…aucun	Ne…ni…ni, ne…aucun	810	false	Ne…ni…ni negates two elements: partitive and indefinite articles disappear (je ne bois ni thé ni café) while definite articles stay (je n'aime ni le thé ni le café); aucun(e) is singular, agrees with its noun and takes ne but never pas.	Use it to exclude two options at once, or to insist that there is none at all.	ne + verb + ni (X) + ni (Y); ne + verb + aucun(e) + noun; aucun(e) + noun + ne + verb	Ne…pas de removes one article; ni…ni pairs two excluded items. | Builds on A2.1 ne…rien/personne: aucun works like them, with ne and without pas.	✗ Je ne bois ni du thé ni du café. → ✓ Je ne bois ni thé ni café. | ✗ Je n'ai pas aucune idée. → ✓ Je n'ai aucune idée. | ✗ Il n'y a aucuns problèmes. → ✓ Il n'y a aucun problème.	Je ne mange ni viande ni poisson. | Je n'ai aucune idée de l'heure. | Ni Paul ni Léa ne sont venus à la réunion.	ni-ni | aucun | negation | articles	Il n'a ni voiture ni vélo, et aucun bus ne passe ici.	ni voiture ni vélo=>neither_nor=>no article after ni||aucun bus ne=>not_a_single=>aucun + ne, no pas	cefr | delf_b1 | kwiziq_b1	B1.1	FR2_A21_NEG_WORDS	FR2_A21_NEG_WORDS	regex:\bni\b[^.;!?]{1,40}\bni\b|\baucune?\b	Ne…ni…ni says neither…nor, dropping du/de la/des; ne…aucun(e) means not a single one.	Ne…ni…ni heißt weder…noch, ohne du/de la/des; ne…aucun(e) heißt kein einziger.	Ne…ni…ni exclut deux choses, sans du/de la/des ; ne…aucun(e) signifie pas un seul.	reviewed
FR2_B11_NEG_INFINITIVE	fr	B1	Negation	ne_pas_infinitive	Ne pas + infinitive: je préfère ne pas venir	Ne pas + Infinitiv: je préfère ne pas venir	Ne pas + infinitif : je préfère ne pas venir	820	true	Before an infinitive both parts of the negation stand together in front of it and in front of any object pronoun: ne pas, ne plus, ne jamais, ne rien (ne pas le faire, ne rien dire); only personne still follows the infinitive (ne voir personne).	Use it in instructions, requests, decisions and preferences: merci de ne pas fumer, j'ai décidé de ne plus…	(verb/preposition +) ne pas / ne plus / ne jamais / ne rien + (pronoun) + infinitive	With a conjugated verb ne…pas surrounds it (je ne sors pas); with an infinitive ne pas comes as a block before it. | Je ne veux pas venir (I don't want to) differs from je veux ne pas venir (I want to stay away).	✗ Je préfère ne sortir pas. → ✓ Je préfère ne pas sortir. | ✗ J'ai décidé de ne le pas dire. → ✓ J'ai décidé de ne pas le dire. | ✗ Je préfère ne voir rien. → ✓ Je préfère ne rien voir.	Il vaut mieux ne pas prendre la voiture ce soir. | Je t'ai demandé de ne pas fumer ici. | Elle a décidé de ne plus travailler le samedi.	negation | infinitive | word-order | ne-pas	Merci de ne pas laisser vos bagages dans le couloir.	ne pas laisser=>negated_infinitive=>ne pas together, before the infinitive	cefr | delf_b1 | kwiziq_b1	B1.1	FR2_A12_MODALS | FR2_A21_NEG_WORDS	FR2_A21_NEG_WORDS	regex:\bne\s+(?:pas|plus|jamais|rien|guère)(?:\s+(?:jamais|rien|encore|trop|beaucoup|toujours|tout))?\s+(?:(?:le|la|les|l'|lui|leur|y|en|me|te|se|m'|t'|s'|nous|vous)\s*){0,2}(?!(?:premier|dernier|entier|quartier|papier|métier|cahier|panier|escalier|chantier|courrier|janvier|février|clavier|calendrier|atelier|sentier|policier|boulanger|épicier|pompier|cuisinier|fermier|ouvrier|infirmier|banquier|pâtissier|plombier|écolier|dossier|grenier|acier|loyer|foyer|dîner|déjeuner|petit-déjeuner|goûter|souper|hiver|mer|cher|fer|hier|enfer|laser|super|poster|cancer|danger|étranger|léger|boucher|rocher|plancher|clocher|soir|couloir|miroir|trottoir|tiroir|mouchoir|espoir|rasoir|comptoir|plaisir|loisir|désir|avenir|soupir|cuir|tir|ordre|cylindre|poudre|cendre|foudre|tendre|moindre|votre|notre|autre|quatre)\b)(?:\w+(?:er|ir|dre|oir)|\w*faire|\w*dire|\w*lire|\w*crire|boire|\w*croire|\w*mettre|\w*vivre|\w*suivre|\w*naître|\w*paraître|\w*duire|\w*struire|\w*battre|\w*rire|\w*plaire|taire|\w*rompre|\w*vaincre|être|conclure|exclure|inclure|cuire|nuire)\b	To negate an infinitive, put ne pas together before it: je préfère ne pas sortir.	Beim Infinitiv stehen ne pas zusammen davor: je préfère ne pas sortir.	Pour nier un infinitif, ne pas se place devant lui : je préfère ne pas sortir.	reviewed
FR2_B11_INDIRECT_QUESTIONS	fr	B1	Syntax	indirect_questions	Indirect questions: je me demande si, où, ce que	Indirekte Fragen: je me demande si, où, ce que	Questions indirectes : je me demande si, où, ce que	830	true	After verbs like se demander, savoir, dire, expliquer, a question is embedded without inversion or est-ce que: yes/no questions become si (s'il), qu'est-ce que becomes ce que, qu'est-ce qui becomes ce qui, où, quand, comment, pourquoi, combien and qui stay, and before an infinitive French uses quoi (je ne sais pas quoi dire).	Use it to ask politely, wonder aloud, or say what you know or don't know.	je me demande / je ne sais pas / dis-moi + si / où / ce que… + subject + verb	Direct questions may invert (où habites-tu ?); indirect ones do not (dis-moi où tu habites). | Unlike conditional si, the si of an indirect question can take the future: je ne sais pas s'il viendra.	✗ Je me demande qu'est-ce qu'il veut. → ✓ Je me demande ce qu'il veut. | ✗ Dis-moi où habites-tu. → ✓ Dis-moi où tu habites. | ✗ Je ne sais pas si il vient. → ✓ Je ne sais pas s'il vient.	Je me demande s'il va pleuvoir ce week-end. | Tu sais où elle travaille maintenant ? | Explique-moi ce que tu as fait hier soir.	indirect-question | si | ce-que | word-order	Je ne sais pas ce qu'il veut ni s'il viendra.	ce qu'il veut=>indirect_what=>ce que replaces qu'est-ce que||s'il viendra=>indirect_yes_no=>si for yes/no, normal order	cefr | delf_b1 | kwiziq_b1	B1.1	FR2_A22_REPORTED_PRESENT | FR2_B11_CE_QUI_CE_QUE	FR2_A11_QUESTION_WORDS | FR2_B11_CE_QUI_CE_QUE	regex:\b(?:demande|demandes|demandent|demandons|demandez|demandé|demandait|demandais|demander|sais|sait|savez|savons|savent|savoir|savais|savait|dis-moi|dites-moi|dis-nous|dites-nous|explique|explique-moi|expliquez-moi|expliquer|comprends|comprend|ignore|vérifie|vérifier|regarde|raconte-moi|devine|demande-lui)\s+(?:pas\s+(?:trop\s+|vraiment\s+|encore\s+|bien\s+)?|plus\s+|bien\s+|vraiment\s+)?(?:si\b|s'ils?\b|ce\s+qu(?:e\b|')|ce\s+qui\b|où\b|quand\b(?!\s+même)|comment\b|pourquoi\b|combien\b|qui\b|quel(?:le)?s?\b|à\s+quelle\b|lequel\b|laquelle\b)	Indirect questions use normal word order and ce que, not qu'est-ce que: je me demande ce que tu veux.	Indirekte Fragen: normale Wortstellung und ce que statt qu'est-ce que: je me demande ce que tu veux.	Question indirecte : ordre normal, et ce que remplace qu'est-ce que : je me demande ce que tu veux.	reviewed
FR2_B11_POSSESSIVE_PRONOUNS	fr	B1	Pronouns	possessive_pronouns	Le mien, la tienne: possessive pronouns	Le mien, la tienne: Possessivpronomen	Le mien, la tienne : les pronoms possessifs	840	false	The possessive pronoun is article + form (le mien, la mienne, les miens, les miennes; le nôtre, la nôtre, les nôtres; le leur, les leurs), agreeing with the possessed noun; the article contracts with à and de (au mien, aux tiens, du sien, des nôtres), and nôtre/vôtre take a circumflex, unlike notre/votre.	Use it to compare or contrast belongings without repeating the noun: my phone, yours, theirs.	le/la/les + mien, tien, sien, nôtre, vôtre, leur (+ e/s); à/de + le → au/du mien	Mon, ma, mes (A1.1) come before a noun; le mien replaces the noun. | Celui, celle (A2.2) points to 'this one/that one'; le mien says whose it is.	✗ Ce n'est pas ton vélo, c'est la mienne. → ✓ Ce n'est pas ton vélo, c'est le mien. | ✗ Je pense à le mien. → ✓ Je pense au mien. | ✗ C'est notre voiture, pas la votre. → ✓ C'est notre voiture, pas la vôtre.	Mon téléphone est mort, je peux utiliser le tien ? | Leur appartement est plus grand que le nôtre. | Tu parles de ton projet ou du mien ?	possessive-pronouns | agreement | contractions	Ton vélo est garé à côté du mien, et ta clé est avec la mienne.	du mien=>contraction=>de + le mien = du mien||la mienne=>agreement_marks=>feminine: agrees with clé	cefr | delf_b1 | kwiziq_b1	B1.1	FR2_A11_POSSESSIVES | FR2_A22_DEMONSTRATIVE_PRONOUNS	FR2_A11_POSSESSIVES | FR2_A22_DEMONSTRATIVE_PRONOUNS	regex:\b(?:le|la|les|au|aux|du|des)\s+(?:mien|mienne|miens|miennes|sien|sienne|siens|siennes|nôtre|nôtres|vôtre|vôtres)\b|\b(?:au|aux|du|des)\s+(?:tien|tienne|tiens|tiennes)\b|(?<!je\s)(?<!tu\s)(?<!il\s)(?<!on\s)(?<!ne\s)(?<!elle\s)(?<!qu'il\s)\b(?:le|la|les)\s+(?:tien|tienne|tiens|tiennes)\b|\b(?:le|la|les|au|aux|du|des)\s+leurs?(?=\s*(?:[.,;!?]|$))	Le mien, la tienne, les nôtres agree with the thing owned, not the owner: ta clé et la mienne.	Le mien, la tienne, les nôtres richten sich nach dem Besitz, nicht nach dem Besitzer: la mienne.	Le mien, la tienne, les nôtres s'accordent avec la chose possédée, pas avec le possesseur : la mienne.	reviewed
FR2_B11_PREP_INFINITIVE	fr	B1	Prepositions	pour_sans_avant_de	Pour, sans, avant de + infinitive	Pour, sans, avant de + Infinitiv	Pour, sans, avant de + infinitif	850	true	Pour (purpose), sans (without), avant de (before) and the more formal afin de are followed by an infinitive when its subject is the same as the main verb's; English -ing and German zu / ohne zu / bevor are rendered by the bare infinitive.	Use it to say why you do something, what you do without doing, and what you do first.	pour / afin de / sans / avant de + infinitive (same subject)	With two different subjects French needs pour que, sans que, avant que + subjonctif (B1.2). | Avant needs de before an infinitive (avant de partir) but not before a noun (avant le départ).	✗ Avant partir, je ferme la fenêtre. → ✓ Avant de partir, je ferme la fenêtre. | ✗ Il est parti sans disant au revoir. → ✓ Il est parti sans dire au revoir. | ✗ Je travaille pour à gagner ma vie. → ✓ Je travaille pour gagner ma vie.	J'économise pour partir au Japon. | Il est parti sans dire au revoir. | Lave-toi les mains avant de manger.	infinitive | prepositions | purpose | avant-de	Avant de partir, elle a fermé la porte sans faire de bruit.	Avant de partir=>before_infinitive=>avant de + infinitive||sans faire=>without_infinitive=>sans + infinitive, no -ant	cefr | delf_b1 | kwiziq_b1	B1.1	FR2_A12_MODALS	FR2_B12_SUBJ_CONJUNCTIONS | FR2_B12_GERUND	regex:\b(?:pour\s+|sans\s+|avant\s+d(?:e\s+|')|afin\s+d(?:e\s+|'))(?:ne\s+(?:pas|plus|jamais|rien)\s+)?(?:(?:le|la|les|l'|lui|leur|y|en|me|te|se|m'|t'|s'|nous|vous)\s*){0,2}(?!(?:premier|dernier|entier|quartier|papier|métier|cahier|panier|escalier|chantier|courrier|janvier|février|clavier|calendrier|atelier|sentier|policier|boulanger|épicier|pompier|cuisinier|fermier|ouvrier|infirmier|banquier|pâtissier|plombier|écolier|dossier|grenier|acier|loyer|foyer|dîner|déjeuner|petit-déjeuner|goûter|souper|hiver|mer|cher|fer|hier|enfer|laser|super|poster|cancer|danger|étranger|léger|boucher|rocher|plancher|clocher|soir|couloir|miroir|trottoir|tiroir|mouchoir|espoir|rasoir|comptoir|plaisir|loisir|désir|avenir|soupir|cuir|tir|ordre|cylindre|poudre|cendre|foudre|tendre|moindre|votre|notre|autre|quatre)\b)(?:\w+(?:er|ir|dre|oir)|\w*faire|\w*dire|\w*lire|\w*crire|boire|\w*croire|\w*mettre|\w*vivre|\w*suivre|\w*naître|\w*paraître|\w*duire|\w*struire|\w*battre|\w*rire|\w*plaire|taire|\w*rompre|\w*vaincre|être|conclure|exclure|inclure|cuire|nuire)\b	After pour, sans and avant de, French uses the infinitive, not an -ing form: avant de partir.	Nach pour, sans und avant de steht der Infinitiv: sans dire bonjour, avant de partir.	Après pour, sans et avant de, on emploie l'infinitif : sans dire bonjour, avant de partir.	reviewed
FR2_B11_VERB_A_DE_INFINITIVE	fr	B1	Verbs	verb_a_de_infinitive	Verbs + à/de + infinitive: commencer à, arrêter de	Verben + à/de + Infinitiv: commencer à, arrêter de	Verbe + à/de + infinitif : commencer à, arrêter de	860	true	The preposition before a dependent infinitive is fixed by the verb and learnt with it: à (commencer, continuer, apprendre, réussir, hésiter, aider quelqu'un) or de (arrêter, essayer, décider, oublier, finir, refuser, accepter, choisir); modals, motion verbs and aimer/préférer take none.	Use it to talk about starting, stopping, trying, deciding or learning to do something.	verb + à + infinitive / verb + de (d') + infinitive	A2.1 taught à/de before nouns (penser à, parler de); here the same idea governs an infinitive. | Modal verbs take a bare infinitive (je veux partir), not à or de.	✗ J'ai décidé à partir. → ✓ J'ai décidé de partir. | ✗ J'aime de cuisiner. → ✓ J'aime cuisiner. | ✗ Il a arrêté fumer. → ✓ Il a arrêté de fumer.	J'ai commencé à courir le matin. | Elle a arrêté de fumer l'an dernier. | N'oublie pas de réserver les billets !	infinitive | verb-prepositions | a-de	Il a appris à nager et il essaie de courir un peu.	appris à nager=>verb_a=>apprendre à + infinitive||essaie de courir=>verb_de=>essayer de + infinitive	cefr | delf_b1 | kwiziq_b1	B1.1	FR2_A21_VERB_PREPOSITIONS	FR2_A21_VERB_PREPOSITIONS | FR2_A12_MODALS	regex:\b(?:commenc|continu|apprend|appris|appren|réussi|hésit|arrêt|essai|essay|décid|oubli|refus|accept|chois|termin|fini|promet|promis|tent|mérit|parvien|parven|oblig|invit|aid|habitu|rêv|regrett|propos|conseill|demand|permet|permis|interdi|empêch|cherch|tard|pens|sembl)\w*\s+(?:(?:pas|plus|jamais)\s+)?(?:à|de|d')\s*(?:ne\s+(?:pas|plus)\s+)?(?:(?:le|la|les|l'|lui|leur|y|en|me|te|se|m'|t'|s'|nous|vous)\s*){0,2}(?!(?:premier|dernier|entier|quartier|papier|métier|cahier|panier|escalier|chantier|courrier|janvier|février|clavier|calendrier|atelier|sentier|policier|boulanger|épicier|pompier|cuisinier|fermier|ouvrier|infirmier|banquier|pâtissier|plombier|écolier|dossier|grenier|acier|loyer|foyer|dîner|déjeuner|petit-déjeuner|goûter|souper|hiver|mer|cher|fer|hier|enfer|laser|super|poster|cancer|danger|étranger|léger|boucher|rocher|plancher|clocher|soir|couloir|miroir|trottoir|tiroir|mouchoir|espoir|rasoir|comptoir|plaisir|loisir|désir|avenir|soupir|cuir|tir|ordre|cylindre|poudre|cendre|foudre|tendre|moindre|votre|notre|autre|quatre)\b)(?:\w+(?:er|ir|dre|oir)|\w*faire|\w*dire|\w*lire|\w*crire|boire|\w*croire|\w*mettre|\w*vivre|\w*suivre|\w*naître|\w*paraître|\w*duire|\w*struire|\w*battre|\w*rire|\w*plaire|taire|\w*rompre|\w*vaincre|être|conclure|exclure|inclure|cuire|nuire)\b	Some verbs need à before an infinitive (commencer à, apprendre à), others de (arrêter de, essayer de).	Manche Verben verlangen à vor dem Infinitiv (commencer à), andere de (arrêter de, essayer de).	Certains verbes demandent à devant l'infinitif (commencer à), d'autres de (arrêter de, essayer de).	reviewed
FR2_B11_OPINION	fr	B1	Verbs	opinion_indicative	Giving an opinion: je pense que, je trouve que	Meinung äußern: je pense que, je trouve que	Donner son avis : je pense que, je trouve que	870	true	Affirmative verbs of opinion and belief (penser, croire, trouver, estimer, être sûr, il me semble que) are followed by que + indicative in any tense; à mon avis, selon moi and d'après moi introduce an opinion without que.	Use it to give your view on a film, a plan, a price, a decision or the news.	je pense / crois / trouve que + indicative; à mon avis, + clause	Negated opinion verbs (je ne pense pas que) take the subjonctif (B1.2). | Unlike English 'I think it's…', que can never be dropped.	✗ Je pense que ce soit une bonne idée. → ✓ Je pense que c'est une bonne idée. | ✗ Je crois il vient. → ✓ Je crois qu'il vient. | ✗ À mon avis que c'est trop cher. → ✓ À mon avis, c'est trop cher.	Je trouve que ce restaurant est un peu cher. | Je crois qu'il va pleuvoir cet après-midi. | À mon avis, on devrait partir plus tôt.	opinion | indicative | penser-que | argument	Je pense que Julie a raison, et je trouve que c'est juste.	Je pense que=>opinion_trigger=>affirmative opinion verb||a raison=>indicative=>indicative after affirmative penser	cefr | delf_b1 | kwiziq_b1	B1.1	FR2_A22_REPORTED_PRESENT	FR2_B12_OPINION_SUBJ	regex:\b(?:je\s+|j'|tu\s+|il\s+|elle\s+|on\s+|nous\s+|vous\s+|ils\s+|elles\s+)(?:pense|penses|pensons|pensez|pensent|crois|croit|croyons|croyez|croient|trouve|trouves|trouvons|trouvez|trouvent|estime|estimes|estimons|estimez|considère|considères|suis\s+sûre?|suis\s+certaine?|sommes\s+sûre?s|sommes\s+certaine?s)\s+qu(?:e\b|')|\bil\s+me\s+semble\s+qu(?:e\b|')|\bà\s+mon\s+avis\b|\bselon\s+(?:moi|toi|lui|elle|nous|vous|eux)\b|\bd'après\s+(?:moi|toi|lui|elle|nous|vous|eux)\b	Je pense que, je trouve que, je crois que take a normal indicative verb: je pense que c'est cher.	Nach je pense que, je trouve que, je crois que steht der Indikativ: je pense que c'est cher.	Après je pense que, je trouve que, je crois que, on met l'indicatif : je pense que c'est cher.	reviewed
FR2_B11_CAUSE_PREPOSITIONS	fr	B1	Prepositions	grace_a_a_cause_de	Grâce à, à cause de: cause with a noun	Grâce à, à cause de: Ursache mit Nomen	Grâce à, à cause de : la cause avec un nom	880	true	Grâce à (positive outcome) and à cause de (negative or neutral outcome) introduce a noun or stressed pronoun, with the usual contractions (grâce au métro, à cause du bruit, à cause d'elle); parce que and car introduce a full clause instead.	Use it to explain delays, successes, problems and thanks in one short phrase.	grâce à / à cause de + noun or stressed pronoun	Parce que, car and comme (A2.1) need a verb: parce qu'il pleut vs à cause de la pluie. | Grâce à for a bad cause sounds ironic.	✗ Je suis en retard parce que la grève. → ✓ Je suis en retard à cause de la grève. | ✗ à cause de le bruit → ✓ à cause du bruit | ✗ Grâce à la pluie, le match est annulé. → ✓ À cause de la pluie, le match est annulé.	J'ai trouvé ce job grâce à une amie. | Le vol a été annulé à cause du brouillard. | Grâce au télétravail, je vois plus mes enfants.	cause | grace-a | a-cause-de | contractions	Grâce au métro, j'arrive vite, mais à cause des grèves je suis en retard.	Grâce au=>positive_cause=>à + le = au||à cause des=>negative_cause=>de + les = des	cefr | delf_b1 | kwiziq_b1	B1.1	FR2_A21_CAUSE_CONSEQUENCE	FR2_A21_CAUSE_CONSEQUENCE | FR2_B21_CAUSE_ADVANCED	regex:\bgrâce\s+(?:à|au|aux)\b|\bà\s+cause\s+(?:de\b|du\b|des\b|d')	Before a noun: grâce à for a positive cause, à cause de for a negative one.	Vor einem Nomen: grâce à für eine positive Ursache, à cause de für eine negative.	Devant un nom : grâce à pour une cause positive, à cause de pour une cause négative.	reviewed
FR2_B11_DE_PLUS_EN_PLUS	fr	B1	Comparison	progressive_comparison	De plus en plus, plus… plus: change and proportion	De plus en plus, plus… plus: Entwicklung und je mehr…, desto…	De plus en plus, plus… plus : l'évolution et la proportion	885	false	De plus en plus and de moins en moins describe a gradual change: before an adjective or adverb (de plus en plus cher), after a verb (il pleut de plus en plus), and with de before a noun (de plus en plus de monde); plus… plus, moins… moins link two changes in proportion, with no article (plus je lis, plus j'apprends), and bien and bon become de mieux en mieux and de meilleur en meilleur.	Use it to describe trends and changes, such as prices, traffic, the weather or your own French, and to say that one thing grows with another.	de plus en plus / de moins en moins + adjective, adverb or de + noun; plus + clause, plus / moins + clause	A2.1 plus… que compares two things at one moment; de plus en plus describes one thing changing over time. | Mieux and meilleur (A2.2) replace plus bien and plus bon here too: de mieux en mieux, never de plus en plus bien.	✗ Le plus je travaille, le plus je suis fatigué. → ✓ Plus je travaille, plus je suis fatigué. | ✗ Il y a de plus en plus touristes. → ✓ Il y a de plus en plus de touristes. | ✗ Ton français est de plus en plus bien. → ✓ Ton français va de mieux en mieux.	Il y a de plus en plus de monde dans le métro. | Les loyers sont de plus en plus chers à Paris. | Plus je parle français, plus c'est facile.	comparison | de-plus-en-plus | plus-plus | change	Ton français va de mieux en mieux : plus tu parles, moins tu hésites.	de mieux en mieux=>progressive_change=>bien → de mieux en mieux, not de plus en plus bien||plus tu parles=>linked_change=>plus + clause, no article||moins tu hésites=>linked_change=>the second change follows the first	cefr | delf_b1 | kwiziq_b1	B1.1	FR2_A21_COMPARATIVE | FR2_A22_MEILLEUR_MIEUX	FR2_A21_COMPARATIVE	regex:\bde\s+(?:plus|moins|mieux|pire)\s+en\s+(?:plus|moins|mieux|pire)\b|(?:^|(?<=[.;:!?,])\s*|(?<=\bet\s))(?:plus|moins)\s+(?:je|j'|tu|il|elle|on|nous|vous|ils|elles|c'|ce|ça|le|la|les|l')\s*[^,.;!?]{1,60},\s*(?:plus|moins|mieux)\b	A change over time: de plus en plus / de moins en moins. Two linked changes: plus…, plus…	Eine Entwicklung: de plus en plus / de moins en moins. Je mehr…, desto…: plus…, plus…	Une évolution : de plus en plus / de moins en moins. Deux évolutions liées : plus…, plus…	reviewed
FR2_B12_SUBJ_FORM	fr	B1	Verbs	subjunctive_regular	Subjonctif présent: regular forms	Subjonctif présent: regelmäßige Formen	Le subjonctif présent : formes régulières	890	true	The regular present subjunctive takes the stem of the ils form of the present (ils partent → part-) plus -e, -es, -e, -ent; nous and vous use the imparfait forms (que nous partions, que vous preniez), which matters for two-stem verbs like prendre, venir and boire (que je prenne, que nous prenions).	Use these forms after triggers such as il faut que, vouloir que, pour que.	que + subject + ils-stem + e/es/e/ions/iez/ent	For -er verbs je/tu/il/ils look like the present (que je parle); only nous/vous differ (que nous parlions). | Nous and vous forms are identical to the imparfait: que nous finissions.	✗ que nous prennions → ✓ que nous prenions | ✗ Je veux que tu finis. → ✓ Je veux que tu finisses. | ✗ Il faut que je pars maintenant. → ✓ Il faut que je parte maintenant.	Il faut que je parte tôt demain. | Je veux que tu finisses ce dossier avant midi. | Il faut que vous preniez un taxi.	subjonctif | formation | conjugation	Il faut que je parte et que vous preniez les clés.	parte=>subjunctive_form=>ils partent → que je parte||preniez=>subjunctive_form=>nous/vous from the imparfait: vous preniez	cefr | delf_b1 | kwiziq_b1	B1.2	FR2_A12_IR_RE_VERBS | FR2_A22_IMPARFAIT	FR2_A22_IMPARFAIT	regex:\bqu(?:e\s+|')(?:je\s+|j'|tu\s+|il\s+|elle\s+|on\s+)(?:ne\s+|n')?(?:(?:le|la|les|l'|lui|leur|y|en|me|te|se|m'|t'|s'|nous|vous)\s*){0,2}(?:\w*isses?|partes?|sortes?|dormes?|\w*prennes?|\w*viennes?|\w*tiennes?|\w*dises?|\w*lises?|\w*écrives?|\w*mettes?|\w*tendes?|\w*pondes?|vendes?|perdes?|boives?|\w*çoives?|voies?|croies?|\w*naisses?|vives?|suives?|\w*duises?|\w*vertes?|ouvres?|offres?|serves?|sentes?)\b|\b(?:faut|faudrait|faudra|fallait|vaut\s+mieux|veux|veut|voulons|voulez|veulent|voudrais|voudrait|voudrions|voudriez|voudraient|voulais|voulait|préfère|préfères|préfèrent|préférons|préférez|préférerais|préférerait|aimerais|aimerait|aimerions|aimeraient|souhaite|souhaites|souhaitons|souhaitez|souhaitent|souhaiterais|exige|exigent|exigez|attends|attend|pour|avant|sans|afin|bien|important|nécessaire|essentiel|indispensable|normal|dommage|contente?s?|ravie?s?|heureuse?s?|heureux|désolée?s?|triste|peur|doute|jusqu'à\s+ce|(?:pense|penses|pensez|crois|croit|croyez|trouve|suis\s+sûre?|suis\s+certaine?)\s+pas)\s+qu(?:e\s+|')(?:je\s+|j'|tu\s+|il\s+|elle\s+|on\s+|nous\s+|vous\s+|ils\s+|elles\s+|ce\s+|ça\s+|cela\s+|(?:l'|(?:le|la|les|mon|ma|mes|ton|ta|tes|son|sa|ses|notre|votre|nos|vos|leur|leurs|cet|cette|ces)\s+)\w+\s+)(?:ne\s+|n')?(?:(?:le|la|les|l'|lui|leur|y|en|me|te|se|m'|t'|s'|nous|vous)\s*){0,2}(?:\w{2,}(?:e|es|ions|iez|ent)|sois|soit|soyons|soyez|soient|ait|aient|ayons|ayez)\b	Subjonctif: ils-stem (drop -ent) plus -e, -es, -e, -ions, -iez, -ent: ils finissent → que je finisse.	Subjonctif: ils-Stamm (ohne -ent) plus -e, -es, -e, -ions, -iez, -ent: ils finissent → que je finisse.	Subjonctif : radical de la forme ils, sans -ent, + -e, -es, -e, -ions, -iez, -ent.	reviewed
FR2_B12_SUBJ_IRREGULAR	fr	B1	Verbs	subjunctive_irregular	Subjonctif: irregular verbs (sois, aie, aille, fasse…)	Subjonctif: unregelmäßige Verben (sois, aie, aille, fasse…)	Le subjonctif des verbes irréguliers (sois, aie, aille, fasse…)	900	true	Être (sois, sois, soit, soyons, soyez, soient) and avoir (aie, aies, ait, ayons, ayez, aient) are fully irregular; faire (fasse), pouvoir (puisse) and savoir (sache) keep one stem throughout; aller (aille, allions) and vouloir (veuille, voulions) return to the regular stem for nous and vous.	Use them after subjunctive triggers with the most frequent verbs: il faut que tu sois là, pour qu'on puisse partir.	que je sois / aie / aille / fasse / puisse / sache / veuille	Unlike regular verbs, these forms do not come from the ils stem (ils vont → que j'aille). | Aller and vouloir are two-stem: que j'aille but que nous allions, que je veuille but que vous vouliez.	✗ Il faut que tu es à l'heure. → ✓ Il faut que tu sois à l'heure. | ✗ que nous aillions → ✓ que nous allions | ✗ que nous soyions → ✓ que nous soyons	Il faut que tu sois là à huit heures. | Je veux qu'on aille au cinéma ce soir. | Il faut que je fasse les courses avant midi.	subjonctif | irregular | etre | avoir | aller	Il faut que tu aies ton passeport et que nous allions à l'aéroport.	aies=>irregular_subjunctive=>avoir: que tu aies||allions=>regular_stem_return=>aller: nous/vous go back to all-	cefr | delf_b1 | kwiziq_b1	B1.2	FR2_B12_SUBJ_FORM		regex:\b(?:sois|soyons|soyez|soient|aie|aies|ait|ayons|ayez|aient|aille|ailles|aillent|fasse|fasses|fassions|fassiez|fassent|puisse|puisses|puissions|puissiez|puissent|sache|saches|sachions|sachiez|sachent|veuille|veuilles|veuillent|vaille|faille)\b|\bqu(?:e\s+|')(?:\w+\s+){1,2}soit\b|\bque\s+ce\s+soit\b|\b(?:faut|faudrait|faudra|fallait|vaut\s+mieux|veux|veut|voulons|voulez|veulent|voudrais|voudrait|voudrions|voudriez|voudraient|voulais|voulait|préfère|préfères|préfèrent|préférons|préférez|préférerais|préférerait|aimerais|aimerait|aimerions|aimeraient|souhaite|souhaites|souhaitons|souhaitez|souhaitent|souhaiterais|exige|exigent|exigez|attends|attend|pour|avant|sans|afin|bien|important|nécessaire|essentiel|indispensable|normal|dommage|contente?s?|ravie?s?|heureuse?s?|heureux|désolée?s?|triste|peur|doute|jusqu'à\s+ce|(?:pense|penses|pensez|crois|croit|croyez|trouve|suis\s+sûre?|suis\s+certaine?)\s+pas)\s+que\s+(?:nous|vous)\s+(?:allions|alliez|voulions|vouliez)\b	Irregular subjonctifs to know by heart: sois, aie, aille, fasse, puisse, sache, veuille (être, avoir, aller, faire…).	Auswendig lernen: sois (être), aie (avoir), aille (aller), fasse (faire), puisse, sache, veuille.	À connaître par cœur : que je sois, aie, aille, fasse, puisse, sache, veuille.	reviewed
FR2_B12_SUBJ_NECESSITY	fr	B1	Verbs	il_faut_que	Il faut que + subjonctif	Il faut que + Subjonctif	Il faut que + subjonctif	910	true	Il faut que (and il faudrait que, il vaut mieux que, il est nécessaire/important que) always takes the subjonctif; il faut + infinitive expresses a general obligation, and devoir + infinitive is the indicative alternative for a specific person.	Use it for tasks, obligations and plans: who has to call, pay, leave or finish what.	il faut / il vaut mieux / il est important que + subject + subjonctif	A1.2 il faut + infinitive and the imperative give general or direct orders; il faut que + subjonctif names the person. | Tu dois partir says the same with the indicative.	✗ Il faut que tu viens demain. → ✓ Il faut que tu viennes demain. | ✗ Si tu es fatigué, il ne faut pas que tu viennes. → ✓ Si tu es fatigué, tu n'es pas obligé de venir. | ✗ Tu faut partir. → ✓ Il faut que tu partes.	Il faut que je rappelle le propriétaire. | Il faut qu'on parte avant six heures. | Il faudrait que vous remplissiez ce formulaire.	subjonctif | il-faut-que | obligation	Il faut que tu viennes et qu'on finisse ce projet.	Il faut que=>trigger=>necessity triggers the subjonctif||viennes=>subjunctive_form=>venir: ils viennent → que tu viennes||finisse=>subjunctive_form=>finir: que l'on finisse	cefr | delf_b1 | kwiziq_b1	B1.2	FR2_B12_SUBJ_FORM	FR2_A12_IMPERATIVE | FR2_A12_MODALS	regex:(?:\bil\s+(?:ne\s+)?(?:faut|faudrait|faudra|fallait)\s+(?:pas\s+)?|\bil\s+(?:vaut|vaudrait)\s+mieux\s+|\bil\s+est\s+(?:nécessaire|important|essentiel|indispensable|urgent)\s+)qu(?:e\s+|')(?:je\s+|j'|tu\s+|il\s+|elle\s+|on\s+|nous\s+|vous\s+|ils\s+|elles\s+|ce\s+|ça\s+|cela\s+|(?:l'|(?:le|la|les|mon|ma|mes|ton|ta|tes|son|sa|ses|notre|votre|nos|vos|leur|leurs|cet|cette|ces)\s+)\w+\s+)(?:ne\s+|n')?(?:(?:le|la|les|l'|lui|leur|y|en|me|te|se|m'|t'|s'|nous|vous)\s*){0,2}(?:\w{2,}(?:e|es|ions|iez|ent)|sois|soit|soyons|soyez|soient|ait|aient|ayons|ayez)\b	Il faut que + subjonctif names who must act: il faut que tu partes; il faut partir is general.	Il faut que + Subjonctif nennt, wer handeln muss: il faut que tu partes; il faut partir gilt allgemein.	Il faut que + subjonctif dit qui doit agir : il faut que tu partes.	reviewed
FR2_B12_SUBJ_WILL	fr	B1	Verbs	vouloir_que	Vouloir que, préférer que + subjonctif	Vouloir que, préférer que + Subjonctif	Vouloir que, préférer que + subjonctif	920	true	Verbs of will and wish (vouloir, préférer, aimer, souhaiter, exiger, demander) take que + subjonctif when the second verb has a different subject; with the same subject they take an infinitive (je veux partir, never je veux que je parte).	Use it to say what you want, prefer or ask others to do: colleagues, friends, a landlord.	vouloir / préférer / aimer / souhaiter que + other subject + subjonctif	One subject: je veux partir (modal + infinitive, A1.2); two subjects: je veux que tu partes. | Espérer que takes the indicative (B2.1): j'espère que tu viendras.	✗ Je veux que je parte. → ✓ Je veux partir. | ✗ Je veux toi venir. → ✓ Je veux que tu viennes. | ✗ J'espère que tu viennes. → ✓ J'espère que tu viendras.	Je voudrais que tu m'appelles ce soir. | Ils préfèrent qu'on se voie au café. | Ma cheffe veut que je finisse le rapport aujourd'hui.	subjonctif | vouloir-que | wishes	Je préfère que tu prennes le train.	préfère que=>trigger=>will/preference verb + que||prennes=>subjunctive_form=>ils prennent → que tu prennes	cefr | delf_b1 | kwiziq_b1	B1.2	FR2_B12_SUBJ_IRREGULAR	FR2_A12_MODALS | FR2_B21_INDIC_SUBJ	regex:\b(?:veux|veut|voulons|voulez|veulent|voudrais|voudrait|voudrions|voudriez|voudraient|voulais|voulait|préfère|préfères|préférons|préférez|préfèrent|préférerais|préférerait|aimerais|aimerait|aimerions|aimeriez|aimeraient|souhaite|souhaites|souhaitons|souhaitez|souhaitent|souhaiterais|souhaiterait|exige|exiges|exigeons|exigez|exigent|demande|demandent)\s+qu(?:e\s+|')(?:je\s+|j'|tu\s+|il\s+|elle\s+|on\s+|nous\s+|vous\s+|ils\s+|elles\s+|ce\s+|ça\s+|cela\s+|(?:l'|(?:le|la|les|mon|ma|mes|ton|ta|tes|son|sa|ses|notre|votre|nos|vos|leur|leurs|cet|cette|ces)\s+)\w+\s+)(?:ne\s+|n')?(?:(?:le|la|les|l'|lui|leur|y|en|me|te|se|m'|t'|s'|nous|vous)\s*){0,2}(?:\w{2,}(?:e|es|ions|iez|ent)|sois|soit|soyons|soyez|soient|ait|aient|ayons|ayez)\b	When you want someone else to act, use vouloir/préférer que + subjonctif: je veux que tu viennes.	Wenn jemand anderes handeln soll: vouloir/préférer que + Subjonctif: je veux que tu viennes.	Pour vouloir qu'une autre personne agisse : vouloir/préférer que + subjonctif : je veux que tu viennes.	reviewed
FR2_B12_OPINION_SUBJ	fr	B1	Verbs	opinion_negated_subjunctive	Je pense que vs je ne pense pas que	Je pense que vs je ne pense pas que	Je pense que ou je ne pense pas que	930	true	Affirmative penser, croire, trouver and être sûr que express certainty and take the indicative; negated (je ne crois pas que) or in an inverted question (penses-tu qu'il vienne ?) they express doubt and normally take the subjonctif.	Use it to agree, disagree and express doubt in discussions.	je pense que + indicatif / je ne pense pas que + subjonctif	B1.1 je pense que + indicative is the affirmative half; the negation flips the mood. | Both directions are errors: never je pense que ce soit, never je ne pense pas que c'est in writing.	✗ Je ne pense pas que c'est possible. → ✓ Je ne pense pas que ce soit possible. | ✗ Je pense que ce soit vrai. → ✓ Je pense que c'est vrai. | ✗ Je ne crois pas qu'il peut venir. → ✓ Je ne crois pas qu'il puisse venir.	Je ne pense pas qu'il vienne ce soir. | Je ne crois pas que ce soit une bonne idée. | Je pense qu'il viendra, mais je ne crois pas qu'il puisse rester.	subjonctif | opinion | negation | mood	Je pense qu'il a raison, mais je ne crois pas qu'il ait le temps.	Je pense qu'il a=>affirmative_indicative=>certainty: indicative||ne crois pas qu'il ait=>negated_subjunctive=>doubt: subjonctif of avoir	cefr | delf_b1 | kwiziq_b1	B1.2	FR2_B11_OPINION | FR2_B12_SUBJ_IRREGULAR	FR2_B11_OPINION | FR2_B21_SUBJ_DOUBT	regex:\bn(?:e\s+|')(?:pense|penses|pensons|pensez|pensent|crois|croit|croyons|croyez|croient|trouve|trouves|trouvons|trouvez|trouvent|suis|es|est|sommes|êtes|sont)\s+pas\s+(?:sûre?s?\s+|certaine?s?\s+)?qu(?:e\s+|')(?:je\s+|j'|tu\s+|il\s+|elle\s+|on\s+|nous\s+|vous\s+|ils\s+|elles\s+|ce\s+|ça\s+|cela\s+|(?:l'|(?:le|la|les|mon|ma|mes|ton|ta|tes|son|sa|ses|notre|votre|nos|vos|leur|leurs|cet|cette|ces)\s+)\w+\s+)(?:ne\s+|n')?(?:(?:le|la|les|l'|lui|leur|y|en|me|te|se|m'|t'|s'|nous|vous)\s*){0,2}(?:\w{2,}(?:e|es|ions|iez|ent)|sois|soit|soyons|soyez|soient|ait|aient|ayons|ayez)\b|\b(?:penses|pensez|crois|croyez|trouves|trouvez)-(?:tu|vous)\s+qu(?:e\s+|')(?:je\s+|j'|tu\s+|il\s+|elle\s+|on\s+|nous\s+|vous\s+|ils\s+|elles\s+|ce\s+|ça\s+|cela\s+|(?:l'|(?:le|la|les|mon|ma|mes|ton|ta|tes|son|sa|ses|notre|votre|nos|vos|leur|leurs|cet|cette|ces)\s+)\w+\s+)(?:ne\s+|n')?(?:(?:le|la|les|l'|lui|leur|y|en|me|te|se|m'|t'|s'|nous|vous)\s*){0,2}(?:\w{2,}(?:e|es|ions|iez|ent)|sois|soit|soyons|soyez|soient|ait|aient|ayons|ayez)\b	Je pense que takes the indicative; negated or questioned (je ne pense pas que) it takes the subjonctif.	Je pense que + Indikativ; verneint (je ne pense pas que) folgt der Subjonctif.	Je pense que + indicatif ; à la forme négative (je ne pense pas que), on emploie le subjonctif.	reviewed
FR2_B12_SUBJ_CONJUNCTIONS	fr	B1	Connectors	pour_que_avant_que	Pour que, avant que, sans que + subjonctif	Pour que, avant que, sans que + Subjonctif	Pour que, avant que, sans que + subjonctif	940	true	Pour que, avant que, sans que (also afin que, jusqu'à ce que) always take the subjonctif and are used only when the two clauses have different subjects; with the same subject French switches to pour, avant de, sans + infinitive (je t'appelle avant de partir vs je t'appelle avant que tu partes).	Use it to explain purposes and sequences involving other people: so that you understand, before he leaves.	main clause + pour que / avant que / sans que + other subject + subjonctif	B1.1 pour, sans, avant de + infinitive is the same-subject version. | Après que is not in this group: it takes the indicative (B2.2).	✗ Je t'appelle avant que je parte. → ✓ Je t'appelle avant de partir. | ✗ pour que tu comprends → ✓ pour que tu comprennes | ✗ Je travaille pour que je gagne ma vie. → ✓ Je travaille pour gagner ma vie.	Je t'explique pour que tu comprennes. | Rentre avant qu'il fasse nuit. | Elle est partie sans que je le sache.	subjonctif | pour-que | avant-que | conjunctions	Je laisse la clé pour que tu puisses entrer avant que j'arrive.	pour que tu puisses=>purpose_subjunctive=>different subject: pour que + subjonctif||avant que j'arrive=>before_subjunctive=>different subject: avant que + subjonctif	cefr | delf_b1 | kwiziq_b1	B1.2	FR2_B12_SUBJ_FORM | FR2_B11_PREP_INFINITIVE	FR2_B11_PREP_INFINITIVE | FR2_B22_APRES_QUE	regex:\b(?:pour|avant|sans|afin|jusqu'à\s+ce)\s+qu(?:e\s+|')(?:je\s+|j'|tu\s+|il\s+|elle\s+|on\s+|nous\s+|vous\s+|ils\s+|elles\s+|ce\s+|ça\s+|cela\s+|(?:l'|(?:le|la|les|mon|ma|mes|ton|ta|tes|son|sa|ses|notre|votre|nos|vos|leur|leurs|cet|cette|ces)\s+)\w+\s+)(?:ne\s+|n')?(?:(?:le|la|les|l'|lui|leur|y|en|me|te|se|m'|t'|s'|nous|vous)\s*){0,2}(?:\w{2,}(?:e|es|ions|iez|ent)|sois|soit|soyons|soyez|soient|ait|aient|ayons|ayez)\b	Two different subjects: pour que, avant que, sans que + subjonctif; one subject: pour, avant de, sans + infinitive.	Zwei verschiedene Subjekte: pour que, avant que, sans que + Subjonctif; ein Subjekt: pour, avant de, sans + Infinitiv.	Pour que, avant que, sans que + subjonctif si les sujets diffèrent ; sinon pour, avant de, sans + infinitif.	reviewed
FR2_B12_PASSIVE	fr	B1	Verbs	passive_intro	The passive: être + participle (+ par)	Das Passiv: être + Participe (+ par)	Le passif : être + participe (+ par)	950	true	The passive is être in the tense of the active verb plus the past participle, which agrees with the subject (la réunion est annulée, les billets ont été vendus); the agent is introduced by par, or by de with verbs of feeling and state (aimé de tous, couvert de neige), and only verbs with a direct object can be made passive.	Use it in news, official notices and work contexts when the result matters more than who did it.	subject + être (any tense) + participe (+ par / de + agent)	In the passé composé the passive has two participles: a été vendu(e); do not confuse with the active être verbs (elle est partie). | Spoken French often prefers on: on a vendu la maison.	✗ La lettre a été écrit par Paul. → ✓ La lettre a été écrite par Paul. | ✗ J'ai été demandé de venir. → ✓ On m'a demandé de venir. | ✗ Les billets ont été vendu. → ✓ Les billets ont été vendus.	Le vol a été annulé à cause de la grève. | Ce roman a été écrit par une journaliste. | La ville est entourée de montagnes.	passive | etre | participle | agreement	Le contrat a été signé par la directrice.	a été signé=>passive_verb=>être (passé composé) + participe||par la directrice=>agent=>the doer, after par	cefr | delf_b1 | kwiziq_b1	B1.2	FR2_A21_PC_ETRE	FR2_A21_PC_ETRE | FR2_B21_PRONOMINAL_PASSIVE	regex:\b(?:a|ont|avait|avaient|aura|auront|aurait|auraient)\s+été\s+(?!(?:du|si|ni|plus|tu|aussi|envie|ici|lui|trois|mois|fois|parfois|assis|souci|midi|ami|amie|amis|amies|ennui|ennuis|vue|toi|moi|parmi|samedi|lundi|mardi|mercredi|jeudi|vendredi|dimanche|après-midi|tous|jus|bus|menu|pu)\b)\w+(?:é|ée|és|ées|i|ie|is|ies|u|ue|us|ues|it|ite|its|ites|ert|erte|erts|ertes)\b|\b(?:est|sont|était|étaient|sera|seront|serait|seraient)\s+(?:(?:souvent|toujours|déjà|bien|très|mal|tous|toutes)\s+)?(?!(?:allé|venu|revenu|devenu|parvenu|parti|reparti|arrivé|sorti|ressorti|entré|rentré|resté|tombé|né|mort|monté|descendu|retourné|passé|fatigué|occupé|marié|pressé|désolé|habillé|énervé|stressé|situé|sucré|salé|doué|âgé|décidé|débordé|calé|zoné)(?:e|s|es)?\b)(?!(?:du|si|ni|plus|tu|aussi|envie|ici|lui|trois|mois|fois|parfois|assis|souci|midi|ami|amie|amis|amies|ennui|ennuis|vue|toi|moi|parmi|samedi|lundi|mardi|mercredi|jeudi|vendredi|dimanche|après-midi|tous|jus|bus|menu|pu)\b)\w+(?:é|ée|és|ées|i|ie|is|ies|u|ue|us|ues|it|ite|its|ites|ert|erte|erts|ertes)\s+par\s|\b(?:est|sont|était|étaient|sera|seront)\s+(?:(?:très|bien|souvent|toujours)\s+)?(?:entouré|couvert|rempli|aimé|apprécié|respecté|détesté|connu|suivi|accompagné|composé|décoré|équipé|précédé|orné|peuplé|admiré|craint|habité|fréquenté|bordé|planté|envahi)(?:e|s|es)?\s+(?:de\b|d'|des\b|du\b)|(?:\bl'|\b(?:le|la|les|ce|cet|cette|ces|mon|ma|mes|ton|ta|tes|son|sa|ses|notre|votre|nos|vos|leur|leurs)\s+)(?!(?:on|il|elle)\b)\w+\s+(?:est|sont|sera|seront)\s+(?:(?:déjà|souvent|toujours)\s+)?(?!(?:allé|venu|revenu|devenu|parvenu|parti|reparti|arrivé|sorti|ressorti|entré|rentré|resté|tombé|né|mort|monté|descendu|retourné|passé|fatigué|occupé|marié|pressé|désolé|habillé|énervé|stressé|situé|sucré|salé|doué|âgé|décidé|débordé|calé|zoné)(?:e|s|es)?\b)\w+(?:é|ée|és|ées)\b	Passive = être + participe agreeing with the subject, agent after par: la maison a été vendue par Marc.	Passiv = être + Participe, das sich nach dem Subjekt richtet; Urheber mit par: elle est invitée par Marc.	Passif = être + participe accordé avec le sujet, l'agent après par : elle est invitée par Marc.	reviewed
FR2_B12_GERUND	fr	B1	Verbs	gerund	Gérondif: en + -ant	Gérondif: en + -ant	Le gérondif : en + -ant	960	true	The gérondif is en + present participle, formed from the nous present stem + -ant (nous prenons → en prenant), with three exceptions: en étant, en ayant, en sachant; it expresses simultaneity, manner or condition, and its implied subject is the subject of the main verb.	Use it to say how you do something or what you do at the same time: cooking while listening, learning by travelling.	en + nous-stem + -ant	English -ing after 'while/by' and German 'beim/indem' map to the gérondif, but English -ing after prepositions like 'without' or 'before' does not (sans parler, avant de partir). | Pendant que + clause (B1.2) is needed when the subjects differ.	✗ En sortir du bureau, j'ai vu Paul. → ✓ En sortant du bureau, j'ai vu Paul. | ✗ En arrivant à la gare, le train est parti. → ✓ En arrivant à la gare, j'ai vu que le train était parti. | ✗ En savant la réponse, il a levé la main. → ✓ En sachant la réponse, il a levé la main.	J'écoute des podcasts en cuisinant. | On apprend beaucoup en voyageant. | En prenant le métro, tu arriveras plus vite.	gerondif | participle | simultaneity | manner	En arrivant au bureau, il a bu un café en lisant ses mails.	En arrivant=>time=>when he arrived||en lisant=>simultaneity=>nous lisons → en lisant	cefr | delf_b1 | kwiziq_b1	B1.2	FR2_A22_IMPARFAIT	FR2_B11_PREP_INFINITIVE | FR2_B12_TIME_CLAUSES	regex:\ben\s+(?:(?:le|la|les|l'|lui|leur|y|en|me|te|se|m'|t'|s'|nous|vous)\s*)?(?!(?:avant|maintenant|restaurant|cependant|pendant|durant|enfant|argent|instant|néant|géant|diamant|croissant|élégant|étudiant|habitant|passant|volant|vacant)\b)\w{2,}ant\b	Gérondif = en + nous-stem + -ant: two actions of one subject at once, or how: en marchant.	Gérondif = en + nous-Stamm + -ant: zwei gleichzeitige Handlungen desselben Subjekts oder das Wie: en marchant.	Gérondif = en + radical de nous + -ant : deux actions simultanées du même sujet, ou la manière.	reviewed
FR2_B12_LEQUEL	fr	B1	Pronouns	lequel_question	Lequel, laquelle: which one?	Lequel, laquelle: welcher?	Lequel, laquelle : le pronom interrogatif	970	true	Lequel is the pronoun form of quel (le + quel), agreeing in gender and number with the noun it replaces; with à and de it contracts like the article: auquel, auxquels, auxquelles, duquel, desquels, desquelles (but à laquelle, de laquelle).	Use it to ask someone to choose between options already mentioned: tickets, dishes, flats.	lequel / laquelle / lesquels / lesquelles (+ verb) ?; à + lequel = auquel	Quel goes before a noun (quel film ?); lequel stands alone (lequel ?). | Celui (A2.2) points; lequel asks.	✗ À lequel tu penses ? → ✓ Auquel tu penses ? | ✗ Deux robes… lequel tu préfères ? → ✓ Deux robes… laquelle tu préfères ? | ✗ Lequel film tu veux voir ? → ✓ Quel film tu veux voir ?	J'ai deux billets : lequel tu veux ? | Parmi ces vins, lesquels vous recommandez ? | Il y a trois restaurants ; auquel on va ce soir ?	lequel | questions | choice | contractions	Voici deux cafés : lequel préfères-tu, et auquel on va ?	lequel=>which_one=>le + quel, agrees with café||auquel=>contraction=>à + lequel = auquel	cefr | delf_b1 | kwiziq_b1	B1.2	FR2_A11_QUESTION_WORDS | FR2_A22_DEMONSTRATIVE_PRONOUNS	FR2_A11_QUESTION_WORDS | FR2_B12_RELATIVE_PREPOSITION	regex:\b(?:lequel|laquelle|lesquels|lesquelles|auquel|auxquels|auxquelles|duquel|desquels|desquelles)\b[^.!?]*\?	Lequel, laquelle, lesquels, lesquelles ask 'which one(s)?' and agree with the noun: laquelle préfères-tu ?	Lequel, laquelle, lesquels, lesquelles fragen „welcher?“ und richten sich nach dem Nomen: laquelle préfères-tu ?	Lequel, laquelle, lesquels, lesquelles demandent un choix et s'accordent avec le nom : laquelle préfères-tu ?	reviewed
FR2_B12_RELATIVE_PREPOSITION	fr	B1	Relative clauses	preposition_lequel_qui	Avec qui, auquel, duquel: relatives after a preposition	Avec qui, auquel, duquel: Relativsätze nach Präposition	Avec qui, auquel, duquel : relatives après préposition	980	true	After a preposition the relative pronoun is qui for people (la collègue avec qui je travaille) and lequel/laquelle/lesquels/lesquelles for things (le projet sur lequel je travaille); à and de contract (le cinéma auquel je pense, le parc près duquel j'habite), and a simple de + noun usually becomes dont.	Use it to describe people and things by what you do with, for, on or near them.	noun + preposition + qui (people) / lequel (things) + subject + verb	Dont (B1.1) covers a simple de: le livre dont je parle; duquel is for compound prepositions (près de, à côté de). | French never leaves the preposition at the end like English 'the project I work on'.	✗ Le projet que je travaille sur. → ✓ Le projet sur lequel je travaille. | ✗ le sujet à lequel je pense → ✓ le sujet auquel je pense | ✗ la personne avec que je travaille → ✓ la personne avec qui je travaille	C'est l'amie avec qui je pars en vacances. | Voilà le problème auquel je pense depuis hier. | L'immeuble à côté duquel j'habite est en travaux.	relative-clause | lequel | prepositions | contractions	La collègue avec qui je déjeune travaille sur un projet auquel elle tient beaucoup.	avec qui=>person_after_preposition=>qui for a person after avec||auquel=>contraction=>à + lequel (tenir à)	cefr | delf_b1 | kwiziq_b1	B1.2	FR2_B11_DONT | FR2_B12_LEQUEL	FR2_B11_DONT	regex:(?:\b(?:avec|pour|chez|sans|sur|sous|dans|par|contre|vers|entre|parmi|devant|derrière|pendant|selon|malgré|à|de)\s+(?:qui|lequel|laquelle|lesquels|lesquelles)\b|\b(?:auquel|auxquels|auxquelles|duquel|desquels|desquelles)\b)(?![^.!?]*\?)	After a preposition: qui for people, lequel for things: l'ami avec qui je vis, le stylo avec lequel j'écris.	Nach Präposition: qui für Personen, lequel für Sachen: l'ami avec qui je vis, le stylo avec lequel j'écris.	Après une préposition : qui pour les personnes, lequel pour les choses (auquel, duquel avec à et de).	reviewed
FR2_B12_REPORTED_PAST	fr	B1	Syntax	reported_speech_past	Reporting in the past: il a dit qu'il viendrait	Indirekte Rede in der Vergangenheit: il a dit qu'il viendrait	Le discours rapporté au passé : il a dit qu'il viendrait	990	true	When the reporting verb is in a past tense (il a dit, elle expliquait), the reported clause shifts back: présent → imparfait, futur simple → conditionnel présent, passé composé → plus-que-parfait; imparfait, conditionnel and plus-que-parfait stay unchanged, an imperative becomes de + infinitive (il m'a dit de venir), and pronouns shift to the reporter's viewpoint.	Use it to pass on what someone said, promised or explained earlier: a colleague, a friend, the news.	il a dit / expliqué que + imparfait / conditionnel / plus-que-parfait; il m'a dit de + infinitive	With il dit que (A2.2, present) the tenses stay as spoken; with il a dit que they shift back. | The time words shift too in formal reports (demain → le lendemain), fully covered in B2.2.	✗ Elle m'a dit qu'elle viendra. → ✓ Elle m'a dit qu'elle viendrait. | ✗ Il a dit qu'il a fini. → ✓ Il a dit qu'il avait fini. | ✗ Il m'a dit que je viens. → ✓ Il m'a dit de venir.	Elle m'a dit qu'elle était fatiguée. | Paul a dit qu'il viendrait à la fête. | Ils ont expliqué qu'ils avaient raté le train. | Le médecin m'a dit de rester au lit.	reported-speech | sequence-of-tenses | conditionnel | plus-que-parfait	Marc a dit qu'il était malade et qu'il reviendrait lundi.	a dit=>past_reporting_verb=>past tense triggers the shift||était=>shifted_present=>je suis → il était||reviendrait=>shifted_future=>je reviendrai → il reviendrait	cefr | delf_b1 | kwiziq_b1	B1.2	FR2_A22_REPORTED_PRESENT | FR2_B11_CONDITIONAL | FR2_B11_PLUS_QUE_PARFAIT	FR2_A22_REPORTED_PRESENT | FR2_B22_REPORTED_SEQUENCE	regex:\b(?:a|as|ai|avait|ont|avons|avez|avaient)\s+(?:dit|expliqué|répondu|annoncé|écrit|raconté|promis|affirmé|déclaré|précisé|répété|assuré|juré|avoué|prévenu|confirmé|reconnu)\s+(?:à\s+\w+\s+)?qu(?:e\s+|')(?:\w+(?:\s+|')){0,3}?\w*(?:ait|aient|ais|ions|iez)\b|\b(?:disait|disaient|expliquait|expliquaient|répondait|racontait|écrivait|affirmait|annonçait)\s+qu(?:e\s+|')(?:\w+(?:\s+|')){0,3}?\w*(?:ait|aient|ais)\b|\b(?:a|as|ai|avait|ont|avons|avez|avaient)\s+(?:dit|demandé|conseillé|ordonné|proposé|suggéré|rappelé|interdit|permis)\s+(?:à\s+\w+\s+)?d(?:e\s+|')(?:ne\s+(?:pas|plus|jamais)\s+)?(?:(?:le|la|les|l'|lui|leur|y|en|me|te|se|m'|t'|s'|nous|vous)\s*){0,2}(?!(?:premier|dernier|entier|quartier|papier|métier|cahier|panier|escalier|chantier|courrier|janvier|février|clavier|calendrier|atelier|sentier|policier|boulanger|épicier|pompier|cuisinier|fermier|ouvrier|infirmier|banquier|pâtissier|plombier|écolier|dossier|grenier|acier|loyer|foyer|dîner|déjeuner|petit-déjeuner|goûter|souper|hiver|mer|cher|fer|hier|enfer|laser|super|poster|cancer|danger|étranger|léger|boucher|rocher|plancher|clocher|soir|couloir|miroir|trottoir|tiroir|mouchoir|espoir|rasoir|comptoir|plaisir|loisir|désir|avenir|soupir|cuir|tir|ordre|cylindre|poudre|cendre|foudre|tendre|moindre|votre|notre|autre|quatre)\b)(?:\w+(?:er|ir|dre|oir)|\w*faire|\w*dire|\w*lire|\w*crire|boire|\w*croire|\w*mettre|\w*vivre|\w*suivre|\w*naître|\w*paraître|\w*duire|\w*struire|\w*battre|\w*rire|\w*plaire|taire|\w*rompre|\w*vaincre|être|conclure|exclure|inclure|cuire|nuire)\b	After il a dit que, shift tenses: present → imparfait, future → conditionnel, passé composé → plus-que-parfait.	Nach il a dit que verschieben sich die Zeiten: Präsens → Imparfait, Futur → Conditionnel, Passé composé → Plus-que-parfait.	Après il a dit que : présent → imparfait, futur → conditionnel, passé composé → plus-que-parfait.	reviewed
FR2_B12_OPPOSITION	fr	B1	Connectors	pourtant_alors_que	Pourtant, par contre, alors que: opposing	Pourtant, par contre, alors que: Gegensätze	Pourtant, par contre, alors que : l'opposition	1000	true	Alors que (and tandis que) is a conjunction linking two contrasting clauses in the indicative; pourtant (yet, even so) and par contre / en revanche (on the other hand) are adverbs linking sentences or clauses; mais remains the neutral basic choice.	Use it to compare places, prices, people or options and to point out surprising contrasts.	clause + alors que + clause; clause ; pourtant / par contre, clause	Mais is neutral; pourtant adds surprise, par contre sets two sides against each other. | Bien que + subjonctif (B2.1) is the formal concessive conjunction.	✗ Il travaille beaucoup, pourtant qu'il gagne peu. → ✓ Il travaille beaucoup, pourtant il gagne peu. | ✗ Il est riche, par contre qu'il est malheureux. → ✓ Il est riche, par contre il est malheureux. | ✗ Il pleut à Paris. Alors qu'il fait beau à Nice. → ✓ Il pleut à Paris, alors qu'il fait beau à Nice.	Il fait beau à Nice, alors qu'il pleut à Paris. | Le loyer est cher ; pourtant l'appartement est petit. | Le café est bon, par contre le service est lent.	connectors | opposition | pourtant | alors-que	Elle adore la montagne alors que son mari préfère la mer ; pourtant ils partent ensemble.	alors que=>contrast_conjunction=>whereas: links two clauses||pourtant=>concessive_adverb=>and yet: a surprising contrast	cefr | delf_b1 | kwiziq_b1	B1.2	FR2_A21_CAUSE_CONSEQUENCE	FR2_B21_CONCESSION	regex:\bpourtant\b|\bpar\s+contre\b|\ben\s+revanche\b|\b(?:alors|tandis)\s+qu(?:e\b|')	Use alors que inside one sentence (whereas), pourtant for 'and yet', par contre for 'on the other hand'.	Alors que verbindet im Satz (während), pourtant heißt trotzdem, par contre heißt dagegen.	Alors que oppose deux faits dans une phrase ; pourtant marque la surprise ; par contre introduit un contraste.	reviewed
FR2_B12_CONSEQUENCE	fr	B1	Connectors	cest_pourquoi	C'est pourquoi, par conséquent: consequence	C'est pourquoi, par conséquent: Folge	C'est pourquoi, par conséquent : la conséquence	1010	true	C'est pourquoi, par conséquent, c'est pour ça que and du coup introduce a consequence at the start of a clause, after a full stop, semicolon or comma; unlike car and comme they give the result, not the cause.	Use it to explain decisions and results in emails, reports and stories.	cause ; c'est pourquoi / par conséquent + result	A2.1 donc and alors are the basic choices; c'est pourquoi and par conséquent are more formal. | Car and comme give the cause; these give the result.	✗ Il pleuvait, c'est pourquoi que je suis resté. → ✓ Il pleuvait, c'est pourquoi je suis resté. | ✗ C'est pour ça je suis venu. → ✓ C'est pour ça que je suis venu. | ✗ J'ai pris un taxi, par conséquent le train était annulé. → ✓ Le train était annulé, par conséquent j'ai pris un taxi.	Le train était annulé ; c'est pourquoi j'ai pris un taxi. | Les prix ont augmenté, par conséquent nous changeons de fournisseur. | Il pleuvait, du coup on est restés à la maison.	connectors | consequence | c-est-pourquoi | register	La réunion est reportée ; par conséquent, le rapport peut attendre.	par conséquent=>consequence_marker=>introduces the result (formal)	cefr | delf_b1 | kwiziq_b1	B1.2	FR2_A21_CAUSE_CONSEQUENCE	FR2_A21_CAUSE_CONSEQUENCE | FR2_B21_CONSEQUENCE_ADVANCED	regex:\bc'est\s+pourquoi\b|\bpar\s+conséquent\b|\ben\s+conséquence\b|\bc'est\s+pour\s+(?:ça|cela)\s+qu(?:e\b|')|\bdu\s+coup\b	C'est pourquoi and par conséquent introduce a result, a more formal donc; du coup is its spoken version.	C'est pourquoi und par conséquent leiten eine Folge ein, formeller als donc; du coup ist umgangssprachlich.	C'est pourquoi et par conséquent introduisent une conséquence, plus soutenus que donc ; du coup est familier.	reviewed
FR2_B12_CHAQUE_CHACUN	fr	B1	Determiners	chaque_chacun_plusieurs	Chaque, chacun, plusieurs, certains	Chaque, chacun, plusieurs, certains	Chaque, chacun, plusieurs, certains	1020	true	Chaque (determiner, invariable) and chacun/chacune (pronoun) take a singular verb; plusieurs is invariable and plural (plusieurs amis, plusieurs fois), while certains/certaines agrees and can stand alone as a pronoun (certains pensent que…).	Use it to talk about each member of a group, several things or only some of them.	chaque + singular noun; chacun(e) + singular verb; plusieurs / certain(e)s + plural noun	Tous les jours (A2.2) sees the whole set; chaque jour stresses each single one. | Plusieurs means more than one; certains means some out of a known group.	✗ Chaque étudiants ont un badge. → ✓ Chaque étudiant a un badge. | ✗ Chacun ont son avis. → ✓ Chacun a son avis. | ✗ des plusieurs personnes → ✓ plusieurs personnes	Chaque matin, je prends un café en bas de chez moi. | Chacun paie sa part. | J'ai appelé plusieurs fois, mais certains collègues ne répondent jamais.	indefinites | chaque | chacun | agreement	Chacun a reçu un badge, mais certains l'ont déjà perdu.	Chacun a=>pronoun_singular=>chacun + singular verb||certains=>some_pronoun=>certains alone = some people	cefr | delf_b1 | kwiziq_b1	B1.2	FR2_A22_TOUT	FR2_A22_TOUT | FR2_A22_INDEFINITES	regex:\b(?:chaque|chacune?|plusieurs)\b|(?<!sont\s)(?<!êtes\s)(?<!sommes\s)\bcertaine?s\b	Chaque + noun, chacun(e) alone (each one), both singular; plusieurs means several, certain(e)s means some.	Chaque + Nomen, chacun(e) allein (jeder Einzelne), beide im Singular; plusieurs heißt mehrere, certain(e)s manche.	Chaque devant un nom, chacun(e) seul, tous deux au singulier ; plusieurs = plus d'un, certain(e)s = une partie.	reviewed
FR2_B12_ADJ_MEANING	fr	B1	Agreement	adjective_position_meaning	Adjectives that change meaning: un ancien ami, une maison ancienne	Adjektive mit Bedeutungswechsel: un ancien ami, une maison ancienne	Adjectifs qui changent de sens : un ancien ami, une maison ancienne	1030	false	A small set of adjectives (ancien, cher, propre, grand, pauvre, seul, même, dernier, prochain, certain) has a figurative or subjective meaning before the noun and a literal one after it: mon cher ami (dear) vs un sac cher (expensive), ma propre voiture (own) vs une voiture propre (clean).	Use it to describe people and things precisely: a former boss, your own room, a poor (unlucky) man.	figurative: adjective + noun; literal: noun + adjective	Beau, nouveau, vieux (A2.2) always go before the noun; these change meaning with position. | Most adjectives follow the noun with no change of meaning (A1.1).	✗ J'ai acheté un cher sac. → ✓ J'ai acheté un sac cher. | ✗ J'étais malade la dernière semaine. → ✓ J'étais malade la semaine dernière. | ✗ J'ai ma voiture propre. → ✓ J'ai ma propre voiture.	Hier, j'ai croisé mon ancien patron. | Je voudrais ma propre chambre. | Le pauvre homme a raté son train.	adjectives | position | meaning | vocabulary	Mon ancien appartement était dans un immeuble ancien.	ancien appartement=>figurative_before=>before: former||immeuble ancien=>literal_after=>after: old, historic	cefr | delf_b1 | kwiziq_b1	B1.2	FR2_A22_ADJ_SPECIAL	FR2_A22_ADJ_SPECIAL	regex:\b(?:mon|ma|mes|ton|ta|tes|son|sa|ses|notre|votre|nos|vos|leur|leurs|un|une|le|la|les|l')\s*(?:ancien|ancienne|anciens|anciennes|propre|propres|pauvre|pauvres|cher|chère|chers|chères|seul|seule|seuls|seules)\s+\w+|\b(?:maison|immeuble|bâtiment|meuble|ville|quartier|église|château|livre|monument|voiture|chemise)s?\s+(?:ancienne?s?|propres?|chère?s?)\b|\b(?:semaine|mois|année|an|fois|week-end|été|hiver|nuit|soir|jour)s?\s+(?:dernière?s?|prochaine?s?)\b|\b(?:la|le|les|l')\s*(?:dernière?s?|prochaine?s?)\s+(?:semaine|mois|année|fois|jour|minute|heure|page|chance|étape)s?\b|\bgrands?\s+hommes?\b|\b(?:homme|femme)s?\s+grande?s?\b|\b(?:homme|femme|enfant|personne)s?\s+seule?s?\b|\b(?:jour|soir|moment|lieu)\s+même\b	Before the noun some adjectives turn figurative: un ancien ami (former), une maison ancienne (old).	Vor dem Nomen haben manche Adjektive eine übertragene Bedeutung: un ancien ami (ehemalig), une maison ancienne (alt).	Devant le nom, certains adjectifs prennent un sens figuré : un ancien ami, mais une maison ancienne.	reviewed
FR2_B12_MISE_EN_RELIEF	fr	B1	Syntax	cest_qui_que	C'est… qui, c'est… que: highlighting	C'est… qui, c'est… que: Hervorhebung	C'est… qui, c'est… que : la mise en relief	1040	true	C'est… qui highlights the subject and the verb agrees with that subject (c'est moi qui suis, c'est nous qui avons); c'est… que highlights an object, a time, a place or a prepositional phrase (c'est à Lyon que je l'ai rencontré); stressed pronouns are used, and ce sont for plural nouns in careful style.	Use it to correct, contrast or insist: who pays, where it happened, when the meeting is.	c'est + subject + qui + verb; c'est + other element + que + clause	In A2.2 relatives qui/que describe a noun; here they follow c'est + the highlighted element. | German and English use stress or 'it is… who'; French needs the frame.	✗ C'est moi qui a raison. → ✓ C'est moi qui ai raison. | ✗ C'est il qui décide. → ✓ C'est lui qui décide. | ✗ C'est toi que je parle. → ✓ C'est à toi que je parle.	C'est moi qui invite ce soir. | C'est à Lyon que je l'ai rencontrée. | C'est demain que la réunion a lieu.	mise-en-relief | emphasis | c-est-qui | word-order	C'est Julie qui a trouvé l'appart, et c'est à Nantes qu'on va vivre.	C'est Julie qui=>subject_highlight=>c'est… qui frames the subject||c'est à Nantes qu'=>other_highlight=>c'est… que frames a place	cefr | delf_b1 | kwiziq_b1	B1.2	FR2_A22_RELATIVE_QUI_QUE | FR2_A12_CEST_IL_EST	FR2_B22_CE_QUI_EMPHASIS | FR2_A12_STRESSED_PRONOUNS	regex:\bc'est\s+(?:moi|toi|lui|elle|nous|vous|eux|elles)\s+qu(?:i\b|e\b|')|\bce\s+sont\s+(?:\w+\s+){1,2}qui\b|\bc'est\s+(?:à|en|au|aux|dans|avec|pour|chez|par|sur|grâce\s+à)\s+(?:\w+\s+){0,2}?qu(?:e\b|')|\bc'est\s+(?:demain|hier|aujourd'hui|ici|là|maintenant|ce\s+soir|ce\s+matin|lundi|mardi|mercredi|jeudi|vendredi|samedi|dimanche)\s+qu(?:e\b|')|\bc'est\s+(?-i:[A-ZÉÈ])\w+\s+qui\b|\bc'est\s+(?:l'|(?:le|la|les|mon|ma|mes|ton|ta|tes|son|sa|ses|notre|votre|nos|vos|leur|leurs|ce|cette|ces)\s+)\w+\s+qui\b	To stress one element, frame it with c'est… qui (subject) or c'est… que (anything else): c'est moi qui paie.	Zum Hervorheben: c'est… qui (für das Subjekt) oder c'est… que (für alles andere): c'est moi qui paie.	Pour insister : c'est… qui pour le sujet, c'est… que pour le reste : c'est moi qui paie.	reviewed
FR2_B12_ORDINALS_FRACTIONS	fr	B1	Numbers	ordinals_fractions_percentages	Ordinals, fractions, percentages	Ordnungszahlen, Brüche, Prozente	Ordinaux, fractions, pourcentages	1050	true	Ordinals add -ième to the cardinal, dropping a final -e (quatre → quatrième) with small spelling changes (cinquième, neuvième, vingt et unième), premier/première being the only exception; dates use cardinals except le 1er; fractions are un demi / la moitié, un tiers, un quart, then ordinals (trois cinquièmes); percentages are said pour cent (20 % = vingt pour cent).	Use it for floors, rankings, dates, statistics, prices and news figures.	number + -ième; la moitié / un tiers / un quart + de; X pour cent	Dates take cardinals (le deux mai) except the first (le premier mai). | Demi is used in numbers and times (une heure et demie); la moitié is the noun (la moitié du gâteau).	✗ le deuxième mai → ✓ le deux mai | ✗ la demi du gâteau → ✓ la moitié du gâteau | ✗ C'est la cinquème fois. → ✓ C'est la cinquième fois.	J'habite au troisième étage. | La moitié de l'équipe est en télétravail. | Les prix ont augmenté de dix pour cent.	ordinals | fractions | percentages | numbers	Je suis arrivé troisième et j'ai mangé la moitié de la pizza.	troisième=>ordinal=>trois + -ième||la moitié de=>fraction=>half: a noun + de	cefr | delf_b1 | kwiziq_b1	B1.2	FR2_A12_NUMBERS_BIG	FR2_A12_DAYS_DATES	regex:\b\w+ième\b|\bpremi(?:er|ère)s?\b|\b\d+(?:er|re|e|ème)\b|\b(?:la\s+moitié|un\s+tiers|deux\s+tiers|un\s+quart|trois\s+quarts)\b|\bpour\s+cent\b|\d+\s?%	Ordinals add -ième (deuxième) except premier; halves, thirds, quarters: la moitié, un tiers, un quart.	Ordnungszahlen mit -ième (deuxième), außer premier; Brüche: la moitié, un tiers, un quart; Prozent: pour cent.	Ordinal = nombre + -ième (deuxième), sauf premier ; fractions : la moitié, un tiers, un quart.	reviewed
FR2_B12_TIME_CLAUSES	fr	B1	Connectors	pendant_que_depuis_que	Pendant que, depuis que, jusqu'à: time clauses	Pendant que, depuis que, jusqu'à: Zeitsätze	Pendant que, depuis que, jusqu'à : les propositions de temps	1060	false	Pendant que (simultaneity) and depuis que (a starting point still valid, usually with the present) introduce a clause in the indicative; the prepositions pendant, depuis and jusqu'à (until) take a noun or a date, and jusqu'à ce que + subjonctif is the clause version of jusqu'à.	Use it to link events in time: what happened while, since or until something else.	pendant que / depuis que + clause; jusqu'à + noun; jusqu'à ce que + subjonctif	A2.1 pendant, depuis, il y a take a duration or noun; here que turns them into clause links. | The gérondif (en + -ant) is used when both actions share a subject.	✗ Pendant je travaillais, il dormait. → ✓ Pendant que je travaillais, il dormait. | ✗ Attends jusqu'à il revient. → ✓ Attends jusqu'à ce qu'il revienne. | ✗ Depuis qu'il a habité ici, il est heureux. → ✓ Depuis qu'il habite ici, il est heureux.	J'ai lu le journal pendant que tu dormais. | Depuis qu'elle travaille à Lyon, on se voit moins. | Le magasin est ouvert jusqu'à 20 heures.	time-clauses | pendant-que | depuis-que | jusqu-a	Depuis qu'il fait du vélo, il écoute des podcasts pendant qu'il roule jusqu'au bureau.	Depuis qu'=>since_clause=>depuis que + clause||pendant qu'=>while_clause=>pendant que + clause||jusqu'au=>until=>jusqu'à + le = jusqu'au	cefr | delf_b1 | kwiziq_b1	B1.2	FR2_A21_TIME_PREPOSITIONS	FR2_A21_TIME_PREPOSITIONS | FR2_B12_GERUND	regex:\b(?:pendant|depuis)\s+qu(?:e\b|')|\bjusqu'(?:à|au|aux|en|ici|alors)\b	Pendant que (while) and depuis que (since) take a verb; pendant, depuis and jusqu'à take a noun.	Pendant que (während) und depuis que (seit) stehen mit Verb; pendant, depuis und jusqu'à mit Nomen.	Pendant que et depuis que introduisent un verbe ; pendant, depuis et jusqu'à introduisent un nom.	reviewed
FR2_B12_ADVERB_POSITION	fr	B1	Adverbs	adverb_position_compound	Adverb position in compound tenses: j'ai bien dormi	Adverbstellung in zusammengesetzten Zeiten: j'ai bien dormi	La place de l'adverbe aux temps composés : j'ai bien dormi	1070	false	In compound tenses short, frequent adverbs (bien, mal, beaucoup, trop, déjà, encore, souvent, toujours, vraiment) sit between the auxiliary and the participle, while adverbs of time and place (hier, aujourd'hui, ici, tôt, tard) and most long -ment adverbs follow the participle.	Use it whenever you say how well, how much or how often something happened in the past.	avoir/être + bien/déjà/beaucoup… + participe; participe + hier/ici/-ment	In simple tenses the adverb follows the verb (je dors bien); in compound tenses it moves before the participle (j'ai bien dormi). | Long -ment adverbs (A2.2) usually stay after the participle: il a parlé lentement.	✗ J'ai dormi bien. → ✓ J'ai bien dormi. | ✗ J'ai vu déjà ce film. → ✓ J'ai déjà vu ce film. | ✗ Je suis hier arrivé. → ✓ Je suis arrivé hier.	On a très bien mangé dans ce restaurant. | Tu as déjà vu ce film ? | J'ai beaucoup travaillé cette semaine.	adverbs | word-order | passe-compose	Hier, nous avons bien dormi et nous avons déjà tout rangé.	avons bien dormi=>adverb_between=>bien between auxiliary and participle||avons déjà tout rangé=>adverb_between=>déjà after the auxiliary	cefr | delf_b1 | kwiziq_b1	B1.2	FR2_A22_ADVERBS_MENT | FR2_A21_PC_AVOIR	FR2_A22_ADVERBS_MENT	regex:\b(?:ai|as|a|avons|avez|ont|avais|avait|avions|aviez|avaient|aurai|aura)\s+(?:pas\s+|plus\s+)?(?:(?:très|trop|assez|si)\s+)?(?:bien|mal|beaucoup|trop|déjà|souvent|toujours|vraiment|peu|enfin|encore|presque|longtemps|assez|vite|tellement)\s+(?:(?:tout|rien)\s+)?(?!du\b)\w+(?:é|ée|és|ées|i|ie|is|ies|u|ue|us|ues|it|ite|its|ites|ert|erte|erts|ertes|ait)\b|\b(?:suis|es|est|sommes|êtes|sont|étais|était|étions|étiez|étaient)\s+(?:pas\s+)?(?:(?:très|trop)\s+)?(?:bien|mal|beaucoup|trop|déjà|souvent|toujours|vraiment|peu|enfin|encore|presque|longtemps|assez|vite|tellement)\s+(?:allé|venu|revenu|devenu|parvenu|parti|reparti|arrivé|sorti|ressorti|entré|rentré|resté|tombé|né|mort|monté|descendu|retourné|passé)(?:e|s|es)?\b	Short common adverbs (bien, mal, déjà, souvent, toujours, trop) go between avoir/être and the participe: j'ai bien dormi.	Kurze Adverbien (bien, mal, déjà, souvent, trop) stehen zwischen avoir/être und dem Participe: j'ai bien dormi.	Les adverbes courts (bien, mal, déjà, souvent, trop) se placent entre l'auxiliaire et le participe : j'ai bien dormi.	reviewed
FR2_B12_PASSE_SIMPLE	fr	B1	Tenses	passe_simple_recognition	Recognising the passé simple in stories	Das Passé simple in Erzählungen erkennen	Reconnaître le passé simple dans les récits	1080	true	At B1 the passé simple is for recognition: in novels, tales, history and some press it replaces the passé composé for completed events, mostly in the 3rd person: -er verbs il parla / ils parlèrent, -ir and -re verbs il finit / ils finirent, il prit, and key irregulars il fut (être), il eut (avoir), il fit (faire), il vint (venir).	Use this knowledge to read novels, tales, biographies and history texts; keep the passé composé when you speak or write emails.	-er: il -a / ils -èrent; -ir/-re: il -it / ils -irent; fut, eut, fit, vint	The passé composé carries events in speech and emails; the passé simple does the same job in written narrative, next to the imparfait (B1.1). | Il finit can be present or passé simple; context and the surrounding tenses decide.	✗ Hier, je fus au cinéma. → ✓ Hier, je suis allé au cinéma. | ✗ Ils parlirent longtemps. → ✓ Ils parlèrent longtemps. | ✗ Le soir, il fut ses devoirs. → ✓ Le soir, il fit ses devoirs.	Il ouvrit la porte et sortit sans un mot. | Ils arrivèrent à Paris en 1920. | Ce fut une longue nuit.	passe-simple | reading | literature | recognition	Le roi fut surpris : il eut peur et fit appeler ses gardes.	fut=>irregular_passe_simple=>être → il fut (il a été)||eut=>irregular_passe_simple=>avoir → il eut (il a eu)||fit=>irregular_passe_simple=>faire → il fit (il a fait)	cefr | delf_b1 | kwiziq_b1	B1.2	FR2_B11_NARRATION	FR2_A21_PC_AVOIR | FR2_B22_PASSE_SIMPLE_IRREGULAR	regex:\b(?:fut|furent|eut|eurent|fit|firent|vint|vinrent|tint|tinrent|prit|prirent|mit|mirent|put|purent|sut|surent|dut|durent|voulut|voulurent|virent|ouvrit|sortit|partit|répondit|attendit|entendit|perdit|descendit|naquit|mourut|vécut|reçut|connut|crut|courut|plut|parut|apparut|disparut)\b|\b(?!(?:préf|réf|conf|diff|transf|inf|esp|prosp|g|sugg|exag|dig|consid|tol|lib|accél|récup|op|coop|ins|alt|gén|mod|vén|énum|délib|réit|persév|tem|sid|lac|ulc|vocif|réverb|ex|aff|déf|prof|acc|réc|pr)èrent\b)\w+èrent\b|\b(?:ils|elles)\s+(?!(?:dés|t|att|adm|insp|resp|exp|soup|ret|v|chav|asp|cons|sout|conspir|étir|déchir|ch)irent\b)\w+irent\b|\b(?:il|elle|on)\s+(?!(?:va|a|sera|aura|fera|ira|pourra|voudra|devra|viendra|saura|verra|faudra|ça|déjà|voilà|cela|la|là)\b)\w{2,}[^r\W]a\b	The passé simple is the written narrative past: il parla = il a parlé, il fut = il a été.	Das Passé simple ist die Erzählzeit geschriebener Texte: il parla = il a parlé, il fut = il a été.	Passé simple, temps du récit écrit : il parla = il a parlé ; il fut = il a été.	reviewed
FR2_B21_SUBJ_EMOTION	fr	B2	Verbs	subjunctive_emotion	Emotion + subjonctif: je suis content que	Gefühle + Subjonctif: je suis content que	L'émotion + subjonctif : je suis content que	1090	true	A feeling or a judgement about someone else's action (être content / ravi / triste / désolé / surpris / déçu / fier que, avoir peur que, regretter que, craindre que, ça m'étonne que, c'est dommage / génial / bizarre / normal que) takes the subjonctif in the que-clause, even when the fact is real. When both parts have the same subject, French drops que and uses de + infinitive: je suis content de venir.	Use it to react to news and to other people: joy, regret, surprise, disappointment, fear. German and English keep the indicative here (ich freue mich, dass du da bist; I'm glad you are here), so this is where the subjonctif feels least natural at first.	être content / désolé / surpris que, avoir peur que, regretter que, c'est dommage que + subjonctif; same subject: être content de + infinitive	Same subject takes de + infinitive: je suis content de venir, never je suis content que je vienne. | Vouloir que (B1.2) triggers the subjonctif through a wish; here the trigger is a feeling, and the mood is the same. | After espérer que the mood is the indicative (B2.1 Indicative or subjunctive?): j'espère qu'il viendra.	✗ Je suis content que tu es là. → ✓ Je suis content que tu sois là. | ✗ Je suis content que je viens. → ✓ Je suis content de venir. | ✗ C'est dommage qu'il ne peut pas rester. → ✓ C'est dommage qu'il ne puisse pas rester.	Je suis ravie que tu viennes samedi. | C'est dommage qu'il ne puisse pas rester. | J'ai peur qu'on rate le train. | Ça m'étonne qu'elle ne réponde pas.	subjonctif | emotion | que_clause | reaction	Je suis vraiment contente que tu puisses venir.	contente que=>trigger=>a feeling opens the que-clause||puisses=>subjunctive_form=>pouvoir in the subjonctif	cefr | delf_b2 | kwiziq_b2	B2.1	FR2_B12_SUBJ_WILL	FR2_B12_SUBJ_WILL | FR2_B21_INDIC_SUBJ	regex:(?<!plus )(?<!moins )(?<!aussi )(?<!\bsi )(?<!tellement )\b(?:content|ravi|triste|désolé|surpris|heureux|heureuse|déçu|étonné|fier|fière|furieux|furieuse|choqué|soulagé|énervé|inquiet|inquiète|gêné|vexé|fâché|navré|enchanté)(?:e|s|es)?\s+qu(?:e\s|')|\b(?:c'est|c'était|ce serait|il est|quel)\s+(?:vraiment\s+|tellement\s+|un\s+peu\s+|trop\s+)?(?:dommage|génial|super|bizarre|étrange|étonnant|incroyable|normal|triste|honteux|scandaleux|incroyable|formidable|merveilleux|dingue|fou)\s+qu(?:e\s|')|\b(?:j'ai|tu as|il a|elle a|on a|nous avons|vous avez|ils ont|elles ont|avoir|j'avais|il avait|elle avait|on avait)\s+(?:un\s+peu\s+|très\s+|vraiment\s+|tellement\s+)?peur\s+qu(?:e\s|')|\b(?:regrette|regrettes|regrettons|regrettez|regrettent|regrettais|regrettait|crains|craint|craignons|craignez|craignent|apprécie|apprécies|apprécions|appréciez|déteste|détestes|adore|adores)\s+qu(?:e\s|')|\bça\s+(?:m'|t'|l'|nous\s+|vous\s+|les\s+|me\s+|te\s+|lui\s+|leur\s+)(?:étonne|étonnerait|énerve|surprend|surprendrait|inquiète|gêne|dérange|fait\s+plaisir|rend\s+triste|plaît|plairait)\s+qu(?:e\s|')	After a feeling (je suis content que, j'ai peur que, c'est dommage que), use the subjonctif.	Nach einem Gefühl (je suis content que, j'ai peur que, c'est dommage que) steht der Subjonctif.	Après un sentiment (je suis content que, j'ai peur que, c'est dommage que), on met le subjonctif.	reviewed
FR2_B21_SUBJ_DOUBT	fr	B2	Verbs	subjunctive_doubt_possibility	Doubt and possibility + subjonctif: il est possible que	Zweifel und Möglichkeit + Subjonctif: il est possible que	Doute et possibilité + subjonctif : il est possible que	1100	true	Doubt, possibility and uncertainty take the subjonctif: douter que, il est possible / impossible que, il se peut que, il semble que, il est peu probable que, je ne suis pas sûr que, ce n'est pas certain que. Probability and certainty take the indicative: il est probable que, je suis sûr que, il me semble que.	Use it to hedge, speculate or say you are not convinced: maybe the shop is closed, I doubt she has time.	je doute que / il est possible que / il se peut que / il semble que / je ne suis pas sûr que + subjonctif	Il est probable qu'il viendra (probability: indicative) vs il est possible qu'il vienne (possibility: subjonctif). | Il semble que + subjonctif (an uncertain impression) vs il me semble que + indicative (my own impression). | Je ne pense pas que + subjonctif was B1.2; here the triggers that are doubtful by meaning, even without a negation.	✗ Il est possible qu'il viendra. → ✓ Il est possible qu'il vienne. | ✗ Je doute qu'il a raison. → ✓ Je doute qu'il ait raison. | ✗ Il est probable qu'il vienne demain. → ✓ Il est probable qu'il viendra demain.	Il est possible que la réunion soit annulée. | Je doute qu'elle ait le temps ce soir. | Il se peut qu'il pleuve demain. | Je ne suis pas sûr que ce soit une bonne idée.	subjonctif | doubt | possibility | hedging	Il se peut que le magasin soit fermé lundi.	Il se peut que=>trigger=>possibility, not certainty||soit=>subjunctive_form=>être in the subjonctif	cefr | delf_b2 | kwiziq_b2	B2.1	FR2_B12_OPINION_SUBJ	FR2_B12_OPINION_SUBJ | FR2_B21_INDIC_SUBJ	regex:\b(?:il|ce|c')\s*(?:n'est|est)\s+(?:possible|impossible|peu\s+probable|improbable|douteux|pas\s+sûr|pas\s+certain|pas\s+évident|pas\s+dit)\s+qu(?:e\s|')|\bc'est\s+(?:possible|impossible|peu\s+probable)\s+qu(?:e\s|')|\bil\s+(?:se\s+peut|se\s+pourrait|semble|semblerait)\s+qu(?:e\s|')|\b(?:je|j'|tu|on|il|elle|nous|vous|ils|elles)\s*(?:ne\s+)?(?:doute|doutes|doutons|doutez|doutent|doutais|doutait)\s+(?:fort\s+|un\s+peu\s+|beaucoup\s+)?qu(?:e\s|')|\b(?:ne\s+suis|n'es|n'est|ne\s+sommes|n'êtes|ne\s+sont|n'étais|n'était)\s+pas\s+(?:sûre?s?|certaine?s?|convaincue?s?)\s+qu(?:e\s|')	After doubt or possibility (je doute que, il est possible que, il se peut que), use the subjonctif.	Nach Zweifel oder Möglichkeit (je doute que, il est possible que, il se peut que) steht der Subjonctif.	Le doute ou la possibilité (je doute que, il est possible que, il se peut que) appellent le subjonctif.	reviewed
FR2_B21_INDIC_SUBJ	fr	B2	Verbs	indicative_subjunctive_contrast	Indicative or subjunctive? espérer que vs souhaiter que	Indikativ oder Subjonctif? espérer que vs souhaiter que	Indicatif ou subjonctif ? espérer que ou souhaiter que	1110	false	Verbs of hope, belief, certainty and probability take the indicative, often the futur: espérer que, être sûr que, il est probable que, il me semble que, j'ai l'impression que. Verbs of wish, doubt and possibility take the subjonctif: souhaiter que, vouloir que, douter que, il est possible que, il semble que. Espérer and souhaiter are close in meaning but take different moods.	Use it whenever a que-clause follows hoping, wishing, being sure or judging how likely something is.	espérer que / il est probable que / il me semble que + indicatif (often futur); souhaiter que / il est possible que / il semble que + subjonctif	Espérer que + indicative (j'espère qu'il viendra) vs souhaiter que + subjonctif (je souhaite qu'il vienne). | Il est probable que (indicative) vs il est possible que (subjonctif); il me semble que (indicative) vs il semble que (subjonctif). | Negated or questioned, belief verbs can switch to the subjonctif (je ne pense pas qu'il vienne, B1.2).	✗ J'espère que tu sois là. → ✓ J'espère que tu seras là. | ✗ Je souhaite que tu viendras. → ✓ Je souhaite que tu viennes. | ✗ Il me semble qu'il ait tort. → ✓ Il me semble qu'il a tort.	J'espère que tu pourras venir à la fête. | Je souhaite que tu sois heureux dans ton nouveau travail. | Il est probable que les prix augmenteront. | Il me semble que la boulangerie est fermée.	subjonctif | indicatif | mood_choice | esperer | souhaiter	J'espère qu'il viendra, mais je souhaite surtout qu'il soit à l'heure.	J'espère qu'=>trigger=>hope: the indicative follows||viendra=>indicative_result=>futur indicatif||souhaite surtout qu'=>trigger=>a wish: the subjonctif follows||soit=>subjunctive_form=>être in the subjonctif	cefr | delf_b2 | kwiziq_b2	B2.1	FR2_B21_SUBJ_DOUBT | FR2_B21_SUBJ_EMOTION	FR2_B12_OPINION_SUBJ | FR2_B21_SUBJ_DOUBT	regex:\b(?:j'espère|espères|espère|espérons|espérez|espèrent|espérais|espérait|il\s+est\s+probable|c'est\s+probable|il\s+me\s+semble|il\s+lui\s+semble|il\s+paraît|j'ai\s+l'impression|(?<!pas\s)(?<!pas\s\s)(?:sûre?s?|certaine?s?|convaincue?s?)|il\s+est\s+(?:sûr|certain|clair|évident))\s+qu(?:e\s+|')(?:[\w'-]+\s+){0,3}?(?:j'|c')?(?:(?:ne|n')\s*)?(?:(?:me|te|se|nous|vous|le|la|les|lui|leur|y|en)\s+|[mtsl]'(?:y\s+|en\s+)?)*(?:[a-zàâçéèêëîïôûùœ]+(?:rai|ras|ra|rons|rez|ront)|[a-zàâçéèêëîïôûùœ]+(?:ais|ait|aient)|est|sont|es|suis|sommes|êtes|a|as|ont|avons|avez|va|vas|vont|allons|allez|peut|peux|peuvent|pouvons|pouvez|fait|font|faisons|sait|sais|savent|veut|veux|veulent|doit|dois|doivent|vient|viens|prend|prends|part|pars|sort|dort|met|dit|lit|écrit|vit|connaît|connait|finit|finissent|attend|répond|comprend|reste|aime)\b|\b(?:souhaite|souhaites|souhaitons|souhaitez|souhaitent|souhaitais|souhaitait|il\s+est\s+possible|c'est\s+possible|il\s+semble|il\s+se\s+peut|il\s+est\s+peu\s+probable|doute|doutes|doutons|doutez|doutent)\s+qu(?:e\s+|')(?:[\w'-]+\s+){0,3}?(?:j'|c')?(?:(?:ne|n')\s*)?(?:(?:me|te|se|nous|vous|le|la|les|lui|leur|y|en)\s+|[mtsl]'(?:y\s+|en\s+)?)*(?:sois|soit|soyons|soyez|soient|aie|aies|ait|ayons|ayez|aient|puiss\w*|fass\w*|aill\w*|sach\w*|veuill\w*|vaille|pleuve|\w+iss(?:e|es|ent|ions|iez)|(?:vienn|tienn|prenn|comprenn|apprenn|surprenn|boiv|doiv|reçoiv|voi|croi|part|sort|dorm|mett|permett|promett|lis|dis|écriv|viv|suiv|connaiss|plais|attend|entend|répond|descend|rend|perd|vend|conduis|lis|ouvr|offr|découvr|suffis)(?:e|es|ent)|\w+(?:ions|iez))\b	Espérer que and il est probable que take the indicative; souhaiter que and il est possible que, the subjonctif.	Espérer que und il est probable que verlangen den Indikativ; souhaiter que und il est possible que den Subjonctif.	Espérer que, il est probable que + indicatif ; souhaiter que, il est possible que + subjonctif.	reviewed
FR2_B21_SUBJ_PAST	fr	B2	Verbs	subjunctive_past	Subjonctif passé: que tu sois venu	Subjonctif passé: que tu sois venu	Le subjonctif passé : que tu sois venu	1120	true	The subjonctif passé is avoir or être in the subjonctif présent (que j'aie, que tu aies, qu'il ait… / que je sois, que tu sois, qu'il soit…) + the past participle, with the same auxiliary and the same agreement as in the passé composé. It is used after any subjonctif trigger when the action in the que-clause is finished before the main verb (or before a point in the future).	Use it to react to, doubt or regret something that has already happened: I'm glad you came, it's a pity she didn't see the film.	trigger + que + aie / aies / ait / ayons / ayez / aient or sois / sois / soit / soyons / soyez / soient + participe passé	Subjonctif présent for an action at the same time or later (je suis content qu'il vienne); subjonctif passé for an earlier one (je suis content qu'il soit venu). | Auxiliary and agreement follow the passé composé: il est parti → qu'il soit parti, elle s'est trompée → qu'elle se soit trompée.	✗ Je regrette que tu es parti si tôt. → ✓ Je regrette que tu sois parti si tôt. | ✗ Je suis content qu'elle a réussi. → ✓ Je suis content qu'elle ait réussi. | ✗ Je suis surpris qu'il ait venu. → ✓ Je suis surpris qu'il soit venu.	Je suis contente que tu sois venu hier. | C'est dommage qu'elle n'ait pas vu le film. | Je doute qu'ils aient fini avant midi. | Bien qu'elle soit partie tôt, elle est arrivée en retard.	subjonctif_passe | anteriority | auxiliary_choice | agreement	Je suis désolé que vous ayez attendu si longtemps.	désolé que=>trigger=>emotion requires the subjonctif||ayez attendu=>subjunctive_past=>avoir in the subjonctif + participle: the wait is over	cefr | delf_b2 | kwiziq_b2	B2.1	FR2_B21_SUBJ_EMOTION | FR2_A21_PC_ETRE	FR2_B21_SUBJ_EMOTION	regex:\bqu(?:e\s+|')(?:[\w'-]+\s+){0,3}?(?:(?:ne|n')\s*)?(?:(?:me|te|se|nous|vous|le|la|les|lui|leur|y|en)\s+|[mtsl]'(?:y\s+|en\s+)?)*(?:(?:\b(?:aie|aies|ait|ayons|ayez|aient)\s+(?:(?:pas|plus|jamais|rien|déjà|bien|beaucoup|trop|mal|tout|enfin|toujours|encore|vraiment|enfin|peut-être|sans doute|pas encore)\s+){0,2}(?!(?:du|que|qui|ni|si|lui|celui|puis|depuis|ici|aussi|ainsi|parmi|midi|lundi|mardi|mercredi|jeudi|vendredi|samedi|ami|souci|congé|plus|tous|sous|nous|vous|bus|jus|dessus|dessous|menu|tissu|peu|feu|jeu|lieu|bleu|beaucoup|eu\w|été|café|thé|clé|bébé|côté|prêt|vrai|faim|froid|chaud|raison|tort|besoin|envie|peur|rendez-vous|lieu)\b)(?:[a-zàâçéèêëîïôûùœ]+é|[a-zàâçéèêëîïôûùœ]+i|[a-zàâçéèêëîïôûùœ]+u|[a-zàâçéèêëîïôûùœ]*(?:pris|mis|dit|crit|fait|duit|struit|vert|fert|eint|aint|oint|quis|clos)|eu|été|dû|né|mort)(?:e|s|es)?\b|\b(?:sois|soit|soyons|soyez|soient)\s+(?:(?:pas|plus|jamais|rien|déjà|bien|beaucoup|trop|mal|tout|enfin|toujours|encore|vraiment|enfin|peut-être|sans doute|pas encore)\s+){0,2}(?:allé|venu|revenu|devenu|parvenu|intervenu|arrivé|parti|reparti|entré|rentré|sorti|ressorti|monté|remonté|descendu|redescendu|né|mort|resté|tombé|retombé|retourné|passé|repassé)(?:e|s|es)?\b|\b(?:me|te|se|nous|vous|m'|t'|s')\s*(?:y\s+|en\s+)?(?:sois|soit|soyons|soyez|soient)\s+(?:(?:pas|plus|jamais|rien|déjà|bien|beaucoup|trop|mal|tout|enfin|toujours|encore|vraiment|enfin|peut-être|sans doute|pas encore)\s+){0,2}(?!(?:du|que|qui|ni|si|lui|celui|puis|depuis|ici|aussi|ainsi|parmi|midi|lundi|mardi|mercredi|jeudi|vendredi|samedi|ami|souci|congé|plus|tous|sous|nous|vous|bus|jus|dessus|dessous|menu|tissu|peu|feu|jeu|lieu|bleu|beaucoup|eu\w|été|café|thé|clé|bébé|côté|prêt|vrai|faim|froid|chaud|raison|tort|besoin|envie|peur|rendez-vous|lieu)\b)(?:[a-zàâçéèêëîïôûùœ]+é|[a-zàâçéèêëîïôûùœ]+i|[a-zàâçéèêëîïôûùœ]+u|[a-zàâçéèêëîïôûùœ]*(?:pris|mis|dit|crit|fait|duit|struit|vert|fert|eint|aint|oint|quis|clos)|eu|été|dû|né|mort)(?:e|s|es)?\b))	For an earlier action after a subjonctif trigger, use avoir/être in the subjonctif + participle: que tu sois venu.	Für eine frühere Handlung nach einem Subjonctif-Auslöser: avoir/être im Subjonctif + Partizip, que tu sois venu.	Pour une action antérieure après un déclencheur du subjonctif : avoir/être au subjonctif + participe, que tu sois venu.	reviewed
FR2_B21_CONCESSION_SUBJ	fr	B2	Connectors	bien_que_quoique	Bien que, quoique + subjonctif	Bien que, quoique + Subjonctif	Bien que, quoique + subjonctif	1130	true	Bien que and quoique (although) introduce a concession and always take the subjonctif, even when the fact is real: bien qu'il soit malade, il travaille. With the same subject French can drop the verb: bien que fatigué, il travaille. Même si says almost the same thing but, like si, takes the indicative.	Use it to admit a fact that does not stop the main action: although it was raining, we went out.	bien que / quoique + subjonctif; bien que + adjective (same subject); même si + indicatif	Bien que + subjonctif (bien qu'il soit tard) vs même si + indicatif (même s'il est tard). | Pourtant and alors que (B1.2) keep two clauses in the indicative; bien que puts the concession in a subordinate clause in the subjonctif. | Malgré (B2.1) takes a noun: malgré la pluie.	✗ Bien qu'il est malade, il travaille. → ✓ Bien qu'il soit malade, il travaille. | ✗ Même s'il soit tard, je viens. → ✓ Même s'il est tard, je viens. | ✗ Quoi qu'elle soit fatiguée, elle travaille. → ✓ Quoiqu'elle soit fatiguée, elle travaille.	Bien qu'il fasse froid, on mange en terrasse. | Quoiqu'elle soit fatiguée, elle finit le dossier. | Il est venu à la fête, bien qu'il soit malade.	subjonctif | concession | bien_que | connectors	Bien que le loyer soit cher, nous gardons l'appartement.	Bien que=>concession_trigger=>although: always subjonctif||soit=>subjunctive_form=>subjonctif even though the fact is real	cefr | delf_b2 | kwiziq_b2	B2.1	FR2_B12_SUBJ_CONJUNCTIONS	FR2_B12_OPPOSITION	regex:(?<!aussi )(?<!\bsi )(?<!tant )(?<!autant )(?<!eh )\bbien\s+qu(?:e\s|')|\bquoiqu(?:e\s|')	Bien que and quoique (although) always take the subjonctif; même si takes the indicative.	Bien que und quoique (obwohl) verlangen immer den Subjonctif; même si steht mit Indikativ.	Bien que et quoique sont toujours suivis du subjonctif ; même si est suivi de l'indicatif.	reviewed
FR2_B21_CONDITION_SUBJ	fr	B2	Connectors	a_condition_que_a_moins_que	À condition que, à moins que, pourvu que	À condition que, à moins que, pourvu que	À condition que, à moins que, pourvu que	1140	true	À condition que (provided that), pourvu que (as long as) and à moins que (unless) take the subjonctif. À moins que often adds a ne explétif with no negative meaning: à moins qu'il ne pleuve = unless it rains. With the same subject, use à condition de / à moins de + infinitive. Pourvu que alone at the start of a sentence expresses a hope: pourvu qu'il fasse beau !	Use it to set conditions and exceptions in plans and negotiations: I'll lend you my car provided you fill it up; we'll eat outside unless it rains.	à condition que / pourvu que / à moins que (ne) + subjonctif; à condition de / à moins de + infinitive	Si + présent (B1.1) takes the indicative (s'il fait beau); à condition qu'il fasse beau takes the subjonctif. | Unless is à moins que, not si… ne… pas: on sort, à moins qu'il pleuve. | German es sei denn and English unless both keep the indicative; French does not.	✗ On sort, à moins qu'il pleut. → ✓ On sort, à moins qu'il ne pleuve. | ✗ Je viens à condition que je finisse tôt. → ✓ Je viens à condition de finir tôt. | ✗ On sort, à moins qu'il ne pleuve pas. → ✓ On sort, à moins qu'il ne pleuve.	Je te prête ma voiture à condition que tu fasses le plein. | On dîne dehors, à moins qu'il ne pleuve. | Pourvu que le train soit à l'heure !	subjonctif | condition | a_moins_que | pourvu_que	On part demain, à moins que tu ne sois malade.	à moins que=>trigger=>unless: subjonctif||ne sois=>subjunctive_form=>sois is subjonctif; the ne is optional and not a negation	cefr | delf_b2 | kwiziq_b2	B2.1	FR2_B12_SUBJ_CONJUNCTIONS	FR2_B11_SI_TYPE1 | FR2_B22_NE_EXPLETIF	regex:\b(?:à\s+condition|à\s+moins|pourvu)\s+qu(?:e\s|')|\bà\s+(?:condition|moins)\s+(?:de\s+|d')(?:ne\s+pas\s+)?(?:[mtsl]'|se\s+|me\s+|te\s+|le\s+|la\s+|les\s+|y\s+|en\s+)?[a-zàâçéèêëîïôûùœ]+(?:er|ir|re|oir)\b	À condition que (provided), à moins que (unless) and pourvu que (as long as) take the subjonctif.	À condition que (sofern), à moins que (es sei denn) und pourvu que (solange) verlangen den Subjonctif.	À condition que, à moins que et pourvu que expriment une condition et prennent le subjonctif.	reviewed
FR2_B21_CONDITIONAL_PAST	fr	B2	Conditionals	conditional_past	Conditionnel passé: j'aurais dû	Conditionnel passé: j'aurais dû	Le conditionnel passé : j'aurais dû	1150	true	The conditionnel passé is avoir or être in the conditionnel présent (j'aurais, tu aurais… / je serais, tu serais…) + the past participle, with the passé composé's auxiliary and agreement. It says what would have happened: regret (j'aurais aimé), reproach (tu aurais pu prévenir), and possibilities that did not happen. With devoir and pouvoir it gives should have / could have: j'aurais dû, tu aurais pu.	Use it to regret, reproach, or imagine a different past.	aurais / serais (…) + participe passé; j'aurais dû / tu aurais pu + infinitive	Conditionnel présent (je voudrais, je devrais) looks at now or later; conditionnel passé (j'aurais voulu, j'aurais dû) looks back at a past that did not happen. | English should have done / German hätte machen sollen are one form in French: j'aurais dû faire. | J'aurais (conditionnel) and j'aurai (futur) sound almost the same; only the -s tells them apart in writing.	✗ Je devrais venir hier. → ✓ J'aurais dû venir hier. | ✗ Sans la grève, j'aurais parti à l'heure. → ✓ Sans la grève, je serais parti à l'heure. | ✗ J'aurai aimé venir, mais j'étais malade. → ✓ J'aurais aimé venir, mais j'étais malade.	J'aurais dû réserver plus tôt. | Tu aurais pu m'appeler ! | Elle serait venue avec plaisir. | Nous aurions aimé vous voir avant votre départ.	conditionnel_passe | regret | reproach | devoir_pouvoir	Tu aurais pu me prévenir, j'aurais préparé un dîner.	aurais pu=>reproach=>conditionnel passé of pouvoir: you could have||j'aurais préparé=>result=>what would have happened	cefr | delf_b2 | kwiziq_b2	B2.1	FR2_B11_CONDITIONAL | FR2_A21_PC_ETRE	FR2_B11_CONDITIONAL	regex:(?:\b(?:aurais|aurait|aurions|auriez|auraient)\s+(?:(?:pas|plus|jamais|rien|déjà|bien|beaucoup|trop|mal|tout|enfin|toujours|encore|vraiment|enfin|peut-être|sans doute|pas encore)\s+){0,2}(?!(?:du|que|qui|ni|si|lui|celui|puis|depuis|ici|aussi|ainsi|parmi|midi|lundi|mardi|mercredi|jeudi|vendredi|samedi|ami|souci|congé|plus|tous|sous|nous|vous|bus|jus|dessus|dessous|menu|tissu|peu|feu|jeu|lieu|bleu|beaucoup|eu\w|été|café|thé|clé|bébé|côté|prêt|vrai|faim|froid|chaud|raison|tort|besoin|envie|peur|rendez-vous|lieu)\b)(?:[a-zàâçéèêëîïôûùœ]+é|[a-zàâçéèêëîïôûùœ]+i|[a-zàâçéèêëîïôûùœ]+u|[a-zàâçéèêëîïôûùœ]*(?:pris|mis|dit|crit|fait|duit|struit|vert|fert|eint|aint|oint|quis|clos)|eu|été|dû|né|mort)(?:e|s|es)?\b|\b(?:serais|serait|serions|seriez|seraient)\s+(?:(?:pas|plus|jamais|rien|déjà|bien|beaucoup|trop|mal|tout|enfin|toujours|encore|vraiment|enfin|peut-être|sans doute|pas encore)\s+){0,2}(?:allé|venu|revenu|devenu|parvenu|intervenu|arrivé|parti|reparti|entré|rentré|sorti|ressorti|monté|remonté|descendu|redescendu|né|mort|resté|tombé|retombé|retourné|passé|repassé)(?:e|s|es)?\b|\b(?:me|te|se|nous|vous|m'|t'|s')\s*(?:y\s+|en\s+)?(?:serais|serait|serions|seriez|seraient)\s+(?:(?:pas|plus|jamais|rien|déjà|bien|beaucoup|trop|mal|tout|enfin|toujours|encore|vraiment|enfin|peut-être|sans doute|pas encore)\s+){0,2}(?!(?:du|que|qui|ni|si|lui|celui|puis|depuis|ici|aussi|ainsi|parmi|midi|lundi|mardi|mercredi|jeudi|vendredi|samedi|ami|souci|congé|plus|tous|sous|nous|vous|bus|jus|dessus|dessous|menu|tissu|peu|feu|jeu|lieu|bleu|beaucoup|eu\w|été|café|thé|clé|bébé|côté|prêt|vrai|faim|froid|chaud|raison|tort|besoin|envie|peur|rendez-vous|lieu)\b)(?:[a-zàâçéèêëîïôûùœ]+é|[a-zàâçéèêëîïôûùœ]+i|[a-zàâçéèêëîïôûùœ]+u|[a-zàâçéèêëîïôûùœ]*(?:pris|mis|dit|crit|fait|duit|struit|vert|fert|eint|aint|oint|quis|clos)|eu|été|dû|né|mort)(?:e|s|es)?\b)	Aurais/serais + participle looks back at a past that didn't happen: j'aurais dû, tu aurais pu, elle serait venue.	Aurais/serais + Partizip blickt auf eine Vergangenheit, die nicht stattfand: j'aurais dû, tu aurais pu, elle serait venue.	Aurais/serais + participe évoque un passé qui n'a pas eu lieu : j'aurais dû, tu aurais pu, elle serait venue.	reviewed
FR2_B21_SI_TYPE3	fr	B2	Conditionals	si_type_3	Si + plus-que-parfait, conditionnel passé	Si + Plus-que-parfait, Conditionnel passé	Si + plus-que-parfait, conditionnel passé	1160	true	To talk about a past that did not happen, put the plus-que-parfait after si and the conditionnel passé in the main clause: si j'avais su, je serais venu. The two halves can come in either order. The conditionnel never follows si, and each verb keeps its own auxiliary (si elle était partie, elle aurait pris le train).	Use it for regrets, missed chances and alternative histories: if I had known, I would have come.	si + plus-que-parfait, conditionnel passé	Type 2 (B1.1: si j'avais le temps, je viendrais) imagines the present; type 3 (si j'avais eu le temps, je serais venu) rewrites the past. | When the result is in the present, mix the forms (B2.2): si j'avais pris ma veste, je n'aurais pas froid. | English if I would have and German wenn ich hätte… point to the conditionnel; French uses the plus-que-parfait after si.	✗ Si j'aurais su, je serais venu. → ✓ Si j'avais su, je serais venu. | ✗ Si tu m'avais demandé, je t'avais aidé. → ✓ Si tu m'avais demandé, je t'aurais aidé. | ✗ Si j'avais su, je serai venu. → ✓ Si j'avais su, je serais venu.	Si j'avais su, je serais venu plus tôt. | Si on était partis à huit heures, on n'aurait pas raté le train. | Si tu m'avais demandé, je t'aurais aidé. | Je serais passé te voir si j'avais eu ton adresse.	si_clause | type_3 | plus_que_parfait | conditionnel_passe | regret	Si tu avais pris le métro, tu serais arrivé à l'heure.	Si tu avais pris=>condition=>si + plus-que-parfait||serais arrivé=>result=>conditionnel passé	cefr | delf_b2 | kwiziq_b2	B2.1	FR2_B21_CONDITIONAL_PAST | FR2_B11_PLUS_QUE_PARFAIT | FR2_B11_SI_TYPE2	FR2_B11_SI_TYPE2	regex:\bs(?:i\s+|')(?:[\w'-]+\s+){0,3}?(?:j')?(?:(?:ne|n')\s*)?(?:(?:me|te|se|nous|vous|le|la|les|lui|leur|y|en)\s+|[mtsl]'(?:y\s+|en\s+)?)*(?:(?:\b(?:avais|avait|avions|aviez|avaient)\s+(?:(?:pas|plus|jamais|déjà|bien|tout|enfin)\s+){0,2}(?!(?:plus|tous|sous|nous|vous|lui|ici|aussi|ainsi|midi|si|ni|qui|du|peu|beaucoup|eu\w|été|prêt|vrai|froid|faim|chaud|raison|tort|besoin|envie|peur)\b)(?:[a-zàâçéèêëîïôûùœ]+[éiu]|[a-zàâçéèêëîïôûùœ]*(?:pris|mis|dit|crit|fait|duit|vert|fert|eint|aint)|eu|été|dû|né|mort)(?:e|s|es)?\b|\b(?:étais|était|étions|étiez|étaient)\s+(?:(?:pas|plus|jamais|déjà|bien|tout|enfin)\s+){0,2}(?:allé|venu|revenu|devenu|parvenu|intervenu|arrivé|parti|reparti|entré|rentré|sorti|ressorti|monté|remonté|descendu|redescendu|né|mort|resté|tombé|retombé|retourné|passé|repassé)(?:e|s|es)?\b|\b(?:me|te|se|nous|vous|m'|t'|s')\s*(?:y\s+|en\s+)?(?:étais|était|étions|étiez|étaient)\s+(?:(?:pas|plus|jamais|déjà|bien|tout|enfin)\s+){0,2}(?!(?:plus|tous|sous|nous|vous|lui|ici|aussi|ainsi|midi|si|ni|qui|du|peu|beaucoup|eu\w|été|prêt|vrai|froid|faim|chaud|raison|tort|besoin|envie|peur)\b)(?:[a-zàâçéèêëîïôûùœ]+[éiu]|[a-zàâçéèêëîïôûùœ]*(?:pris|mis|dit|crit|fait|duit|vert|fert|eint|aint)|eu|été|dû|né|mort)(?:e|s|es)?\b))[^.!?;]{0,80}?(?:(?:\b(?:aurais|aurait|aurions|auriez|auraient)\s+(?:(?:pas|plus|jamais|déjà|bien|tout|enfin)\s+){0,2}(?!(?:plus|tous|sous|nous|vous|lui|ici|aussi|ainsi|midi|si|ni|qui|du|peu|beaucoup|eu\w|été|prêt|vrai|froid|faim|chaud|raison|tort|besoin|envie|peur)\b)(?:[a-zàâçéèêëîïôûùœ]+[éiu]|[a-zàâçéèêëîïôûùœ]*(?:pris|mis|dit|crit|fait|duit|vert|fert|eint|aint)|eu|été|dû|né|mort)(?:e|s|es)?\b|\b(?:serais|serait|serions|seriez|seraient)\s+(?:(?:pas|plus|jamais|déjà|bien|tout|enfin)\s+){0,2}(?:allé|venu|revenu|devenu|parvenu|intervenu|arrivé|parti|reparti|entré|rentré|sorti|ressorti|monté|remonté|descendu|redescendu|né|mort|resté|tombé|retombé|retourné|passé|repassé)(?:e|s|es)?\b|\b(?:me|te|se|nous|vous|m'|t'|s')\s*(?:y\s+|en\s+)?(?:serais|serait|serions|seriez|seraient)\s+(?:(?:pas|plus|jamais|déjà|bien|tout|enfin)\s+){0,2}(?!(?:plus|tous|sous|nous|vous|lui|ici|aussi|ainsi|midi|si|ni|qui|du|peu|beaucoup|eu\w|été|prêt|vrai|froid|faim|chaud|raison|tort|besoin|envie|peur)\b)(?:[a-zàâçéèêëîïôûùœ]+[éiu]|[a-zàâçéèêëîïôûùœ]*(?:pris|mis|dit|crit|fait|duit|vert|fert|eint|aint)|eu|été|dû|né|mort)(?:e|s|es)?\b))|(?:(?:\b(?:aurais|aurait|aurions|auriez|auraient)\s+(?:(?:pas|plus|jamais|déjà|bien|tout|enfin)\s+){0,2}(?!(?:plus|tous|sous|nous|vous|lui|ici|aussi|ainsi|midi|si|ni|qui|du|peu|beaucoup|eu\w|été|prêt|vrai|froid|faim|chaud|raison|tort|besoin|envie|peur)\b)(?:[a-zàâçéèêëîïôûùœ]+[éiu]|[a-zàâçéèêëîïôûùœ]*(?:pris|mis|dit|crit|fait|duit|vert|fert|eint|aint)|eu|été|dû|né|mort)(?:e|s|es)?\b|\b(?:serais|serait|serions|seriez|seraient)\s+(?:(?:pas|plus|jamais|déjà|bien|tout|enfin)\s+){0,2}(?:allé|venu|revenu|devenu|parvenu|intervenu|arrivé|parti|reparti|entré|rentré|sorti|ressorti|monté|remonté|descendu|redescendu|né|mort|resté|tombé|retombé|retourné|passé|repassé)(?:e|s|es)?\b|\b(?:me|te|se|nous|vous|m'|t'|s')\s*(?:y\s+|en\s+)?(?:serais|serait|serions|seriez|seraient)\s+(?:(?:pas|plus|jamais|déjà|bien|tout|enfin)\s+){0,2}(?!(?:plus|tous|sous|nous|vous|lui|ici|aussi|ainsi|midi|si|ni|qui|du|peu|beaucoup|eu\w|été|prêt|vrai|froid|faim|chaud|raison|tort|besoin|envie|peur)\b)(?:[a-zàâçéèêëîïôûùœ]+[éiu]|[a-zàâçéèêëîïôûùœ]*(?:pris|mis|dit|crit|fait|duit|vert|fert|eint|aint)|eu|été|dû|né|mort)(?:e|s|es)?\b))[^.!?;]{0,80}?\bs(?:i\s+|')(?:[\w'-]+\s+){0,3}?(?:j')?(?:(?:ne|n')\s*)?(?:(?:me|te|se|nous|vous|le|la|les|lui|leur|y|en)\s+|[mtsl]'(?:y\s+|en\s+)?)*(?:(?:\b(?:avais|avait|avions|aviez|avaient)\s+(?:(?:pas|plus|jamais|déjà|bien|tout|enfin)\s+){0,2}(?!(?:plus|tous|sous|nous|vous|lui|ici|aussi|ainsi|midi|si|ni|qui|du|peu|beaucoup|eu\w|été|prêt|vrai|froid|faim|chaud|raison|tort|besoin|envie|peur)\b)(?:[a-zàâçéèêëîïôûùœ]+[éiu]|[a-zàâçéèêëîïôûùœ]*(?:pris|mis|dit|crit|fait|duit|vert|fert|eint|aint)|eu|été|dû|né|mort)(?:e|s|es)?\b|\b(?:étais|était|étions|étiez|étaient)\s+(?:(?:pas|plus|jamais|déjà|bien|tout|enfin)\s+){0,2}(?:allé|venu|revenu|devenu|parvenu|intervenu|arrivé|parti|reparti|entré|rentré|sorti|ressorti|monté|remonté|descendu|redescendu|né|mort|resté|tombé|retombé|retourné|passé|repassé)(?:e|s|es)?\b|\b(?:me|te|se|nous|vous|m'|t'|s')\s*(?:y\s+|en\s+)?(?:étais|était|étions|étiez|étaient)\s+(?:(?:pas|plus|jamais|déjà|bien|tout|enfin)\s+){0,2}(?!(?:plus|tous|sous|nous|vous|lui|ici|aussi|ainsi|midi|si|ni|qui|du|peu|beaucoup|eu\w|été|prêt|vrai|froid|faim|chaud|raison|tort|besoin|envie|peur)\b)(?:[a-zàâçéèêëîïôûùœ]+[éiu]|[a-zàâçéèêëîïôûùœ]*(?:pris|mis|dit|crit|fait|duit|vert|fert|eint|aint)|eu|été|dû|né|mort)(?:e|s|es)?\b))	For an unreal past: si + plus-que-parfait, then conditionnel passé; never the conditionnel after si.	Für eine irreale Vergangenheit: si + Plus-que-parfait, dann Conditionnel passé; nach si nie Conditionnel.	Pour un passé irréel : si + plus-que-parfait, puis conditionnel passé ; jamais de conditionnel après si.	reviewed
FR2_B21_COMME_SI	fr	B2	Conditionals	comme_si	Comme si + imparfait / plus-que-parfait: as if	Comme si + Imparfait / Plus-que-parfait: als ob	Comme si + imparfait / plus-que-parfait	1165	false	Comme si (as if) compares with an imagined situation and works like the si of hypotheses: it takes the imparfait for something at the same time (il parle comme s'il était le chef) and the plus-que-parfait for something earlier (il fait comme s'il n'avait rien entendu). Never the conditionnel and never the présent, whatever the tense of the main verb. Alone, «Comme si…!» means as if! (irony).	Use it to describe how someone behaves or how something looks, and to reject an idea ironically: Comme si c'était facile !	main clause (any tense) + comme si + imparfait (same time) / plus-que-parfait (earlier)	Si + imparfait (B1.1) imagines a condition with a conditionnel result; comme si compares and has no conditionnel at all. | German als ob takes the Konjunktiv II (als ob er der Chef wäre) and English often uses would; French uses the imparfait: comme s'il était le chef. | The tense after comme si does not follow the main verb: elle fait / elle faisait comme si elle ne me voyait pas.	✗ Il parle comme s'il serait le chef. → ✓ Il parle comme s'il était le chef. | ✗ Elle fait comme si elle ne me voit pas. → ✓ Elle fait comme si elle ne me voyait pas. | ✗ Tu me regardes comme si j'aurais fait une bêtise. → ✓ Tu me regardes comme si j'avais fait une bêtise.	Il parle comme s'il était le chef. | Elle fait comme si elle ne me voyait pas. | Tu me regardes comme si j'avais fait une bêtise. | Comme si c'était facile !	comme_si | unreal_comparison | imparfait | plus_que_parfait	Il fait comme s'il n'avait rien entendu.	comme s'il=>trigger=>as if: an imagined comparison||n'avait rien entendu=>event=>plus-que-parfait: the imagined event comes earlier	cefr | delf_b2 | kwiziq_b2	B2.1	FR2_B11_SI_TYPE2 | FR2_B11_PLUS_QUE_PARFAIT	FR2_B11_SI_TYPE2 | FR2_B21_SI_TYPE3	regex:\bcomme\s+s(?:i\b|'(?:il|ils)\b)	Comme si (as if) takes the imparfait or the plus-que-parfait, never the conditionnel: comme s'il était le chef.	Comme si (als ob) steht mit Imparfait oder Plus-que-parfait, nie mit Conditionnel: comme s'il était le chef.	Comme si se construit avec l'imparfait ou le plus-que-parfait, jamais le conditionnel : comme s'il était le chef.	reviewed
FR2_B21_FUTUR_ANTERIEUR	fr	B2	Tenses	futur_anterieur	Futur antérieur: j'aurai fini	Futur antérieur: j'aurai fini	Le futur antérieur : j'aurai fini	1170	false	The futur antérieur is avoir or être in the futur simple (j'aurai, tu auras… / je serai, tu seras…) + the past participle, with the passé composé's auxiliary and agreement. It presents an action as finished before a moment or another action in the future. After quand, dès que, lorsque, une fois que, French uses it where English and German use a present perfect (when I have finished / wenn ich fertig bin). It can also guess about the past: il aura oublié (he must have forgotten).	Use it for deadlines and sequences in the future: when I've finished…, as soon as you've arrived…, by June we'll have moved.	quand / dès que / une fois que + futur antérieur, futur simple; d'ici + date, futur antérieur	Futur simple for the later action, futur antérieur for the one finished first: quand j'aurai fini, je t'appellerai. | B1.1 taught quand + futur for two actions at the same time; when one is finished first, it takes the futur antérieur, never the passé composé. | J'aurai (futur) and j'aurais (conditionnel) sound almost the same; the -s makes it a conditionnel.	✗ Quand j'ai fini, je t'appellerai. → ✓ Quand j'aurai fini, je t'appellerai. | ✗ Dès que tu auras arrivé, envoie-moi un message. → ✓ Dès que tu seras arrivé, envoie-moi un message. | ✗ Quand j'aurais fini, je t'appellerai. → ✓ Quand j'aurai fini, je t'appellerai.	Dès que j'aurai reçu ta réponse, je réserverai. | Quand tu seras arrivée, envoie-moi un message. | D'ici juin, nous aurons déménagé. | Une fois qu'ils se seront installés, on ira les voir.	futur_anterieur | quand_des_que | sequence | deadlines	Quand j'aurai fini ce rapport, je sortirai.	Quand=>trigger=>a future time clause||j'aurai fini=>event=>futur antérieur: finished first||sortirai=>result=>the next step: futur simple	cefr | delf_b2 | kwiziq_b2	B2.1	FR2_A22_FUTUR_IRREGULAR | FR2_A21_PC_ETRE | FR2_B11_TEMPORAL_FUTURE	FR2_A22_FUTUR_SIMPLE | FR2_B21_CONDITIONAL_PAST	regex:(?:\b(?:aurai|auras|aura|aurons|aurez|auront)\s+(?:(?:pas|plus|jamais|rien|déjà|bien|beaucoup|trop|mal|tout|enfin|toujours|encore|vraiment|enfin|peut-être|sans doute|pas encore)\s+){0,2}(?!(?:du|que|qui|ni|si|lui|celui|puis|depuis|ici|aussi|ainsi|parmi|midi|lundi|mardi|mercredi|jeudi|vendredi|samedi|ami|souci|congé|plus|tous|sous|nous|vous|bus|jus|dessus|dessous|menu|tissu|peu|feu|jeu|lieu|bleu|beaucoup|eu\w|été|café|thé|clé|bébé|côté|prêt|vrai|faim|froid|chaud|raison|tort|besoin|envie|peur|rendez-vous|lieu)\b)(?:[a-zàâçéèêëîïôûùœ]+é|[a-zàâçéèêëîïôûùœ]+i|[a-zàâçéèêëîïôûùœ]+u|[a-zàâçéèêëîïôûùœ]*(?:pris|mis|dit|crit|fait|duit|struit|vert|fert|eint|aint|oint|quis|clos)|eu|été|dû|né|mort)(?:e|s|es)?\b|\b(?:serai|seras|sera|serons|serez|seront)\s+(?:(?:pas|plus|jamais|rien|déjà|bien|beaucoup|trop|mal|tout|enfin|toujours|encore|vraiment|enfin|peut-être|sans doute|pas encore)\s+){0,2}(?:allé|venu|revenu|devenu|parvenu|intervenu|arrivé|parti|reparti|entré|rentré|sorti|ressorti|monté|remonté|descendu|redescendu|né|mort|resté|tombé|retombé|retourné|passé|repassé)(?:e|s|es)?\b|\b(?:me|te|se|nous|vous|m'|t'|s')\s*(?:y\s+|en\s+)?(?:serai|seras|sera|serons|serez|seront)\s+(?:(?:pas|plus|jamais|rien|déjà|bien|beaucoup|trop|mal|tout|enfin|toujours|encore|vraiment|enfin|peut-être|sans doute|pas encore)\s+){0,2}(?!(?:du|que|qui|ni|si|lui|celui|puis|depuis|ici|aussi|ainsi|parmi|midi|lundi|mardi|mercredi|jeudi|vendredi|samedi|ami|souci|congé|plus|tous|sous|nous|vous|bus|jus|dessus|dessous|menu|tissu|peu|feu|jeu|lieu|bleu|beaucoup|eu\w|été|café|thé|clé|bébé|côté|prêt|vrai|faim|froid|chaud|raison|tort|besoin|envie|peur|rendez-vous|lieu)\b)(?:[a-zàâçéèêëîïôûùœ]+é|[a-zàâçéèêëîïôûùœ]+i|[a-zàâçéèêëîïôûùœ]+u|[a-zàâçéèêëîïôûùœ]*(?:pris|mis|dit|crit|fait|duit|struit|vert|fert|eint|aint|oint|quis|clos)|eu|été|dû|né|mort)(?:e|s|es)?\b)	Aurai/serai + participle: finished before another future action, often after quand or dès que.	Aurai/serai + Partizip für eine Handlung, die vor einer anderen zukünftigen abgeschlossen ist, oft nach quand oder dès que.	Aurai/serai + participe exprime une action finie avant une autre action future, souvent après quand ou dès que.	reviewed
FR2_B21_PASSIVE_TENSES	fr	B2	Verbs	passive_all_tenses	The passive in every tense; par or de	Das Passiv in allen Zeiten; par oder de	Le passif à tous les temps ; par ou de	1180	true	In the passive, être carries the tense and the participle agrees with the subject: il est construit, il a été construit, il avait été construit, il sera construit, il serait construit, qu'il soit construit. The agent takes par for an action (renversé par une voiture) and usually de for a state, a feeling or a description (aimé de tous, respecté de, entouré de, couvert de, rempli de, connu de).	Use it in news, reports and formal writing when the action or the thing affected matters more than who did it.	subject + être (any tense) + agreeing participe passé (+ par / de + agent)	B1.2 taught the present and the passé composé passive with par; here every tense and the de-agent. | German forms the passive with werden (es wird gebaut); French uses être, never devenir: la maison est construite, le colis sera livré. | Par for a concrete action (renversé par une voiture), de for a lasting state or feeling (couvert de neige, respecté de ses collègues).	✗ La réunion a annulé. → ✓ La réunion a été annulée. | ✗ Le colis devient livré demain. → ✓ Le colis sera livré demain. | ✗ Les lettres ont été envoyé hier. → ✓ Les lettres ont été envoyées hier.	Le pont a été construit en 1890. | Le colis sera livré demain matin. | Cette prof est respectée de tous ses élèves. | Les résultats seront publiés lundi.	passive | tenses | agent_par_de | agreement	La maison, entourée de jardins, a été vendue par l'agence.	a été vendue=>agreement=>être in the passé composé + participle agreeing with la maison||par l'agence=>agent_par=>agent of an action||entourée de=>agent_de=>a state: de, not par	cefr | delf_b2 | kwiziq_b2	B2.1	FR2_B12_PASSIVE		regex:\b(?:a|as|ai|ont|avons|avez|avait|avaient|avais|aura|auront|aurait|auraient|ait|aient|avoir)\s+(?:(?:déjà|bien|tous|toutes|jamais|pas|enfin)\s+){0,2}été\s+(?!(?:beau|nouveau|fou|flou|petit|ravi|gentil|content|malade|surpris|déçu|désolé|fatigué|occupé|pressé|obligé|habitué|prêt|né|mort|fini|parti|venu|allé|arrivé|resté|tombé|entré|rentré|sorti|monté|descendu|retourné|devenu|revenu|passé)(?:e|s|es)?\b)(?:(?!(?:du|que|qui|ni|si|lui|celui|puis|depuis|ici|aussi|ainsi|parmi|midi|lundi|mardi|mercredi|jeudi|vendredi|samedi|ami|souci|congé|plus|tous|sous|nous|vous|bus|jus|dessus|dessous|menu|tissu|peu|feu|jeu|lieu|bleu|beaucoup|eu\w|été|café|thé|clé|bébé|côté|prêt|vrai|faim|froid|chaud|raison|tort|besoin|envie|peur|rendez-vous|lieu)\b)(?:[a-zàâçéèêëîïôûùœ]+é|[a-zàâçéèêëîïôûùœ]+i|[a-zàâçéèêëîïôûùœ]+u|[a-zàâçéèêëîïôûùœ]*(?:pris|mis|dit|crit|fait|duit|struit|vert|fert|eint|aint|oint|quis|clos)|eu|été|dû|né|mort)(?:e|s|es)?\b)|\b(?<!-)(?:sera|seront|serait|seraient|fut|furent|soit|soient|être)\s+(?:(?:déjà|bien|tous|toutes|pas|jamais|bientôt|entièrement)\s+){0,2}(?!(?:beau|nouveau|fou|flou|petit|ravi|gentil|content|malade|surpris|déçu|désolé|fatigué|occupé|pressé|obligé|habitué|prêt|né|mort|fini|parti|venu|allé|arrivé|resté|tombé|entré|rentré|sorti|monté|descendu|retourné|devenu|revenu|passé)(?:e|s|es)?\b)(?:(?!(?:du|que|qui|ni|si|lui|celui|puis|depuis|ici|aussi|ainsi|parmi|midi|lundi|mardi|mercredi|jeudi|vendredi|samedi|ami|souci|congé|plus|tous|sous|nous|vous|bus|jus|dessus|dessous|menu|tissu|peu|feu|jeu|lieu|bleu|beaucoup|eu\w|été|café|thé|clé|bébé|côté|prêt|vrai|faim|froid|chaud|raison|tort|besoin|envie|peur|rendez-vous|lieu)\b)(?:[a-zàâçéèêëîïôûùœ]+é|[a-zàâçéèêëîïôûùœ]+i|[a-zàâçéèêëîïôûùœ]+u|[a-zàâçéèêëîïôûùœ]*(?:pris|mis|dit|crit|fait|duit|struit|vert|fert|eint|aint|oint|quis|clos)|eu|été|dû|né|mort)(?:e|s|es)?\b)|\b(?:est|sont|était|étaient)\s+(?:(?:très|bien|tous|toutes|souvent|toujours)\s+){0,2}(?!(?:beau|nouveau|fou|flou|petit|ravi|gentil|content|malade|surpris|déçu|désolé|fatigué|occupé|pressé|obligé|habitué|prêt|né|mort|fini|parti|venu|allé|arrivé|resté|tombé|entré|rentré|sorti|monté|descendu|retourné|devenu|revenu|passé)(?:e|s|es)?\b)(?:(?!(?:du|que|qui|ni|si|lui|celui|puis|depuis|ici|aussi|ainsi|parmi|midi|lundi|mardi|mercredi|jeudi|vendredi|samedi|ami|souci|congé|plus|tous|sous|nous|vous|bus|jus|dessus|dessous|menu|tissu|peu|feu|jeu|lieu|bleu|beaucoup|eu\w|été|café|thé|clé|bébé|côté|prêt|vrai|faim|froid|chaud|raison|tort|besoin|envie|peur|rendez-vous|lieu)\b)(?:[a-zàâçéèêëîïôûùœ]+é|[a-zàâçéèêëîïôûùœ]+i|[a-zàâçéèêëîïôûùœ]+u|[a-zàâçéèêëîïôûùœ]*(?:pris|mis|dit|crit|fait|duit|struit|vert|fert|eint|aint|oint|quis|clos)|eu|été|dû|né|mort)(?:e|s|es)?\b)\s+(?:par|de|d')\s	Être carries the tense (a été, sera, serait…) and the participle agrees; par for actions, de for states and feelings.	Être trägt die Zeit (a été, sera, serait…), das Partizip wird angeglichen; par bei Handlungen, de bei Zuständen.	Être porte le temps (a été, sera…), le participe s'accorde ; par pour une action, de pour un état.	reviewed
FR2_B21_PRONOMINAL_PASSIVE	fr	B2	Verbs	pronominal_passive_on	Ça se dit, on dit: alternatives to the passive	Ça se dit, on dit: Alternativen zum Passiv	Ça se dit, on dit : les alternatives au passif	1190	false	French often avoids the être-passive. The pronominal passive (a thing + se + verb in the 3rd person, no agent) states general facts, norms and uses: ce vin se boit frais, ça ne se fait pas, ce mot se prononce comme ça. On + active verb replaces a passive with an unnamed human agent, especially when a person is affected: on m'a volé mon vélo, on lui a offert un livre.	Use it for how things are usually done, what sells, what is said, and events whose agent is unknown or unimportant.	thing + se + verb (3rd person): ça se dit, ce plat se mange chaud; on + active verb	The être-passive (B2.1) reports a specific event and can take par; the pronominal passive states a general property and never takes an agent. | It is not a reflexive verb (elle se lave): here the subject is a thing that undergoes the action. | English my bike was stolen / German mein Rad wurde gestohlen: French uses on, because the bike cannot be the subject of voler: on m'a volé mon vélo.	✗ Mon vélo a volé. → ✓ On m'a volé mon vélo. | ✗ Ce livre se lit facilement par tout le monde. → ✓ Ce livre se lit facilement. | ✗ Ce mot est prononcé comme ça. → ✓ Ce mot se prononce comme ça.	Ce vin se boit bien frais. | Ça ne se fait pas de parler la bouche pleine. | On m'a volé mon vélo hier soir. | Ce mot se prononce sans le s final.	passive_alternatives | pronominal_passive | on | register	Ce modèle se vend très bien, on en a commandé cinquante.	se vend=>pronominal_passive=>se + verb: the thing is sold, no agent||on en a commandé=>on_active=>on replaces an unnamed agent	cefr | delf_b2 | kwiziq_b2	B2.1	FR2_B21_PASSIVE_TENSES | FR2_A12_PRONOMINAL	FR2_B21_PASSIVE_TENSES	regex:\b(?:ça|cela|ce\s+[\wàâçéèêëîïôûùœ'-]+|cet\s+[\wàâçéèêëîïôûùœ'-]+|cette\s+[\wàâçéèêëîïôûùœ'-]+|ces\s+[\wàâçéèêëîïôûùœ'-]+|(?:le|la|les|l'|un|une|des)\s*[\wàâçéèêëîïôûùœ'-]+|qui)\s+(?:ne\s+)?se\s+(?:dit|disent|fait|font|vend|vendent|boit|boivent|mange|mangent|lit|lisent|prononce|prononcent|écrit|écrivent|porte|portent|utilise|utilisent|traduit|traduisent|conjugue|conjuguent|sert|servent|prépare|préparent|conserve|conservent|joue|jouent|visite|visitent|loue|louent|répare|réparent|trouve|trouvent|voit|voient|explique|expliquent|comprend|comprennent|fabrique|fabriquent|cultive|cultivent|construit|construisent|achète|achètent|apprend|apprennent|calcule|calculent|lave|lavent|range|rangent|cuisine|cuisinent|ouvre|ouvrent|ferme|ferment|garde|gardent)\b|\bon\s+(?:m'|t'|l'|lui\s+|leur\s+|nous\s+|vous\s+|les\s+|la\s+|le\s+)(?:a|avait|aura|aurait)\s+(?:(?:déjà|tous|tout)\s+)?(?!(?:du|que|qui|ni|si|lui|celui|puis|depuis|ici|aussi|ainsi|parmi|midi|lundi|mardi|mercredi|jeudi|vendredi|samedi|ami|souci|congé|plus|tous|sous|nous|vous|bus|jus|dessus|dessous|menu|tissu|peu|feu|jeu|lieu|bleu|beaucoup|eu\w|été|café|thé|clé|bébé|côté|prêt|vrai|faim|froid|chaud|raison|tort|besoin|envie|peur|rendez-vous|lieu)\b)(?:[a-zàâçéèêëîïôûùœ]+é|[a-zàâçéèêëîïôûùœ]+i|[a-zàâçéèêëîïôûùœ]+u|[a-zàâçéèêëîïôûùœ]*(?:pris|mis|dit|crit|fait|duit|struit|vert|fert|eint|aint|oint|quis|clos)|eu|été|dû|né|mort)(?:e|s|es)?\b	French prefers on (on m'a volé mon vélo) or se + verb (ça se vend bien) to the passive.	Statt des Passivs nimmt man oft on (on m'a volé mon vélo) oder se + Verb (ça se vend bien).	Plutôt que le passif, on préfère on (on m'a volé mon vélo) ou se + verbe (ça se vend bien).	reviewed
FR2_B21_CAUSATIVE	fr	B2	Verbs	causative_faire	Faire + infinitive: je fais réparer	Faire + Infinitiv: je fais réparer	Faire + infinitif : je fais réparer	1200	true	Faire + infinitive means the subject has someone else do the action: je fais réparer ma voiture (I have my car repaired). Faire and the infinitive stay together; object pronouns go before faire (je la fais réparer). The person who acts is le / la when there is no other object (je le fais rire) and lui / leur when there is one (je lui fais lire la lettre). Fait followed by an infinitive never agrees: la voiture que j'ai fait réparer.	Use it for services and delegation (repairs, haircuts, deliveries) and for making someone do or feel something: ce film m'a fait pleurer.	faire + infinitive (+ object) (+ par / à + agent); pronoun + faire + infinitive	English puts the object between have and the verb (have the car repaired); French keeps faire + infinitive together: faire réparer la voiture. | German uses lassen for both causing and allowing (ich lasse das Auto reparieren); French uses faire for causing and keeps laisser for allowing (B2.1 Se faire, laisser). | Unlike avoir agreement (B1.1), fait + infinitive never agrees.	✗ Je fais ma voiture réparer. → ✓ Je fais réparer ma voiture. | ✗ Je laisse réparer ma voiture au garage. → ✓ Je fais réparer ma voiture au garage. | ✗ La robe que j'ai faite faire est prête. → ✓ La robe que j'ai fait faire est prête.	Je fais réparer ma voiture au garage. | Elle a fait venir un plombier. | Ce film m'a fait pleurer. | Le prof nous fait lire un roman par mois.	causative | faire_infinitive | pronoun_position | no_agreement	Ma voiture ? Je l'ai fait réparer hier.	Ma voiture=>antecedent=>the thing repaired, taken up by l'||l'ai fait réparer=>target=>l' goes before the faire group, and fait stays invariable	cefr | delf_b2 | kwiziq_b2	B2.1	FR2_A21_COD | FR2_A12_MODALS	FR2_B21_SE_FAIRE_LAISSER	regex:\b(?:fais|fait|faisons|faites|font|faire|ferai|feras|fera|ferons|ferez|feront|ferais|ferait|ferions|feriez|feraient|faisais|faisait|faisions|faisiez|faisaient|fasse|fassent|faisant)\s+(?!(?:hier|cher|fier|super|premier|dernier|entier|léger|hiver|mer|fer|amer|dossier|papier|panier|quartier|escalier|clavier|cahier|métier|danger|étranger|boulanger|rocher|loyer|foyer|atelier|courrier|janvier|février|calendrier|chantier|sentier|pompier|policier|ouvrier|cuisinier|jardinier|banquier|fermier|immobilier|poster|manager|leader|hamburger|laser|reporter|cancer|plaisir|soir|noir|devoir|espoir|miroir|couloir|trottoir)\b)(?:[a-zàâçéèêëîïôûùœ]+er|[a-zàâçéèêëîïôûùœ]*(?:venir|voir|faire|rire|lire|écrire|construire|attendre|sortir|remplir|comprendre|prendre|savoir|cuire|mettre|peindre|découvrir|partir|entrer|réfléchir|dormir|courir|boire|vivre|mourir|tenir|ouvrir|choisir|finir|grandir|maigrir|grossir|rougir|réussir|souffrir|servir|suivre|croire|traduire|conduire|produire|connaître|naître|plaire|taire|battre|mordre|perdre|vendre|rendre|descendre|entendre|répondre|attendre|craindre|éteindre|rejoindre|avoir))\b	Faire + infinitive means having something done; pronouns go before faire, and fait never agrees.	Faire + Infinitiv heißt etwas machen lassen; Pronomen stehen vor faire, und fait wird nie angeglichen.	Avec faire + infinitif, un autre fait l'action ; le pronom va avant faire et fait reste invariable.	reviewed
FR2_B21_SE_FAIRE_LAISSER	fr	B2	Verbs	se_faire_laisser	Se faire, laisser + infinitive	Se faire, laisser + Infinitiv	Se faire, laisser + infinitif	1210	false	Se faire + infinitive makes the subject the one affected, by bad luck or by arrangement: je me suis fait voler mon portable, elle se fait couper les cheveux. Fait stays invariable (elle s'est fait arrêter). Laisser + infinitive means to let or allow, with no preposition: laisse-le parler. Its participle is usually left invariable too (1990 spelling): elle s'est laissé convaincre.	Use it to say what happened to you (robbed, fined, fooled), what you had done for yourself (a haircut), and that you let someone act.	se faire + infinitive (+ par + agent); laisser + (object) + infinitive	Faire + infinitive (B2.1): you have someone act on something else; se faire + infinitive: the action falls back on you. | Faire causes or arranges, laisser only allows: je le fais sortir (I make him go out), je le laisse sortir (I let him go out). | German sich … lassen covers both: ich habe mir die Haare schneiden lassen is je me suis fait couper les cheveux, not je me suis laissé couper.	✗ Elle s'est faite voler son sac. → ✓ Elle s'est fait voler son sac. | ✗ J'ai eu mes cheveux coupés. → ✓ Je me suis fait couper les cheveux. | ✗ Je me suis laissé couper les cheveux. → ✓ Je me suis fait couper les cheveux.	Je me suis fait voler mon portable dans le métro. | Elle va se faire couper les cheveux samedi. | Laisse-le parler, s'il te plaît. | Je te laisse choisir le restaurant.	se_faire | laisser | causative | no_agreement	Elle s'est fait avoir par le vendeur, alors laisse-moi négocier.	s'est fait avoir=>event=>the action falls on her; fait stays invariable||laisse-moi négocier=>target=>laisser + infinitive: let me act	cefr | delf_b2 | kwiziq_b2	B2.1	FR2_B21_CAUSATIVE	FR2_B21_CAUSATIVE	regex:\b(?:me|te|se|nous|vous|m'|t'|s')\s*(?:(?:suis|es|est|sommes|êtes|sont|serai|sera|étais|était|étaient|vais|va|vas|allons|allez|vont|risque|risques|risquent)\s+)?(?:pas\s+)?(?:fais|fait|faire|faisons|faites|font|ferai|fera|ferais|ferait|faisais|faisait)\s+(?:[mtl]'|me\s+|te\s+|le\s+|la\s+|les\s+|lui\s+)?(?!(?:hier|cher|fier|super|premier|dernier|entier|léger|hiver|mer|fer|amer|dossier|papier|panier|quartier|escalier|clavier|cahier|métier|danger|étranger|boulanger|rocher|loyer|foyer|atelier|courrier|janvier|février|calendrier|chantier|sentier|pompier|policier|ouvrier|cuisinier|jardinier|banquier|fermier|immobilier|poster|manager|leader|hamburger|laser|reporter|cancer|plaisir|soir|noir|devoir|espoir|miroir|couloir|trottoir)\b)(?:[a-zàâçéèêëîïôûùœ]+er|[a-zàâçéèêëîïôûùœ]*(?:venir|voir|faire|rire|lire|écrire|construire|attendre|sortir|remplir|comprendre|prendre|savoir|cuire|mettre|peindre|découvrir|partir|entrer|réfléchir|dormir|courir|boire|vivre|mourir|tenir|ouvrir|choisir|finir|grandir|maigrir|grossir|rougir|réussir|souffrir|servir|suivre|croire|traduire|conduire|produire|connaître|naître|plaire|taire|battre|mordre|perdre|vendre|rendre|descendre|entendre|répondre|attendre|craindre|éteindre|rejoindre|avoir))\b|\blaiss\w*(?:-(?:le|la|les|moi|toi|nous|vous|lui|leur))?\s+(?:(?:le|la|les|l'|moi|toi|nous|vous|lui|leur|me|te|se)\s*)?(?!(?:hier|cher|fier|super|premier|dernier|entier|léger|hiver|mer|fer|amer|dossier|papier|panier|quartier|escalier|clavier|cahier|métier|danger|étranger|boulanger|rocher|loyer|foyer|atelier|courrier|janvier|février|calendrier|chantier|sentier|pompier|policier|ouvrier|cuisinier|jardinier|banquier|fermier|immobilier|poster|manager|leader|hamburger|laser|reporter|cancer|plaisir|soir|noir|devoir|espoir|miroir|couloir|trottoir)\b)(?:[a-zàâçéèêëîïôûùœ]+er|partir|sortir|venir|dormir|faire|dire|voir|tomber|courir|finir|entrer|mourir|vivre|croire|choisir|réfléchir|décider|lire|écrire|boire|prendre|attendre|répondre|grandir|souffrir|conduire|rire)\b	Se faire + infinitive: it happens to you (je me suis fait voler); laisser + infinitive: you allow it.	Se faire + Infinitiv: es passiert einem (je me suis fait voler); laisser + Infinitiv: man lässt es zu.	Se faire + infinitif : on subit l'action (je me suis fait voler) ; laisser + infinitif : on l'autorise.	reviewed
FR2_B21_PP_AGREEMENT_PRONOMINAL	fr	B2	Agreement	pp_agreement_pronominal	Participle agreement with pronominal verbs: elles se sont parlé	Partizipangleichung bei reflexiven Verben: elles se sont parlé	L'accord du participe des verbes pronominaux : elles se sont parlé	1220	false	With pronominal verbs in compound tenses the participle agrees with se only when se is the direct object (elles se sont lavées, ils se sont rencontrés). It does not agree when se is indirect, i.e. the verb is built with à: se parler, se téléphoner, s'écrire, se sourire, se plaire (elles se sont parlé). It does not agree either when a direct object follows the verb (elle s'est lavé les mains). Se rendre compte never agrees: elle s'est rendu compte.	Use it whenever you write a pronominal verb in the passé composé or another compound tense with a feminine or plural subject.	se = direct object: participle agrees (elles se sont vues); se = indirect (parler à, écrire à) or an object after the verb: no agreement (elles se sont parlé, elle s'est lavé les mains)	A2.1 taught the default (elle s'est levée); here the exceptions: elle s'est lavé les mains, ils se sont téléphoné. | Test: ask who or what is the direct object. Voir quelqu'un → se is direct → vues; parler à quelqu'un → se is indirect → parlé. | As with avoir (B1.1), a direct object placed before the verb triggers agreement again: les mains qu'elle s'est lavées.	✗ Elles se sont parlées hier. → ✓ Elles se sont parlé hier. | ✗ Elle s'est coupée le doigt. → ✓ Elle s'est coupé le doigt. | ✗ Ils se sont téléphonés tous les soirs. → ✓ Ils se sont téléphoné tous les soirs.	Elles se sont écrit pendant des années. | Elle s'est lavé les mains avant de manger. | Nous nous sommes téléphoné tous les soirs. | Elle s'est rendu compte de son erreur.	agreement | pronominal_verbs | passe_compose | spelling	Elles se sont vues, elles se sont parlé, puis elles se sont serré la main.	se sont vues=>agreement=>voir quelqu'un: se is the direct object, so vues agrees||se sont parlé=>no_agreement=>parler à quelqu'un: se is indirect, no agreement||serré la main=>no_agreement=>a direct object follows: no agreement	cefr | delf_b2 | kwiziq_b2	B2.1	FR2_A21_PC_PRONOMINAL | FR2_B11_PP_AGREEMENT_AVOIR		regex:\b(?:se|s'|nous|vous|me|m'|te|t')\s*(?:sont|sommes|êtes|est|suis|es|seront|étaient|étions|étiez|était|serait|seraient|soient|soit)\s+(?:(?:pas|jamais|bien|déjà|enfin|souvent|tous|toutes|beaucoup)\s+){0,2}(?:(?:parlé|téléphoné|écrit|souri|plu|déplu|succédé|menti|nui|ressemblé|répondu|demandé|dit|donné|offert|envoyé|rendu\s+compte|fait\s+mal)\b|(?:lavé|coupé|brossé|serré|cassé|séché|acheté|offert|foulé|tordu|brûlé|maquillé|fait|préparé|posé|pris)\s+(?:les?|la|l'|des|du|de\s+la|un|une|mes|ses|leurs|son|sa)\b)	The participle agrees only if se is the direct object: elles se sont lavées, elles se sont parlé.	Das Partizip wird nur angeglichen, wenn se direktes Objekt ist: elles se sont lavées, elles se sont parlé.	Le participe s'accorde seulement si se est COD : elles se sont lavées, mais elles se sont parlé.	reviewed
FR2_B21_DOUBLE_PRONOUNS_COMPOUND	fr	B2	Pronouns	double_pronouns_compound_imperative	Double pronouns in the passé composé and imperative	Doppelpronomen im Passé composé und Imperativ	Les doubles pronoms au passé composé et à l'impératif	1230	false	In compound tenses the pronoun pair keeps its usual order (me / te / se / nous / vous, then le / la / les, then lui / leur, then y, then en) and goes before the auxiliary: je le lui ai donné, il me l'a dit, je lui en ai parlé. A preceding le / la / les makes the participle agree: les photos, je les lui ai envoyées. In the affirmative imperative the pronouns follow the verb, the direct object comes first and moi / toi replace me / te (donne-le-moi), except before en: donnez-m'en. The negative imperative keeps the normal order: ne me le donne pas.	Use it to talk about things already given, sent, said or shown, and to ask for them, without repeating the nouns.	subject + pronoun + pronoun + avoir/être + participle; verb-le/la/les-moi/lui/nous/leur; verb-m'en, verb-lui-en	B1.1 covered the pair in simple tenses (je le lui donne); here the auxiliary and the imperative. | Le before lui, the opposite of German (ich habe es ihm gegeben → je le lui ai donné). | Affirmative imperative: le before moi (donne-le-moi); negative imperative: me before le (ne me le donne pas).	✗ Je lui l'ai donné. → ✓ Je le lui ai donné. | ✗ Donne-moi-le. → ✓ Donne-le-moi. | ✗ Donnez-moi-en un peu. → ✓ Donnez-m'en un peu.	Les clés ? Je les lui ai rendues hier. | Ton livre, prête-le-moi, s'il te plaît. | Il reste du café ? Donnez-m'en un peu. | Ce projet, je lui en ai déjà parlé.	double_pronouns | passe_compose | imperative | word_order	La lettre ? Je la lui ai déjà envoyée, mais renvoie-la-moi.	la lui ai déjà envoyée=>agreement=>both pronouns before ai; envoyée agrees with la||renvoie-la-moi=>imperative_order=>affirmative imperative: la before moi	cefr | delf_b2 | kwiziq_b2	B2.1	FR2_B11_DOUBLE_PRONOUNS | FR2_A22_IMPERATIVE_PRONOUNS	FR2_B11_DOUBLE_PRONOUNS	regex:\b(?:me|te|se|nous|vous|m'|t'|s')\s*(?:le|la|les|l')\s*(?:ai|as|a|avons|avez|ont|avais|avait|avaient|aurai|aura|aurais|aurait|suis|es|est|sommes|êtes|sont|étais|était)\b|\b(?:le|la|les|l')\s*(?:lui|leur)\s+(?:ai|as|a|avons|avez|ont|avais|avait|avaient|aurai|aura|aurais|aurait)\b|\b(?:lui|leur|m'|t'|l'|les)\s*(?:en|y)\s+(?:ai|as|a|avons|avez|ont|avais|avait|avaient|aurai|aura|aurais|aurait)\s+(?:(?:déjà|bien|jamais|pas|souvent|beaucoup)\s+)?(?!(?:du|que|qui|ni|si|lui|celui|puis|depuis|ici|aussi|ainsi|parmi|midi|lundi|mardi|mercredi|jeudi|vendredi|samedi|ami|souci|congé|plus|tous|sous|nous|vous|bus|jus|dessus|dessous|menu|tissu|peu|feu|jeu|lieu|bleu|beaucoup|eu\w|été|café|thé|clé|bébé|côté|prêt|vrai|faim|froid|chaud|raison|tort|besoin|envie|peur|rendez-vous|lieu)\b)(?:[a-zàâçéèêëîïôûùœ]+é|[a-zàâçéèêëîïôûùœ]+i|[a-zàâçéèêëîïôûùœ]+u|[a-zàâçéèêëîïôûùœ]*(?:pris|mis|dit|crit|fait|duit|struit|vert|fert|eint|aint|oint|quis|clos)|eu|été|dû|né|mort)(?:e|s|es)?\b|\b[a-zàâçéèêëîïôûùœ]+-(?:le|la|les)-(?:moi|toi|lui|nous|vous|leur)\b|\b[a-zàâçéèêëîïôûùœ]+-(?:m'|t'|lui-|nous-|vous-|leur-)en\b	In compound tenses both pronouns precede avoir/être; in the affirmative imperative they follow: donne-le-moi, donnez-m'en.	In zusammengesetzten Zeiten stehen beide Pronomen vor avoir/être; im bejahten Imperativ danach: donne-le-moi, donnez-m'en.	Aux temps composés, les deux pronoms précèdent l'auxiliaire ; à l'impératif affirmatif, ils suivent : donne-le-moi, donnez-m'en.	reviewed
FR2_B21_RELATIVE_QUOI	fr	B2	Relative clauses	ce_a_quoi	Ce à quoi, ce sur quoi, à quoi	Ce à quoi, ce sur quoi, à quoi	Ce à quoi, ce sur quoi, à quoi	1240	false	After a preposition, the relative pronoun is quoi when it refers to ce, rien, quelque chose, cela or a whole idea: ce à quoi je m'attendais, il n'y a rien sur quoi compter, voilà ce contre quoi je me bats. The preposition comes from the verb (s'attendre à → ce à quoi). With de, French normally uses ce dont instead of ce de quoi. After a comma, après quoi, sans quoi (otherwise) and faute de quoi take up the whole previous sentence.	Use it to talk about ideas, plans and topics rather than people or named things: what I'm thinking about, what we have to work on.	ce + preposition + quoi + subject + verb (penser à → ce à quoi je pense)	Qui and lequel after a preposition (B1.2) refer to a noun (la table sur laquelle, l'ami avec qui); quoi refers to ce, rien, quelque chose or an idea. | Ce dont (B1.1) covers verbs built with de; ce à quoi covers verbs built with à (penser à, s'attendre à, s'intéresser à). | English leaves the preposition at the end (what I'm thinking about); German uses wo(r)- (woran, worauf); French puts preposition + quoi at the start.	✗ C'est ce que je pense à. → ✓ C'est ce à quoi je pense. | ✗ C'est ce sur lequel on travaille. → ✓ C'est ce sur quoi on travaille. | ✗ Ce n'est pas ce que je m'attendais. → ✓ Ce n'est pas ce à quoi je m'attendais.	Ce n'est pas ce à quoi je m'attendais. | C'est exactement ce sur quoi on doit travailler. | Voilà ce contre quoi je me bats. | Réserve vite, sans quoi il n'y aura plus de place.	relative_pronouns | quoi | prepositions | ce_a_quoi	Ce à quoi je pense, c'est un week-end à la mer.	Ce à quoi=>target=>penser à + an idea: ce à quoi||je pense=>trigger=>penser à governs the à	cefr | delf_b2 | kwiziq_b2	B2.1	FR2_B12_RELATIVE_PREPOSITION | FR2_B11_CE_QUI_CE_QUE		regex:\b(?:ce|rien|chose|cela|ça|voilà|c'est)\s+(?:à|sur|contre|pour|avec|par|sans|vers|en)\s+quoi\b|,\s*(?:après|sans|faute\s+de|moyennant)\s+quoi\b	When the antecedent is an idea (ce, rien, quelque chose), use preposition + quoi: ce à quoi je pense.	Bezieht man sich auf eine Idee (ce, rien, quelque chose), steht Präposition + quoi: ce à quoi je pense.	Quand l'antécédent est une idée (ce, rien, quelque chose), on emploie préposition + quoi : ce à quoi je pense.	reviewed
FR2_B21_CONCESSION	fr	B2	Connectors	cependant_toutefois_malgre	Cependant, toutefois, malgré, même si	Cependant, toutefois, malgré, même si	Cependant, toutefois, malgré, même si	1250	true	Cependant, toutefois and néanmoins (however, nevertheless) are formal linking adverbs: they open or interrupt the second sentence and need no special mood. Malgré (despite) is a preposition: it takes a noun or a pronoun (malgré la pluie, malgré tout), never a clause. Même si (even if) introduces a clause in the indicative, never the conditionnel or the subjonctif. In speech, quand même (anyway, still) is the everyday form.	Use it in emails, reports and arguments to concede a point while keeping another.	sentence. Cependant / Toutefois, sentence; malgré + noun; même si + indicatif; … quand même	Bien que (B2.1) + subjonctif introduces a clause; malgré takes only a noun: malgré la pluie, not malgré qu'il pleut. | Pourtant and mais (B1.2) are the everyday forms; cependant and toutefois sound written. | German trotzdem and English anyway at the end of a sentence are quand même, not malgré.	✗ Malgré qu'il pleut, on sort. → ✓ Malgré la pluie, on sort. | ✗ Même s'il pleuvrait, on sortirait. → ✓ Même s'il pleuvait, on sortirait. | ✗ Il pleut, mais on sort malgré. → ✓ Il pleut, mais on sort quand même.	Le projet est intéressant ; toutefois, le budget est trop serré. | Malgré la grève, elle est arrivée à l'heure. | Même s'il est tard, je t'appelle. | Il était malade ; il est néanmoins venu travailler.	concession | connectors | malgre | formal_register	Malgré la pluie, on est sortis ; cependant, on n'est pas restés longtemps.	Malgré la pluie=>concession=>malgré + noun||cependant=>concession_link=>formal however, between two clauses	cefr | delf_b2 | kwiziq_b2	B2.1	FR2_B12_OPPOSITION	FR2_B21_CONCESSION_SUBJ	regex:\bmalgré\s+(?:la|le|les|l'|un|une|des|son|sa|ses|mon|ma|mes|ton|ta|tes|notre|nos|votre|vos|leur|leurs|ce|cet|cette|ces|cela|ça|tout|lui|elle|eux|moi|toi|nous|vous|elles)\b|\b(?:cependant|toutefois|néanmoins)\b|\bmême\s+s(?:i\s|')	Cependant and toutefois link sentences, malgré takes a noun, même si takes the indicative.	Cependant und toutefois verbinden Sätze, malgré steht mit einem Nomen, même si mit dem Indikativ.	Cependant et toutefois relient deux phrases, malgré se construit avec un nom, même si avec l'indicatif.	reviewed
FR2_B21_CAUSE_ADVANCED	fr	B2	Connectors	puisque_etant_donne_que	Puisque, étant donné que, vu que, faute de	Puisque, étant donné que, vu que, faute de	Puisque, étant donné que, vu que, faute de	1260	true	Puisque, étant donné que, vu que and du moment que give a cause the listener already knows or accepts, with the indicative; étant donné and vu can also take a noun (étant donné l'heure). D'autant plus que adds an extra, stronger reason (all the more since). Faute de + noun without article or + infinitive gives a cause by absence: faute de temps, faute d'avoir réservé.	Use it to justify a decision with a reason everyone accepts, to stack reasons, or to say something failed for lack of something.	puisque / étant donné que / vu que / du moment que + indicatif; d'autant plus que + indicatif; faute de + noun / infinitive	Parce que (A2.1) answers pourquoi with new information; puisque presents a cause the listener already knows, so it cannot answer a question. | Grâce à / à cause de (B1.1) + noun give a positive or negative cause; faute de + noun gives a cause by lack. | English since is puisque for a cause but depuis for time.	✗ Pourquoi tu restes ? – Puisque je suis malade. → ✓ Pourquoi tu restes ? – Parce que je suis malade. | ✗ Faute du temps, on n'a pas visité le musée. → ✓ Faute de temps, on n'a pas visité le musée. | ✗ Puisque 2019, j'habite à Lyon. → ✓ Depuis 2019, j'habite à Lyon.	Puisque tu es là, aide-moi à porter ça. | Étant donné que le train est annulé, on prendra le bus. | Faute de temps, on n'a pas visité le musée. | C'est d'autant plus difficile qu'il fait nuit.	cause | connectors | puisque | faute_de	Vu qu'il pleut, et faute de parapluie, on reste à la maison.	Vu qu'=>trigger=>a cause presented as obvious, + indicatif||faute de parapluie=>trigger=>a cause by lack, no article	cefr | delf_b2 | kwiziq_b2	B2.1	FR2_B11_CAUSE_PREPOSITIONS		regex:\bpuisqu(?:e\s|')|\bétant\s+donné\s+(?:qu(?:e\s|')|le\b|la\b|les\b|l'|son\b|sa\b|ses\b|ce\b|cette\b|ces\b|leur\b)|(?:^|[,;.:]\s*|\bet\s+)vu\s+qu(?:e\s|')|(?<!une )(?<!la )(?<!des )(?<!les )(?<!ma )(?<!ta )(?<!sa )(?<!cette )(?<!grosse )(?<!petite )(?<!sans )(?<!de )(?<!quelle )\bfaute\s+d(?:e\s|')(?!orthographe|frappe|grammaire|goût|français)|\bdu\s+moment\s+qu(?:e\s|')|\bd'autant\s+(?:plus|moins|que|qu')\b	Puisque, vu que, étant donné que: a known cause; d'autant plus que adds one; faute de: for lack of.	Puisque, étant donné que, vu que nennen einen bekannten Grund; d'autant plus que verstärkt; faute de heißt mangels.	Puisque, vu que : cause connue ; d'autant plus que : raison de plus ; faute de : par manque.	reviewed
FR2_B21_CONSEQUENCE_ADVANCED	fr	B2	Connectors	si_bien_que_tellement_que	Si bien que, tellement… que, si… que	Si bien que, tellement … que, si … que	Si bien que, tellement… que, si… que	1270	false	Si bien que and de sorte que (with the result that) add a result inside the same sentence, in the indicative. Si / tellement + adjective or adverb + que, tellement de / tant de + noun + que, and verb + tellement / tant + que link a degree to its result, also in the indicative. De sorte que + subjonctif is different: it expresses a purpose (so that).	Use it to tell cause and effect with emphasis: it was so noisy that we left; there was so much traffic that we arrived late.	…, si bien que + indicatif; si / tellement + adj. / adv. + que; tellement de / tant de + noun + que; verb + tellement / tant + que	C'est pourquoi and par conséquent (B1.2) start a new sentence; si bien que attaches the result inside the same sentence. | Si only goes with adjectives and adverbs (si long); with a noun use tant de / tellement de (tant de travail); with a verb, tellement or tant after it (il a tellement plu). | English so much / German so viel is tellement de, never tellement beaucoup de.	✗ Il était tellement fatigué qu'il soit parti. → ✓ Il était tellement fatigué qu'il est parti. | ✗ J'ai tellement beaucoup de travail. → ✓ J'ai tellement de travail. | ✗ J'ai si de travail que je ne sors plus. → ✓ J'ai tant de travail que je ne sors plus.	Il a beaucoup neigé, si bien que l'école est fermée. | Le film était si long que je me suis endormi. | J'ai tellement de travail que je ne sors plus. | Il a tellement plu que la rivière a débordé.	consequence | connectors | si_bien_que | intensity	Le bar était tellement bruyant qu'on est partis, si bien que j'ai raté la fin.	tellement bruyant qu'=>trigger=>so noisy that||si bien que=>result=>with the result that, + indicatif	cefr | delf_b2 | kwiziq_b2	B2.1	FR2_B12_CONSEQUENCE		regex:\bsi\s+bien\s+qu(?:e\s|')|\bde\s+(?:sorte|telle\s+sorte|manière|telle\s+manière|façon|telle\s+façon)\s+qu(?:e\s|')|\b(?:si|tellement|tant)\s+(?!(?:ce|c'|je|j'|tu|il|elle|on|nous|vous|ils|elles|le|la|les|l'|un|une|des|mon|ton|son|ma|ta|sa)\b)(?:de\s+|d')?[a-zàâçéèêëîïôûùœ]+\s+(?:[a-zàâçéèêëîïôûùœ]+\s+)?qu(?:e\s|')|\b(?:tellement|tant)\s+qu(?:e\s|')	Si bien que (+ indicative) states a result; si/tellement … que links intensity and result: il était si tard que…	Si bien que (+ Indikativ) nennt eine Folge; si/tellement … que verbindet Intensität und Folge: il était si tard que…	Si bien que (+ indicatif) exprime une conséquence ; si/tellement… que lie intensité et conséquence : si tard que…	reviewed
FR2_B21_PURPOSE	fr	B2	Connectors	afin_que_de_peur_que	Afin de, afin que, de peur que: purpose	Afin de, afin que, de peur que: Zweck	Afin de, afin que, de peur que : le but	1280	false	Afin de and de peur de / de crainte de + infinitive state an aim or a precaution when both actions have the same subject. With different subjects use afin que and de peur que / de crainte que + subjonctif. De peur que often takes a ne explétif with no negative meaning (de peur qu'il ne tombe = for fear he falls); a real negation needs pas.	Use it in formal writing and careful speech to state aims and precautions.	afin de / de peur de + infinitive; afin que / de peur que (ne) + subjonctif	Pour / pour que (B1.1, B1.2) are the everyday forms; afin de / afin que mean the same and sound more formal. | De peur qu'il ne pleuve = for fear that it rains (ne explétif); de peur qu'il ne vienne pas = for fear that he does not come. | Same subject: afin de partir, never afin que je parte.	✗ Je parle lentement afin que tu comprends. → ✓ Je parle lentement afin que tu comprennes. | ✗ J'ai pris un taxi afin que je ne rate pas l'avion. → ✓ J'ai pris un taxi afin de ne pas rater l'avion. | ✗ Je répète afin de tu comprennes. → ✓ Je répète afin que tu comprennes.	Je vous envoie le plan afin que vous puissiez vous préparer. | Elle a pris un taxi de peur de rater son avion. | Parle doucement de peur que le bébé ne se réveille. | Afin d'éviter les bouchons, partez avant sept heures.	purpose | subjonctif | afin_que | de_peur_que	Je laisse la clé au voisin afin que tu puisses entrer, de peur que tu ne sois bloqué dehors.	afin que tu puisses=>subjunctive_purpose=>afin que + subjonctif||de peur que tu ne sois=>trigger=>de peur que + optional ne + subjonctif, no negation	cefr | delf_b2 | kwiziq_b2	B2.1	FR2_B12_SUBJ_CONJUNCTIONS	FR2_B12_SUBJ_CONJUNCTIONS | FR2_B22_NE_EXPLETIF	regex:\bafin\s+(?:de\s|d'|que\s|qu')|\bde\s+(?:peur|crainte)\s+(?:de\s|d'|que\s|qu')|\bpar\s+(?:peur|crainte)\s+(?:de\s|d')	Afin de/de peur de + infinitive with the same subject; afin que/de peur que (+ optional ne) + subjonctif otherwise.	Afin de/de peur de + Infinitiv bei gleichem Subjekt; sonst afin que/de peur que (+ optionales ne) + Subjonctif.	Même sujet : afin de/de peur de + infinitif ; sujets différents : afin que/de peur que (ne) + subjonctif.	reviewed
FR2_B21_INFINITIF_PASSE	fr	B2	Verbs	infinitif_passe	Après avoir fini: the past infinitive	Après avoir fini: der Infinitiv Perfekt	Après avoir fini : l'infinitif passé	1290	true	The infinitif passé is avoir or être + the past participle (avoir fini, être parti). It marks an action completed before the main verb, with the same subject. Après always takes it (après avoir dîné, après être rentrée); so do thanking and apologising (merci de m'avoir aidé, désolé d'être arrivé en retard), regretter de, être content de, and sans when the action is past (sans avoir payé). With être the participle agrees with the subject.	Use it to sequence actions compactly and to thank or apologise for past actions.	après + avoir / être + participe passé; merci de / regretter de / sans + infinitif passé	Avant de (B1.1) takes the plain infinitive (avant de partir); après takes the past infinitive (après être parti). | Only with the same subject; with different subjects use après que + indicatif (B2.2). | English thanks for helping / German danke, dass du geholfen hast: French says merci de m'avoir aidé.	✗ Après avoir arrivé, elle m'a appelé. → ✓ Après être arrivée, elle m'a appelé. | ✗ Après manger, on est sortis. → ✓ Après avoir mangé, on est sortis. | ✗ Merci pour m'aider hier. → ✓ Merci de m'avoir aidé hier.	Après avoir dîné, on a regardé un film. | Merci de m'avoir aidé hier. | Elle est partie sans avoir payé. | Je regrette de ne pas l'avoir vu.	infinitif_passe | apres | sequence | agreement	Après être rentrée du bureau et avoir pris une douche, elle a appelé sa mère.	Après être rentrée=>agreement=>être verb: rentrée agrees with elle||avoir pris=>event=>completed before the main verb	cefr | delf_b2 | kwiziq_b2	B2.1	FR2_B11_PREP_INFINITIVE | FR2_A21_PC_ETRE	FR2_B11_PREP_INFINITIVE | FR2_B22_APRES_QUE	regex:\baprès\s+(?:ne\s+pas\s+|n'|ne\s+)?(?:(?:ne|n')\s*)?(?:(?:me|te|se|nous|vous|le|la|les|lui|leur|y|en)\s+|[mtsl]'(?:y\s+|en\s+)?)*(?:avoir|être)\s+(?:(?:bien|déjà|enfin|tout|beaucoup|longtemps)\s+)?[a-zàâçéèêëîïôûùœ]+|\b(?:sans|de|d'|pour)\s*(?:ne\s+pas\s+|n'|ne\s+)?(?:(?:ne|n')\s*)?(?:(?:me|te|se|nous|vous|le|la|les|lui|leur|y|en)\s+|[mtsl]'(?:y\s+|en\s+)?)*(?:avoir\s+(?:(?:bien|déjà|enfin|tout|jamais|pas)\s+)?(?!(?:du|que|qui|ni|si|lui|celui|puis|depuis|ici|aussi|ainsi|parmi|midi|lundi|mardi|mercredi|jeudi|vendredi|samedi|ami|souci|congé|plus|tous|sous|nous|vous|bus|jus|dessus|dessous|menu|tissu|peu|feu|jeu|lieu|bleu|beaucoup|eu\w|été|café|thé|clé|bébé|côté|prêt|vrai|faim|froid|chaud|raison|tort|besoin|envie|peur|rendez-vous|lieu)\b)(?:[a-zàâçéèêëîïôûùœ]+é|[a-zàâçéèêëîïôûùœ]+i|[a-zàâçéèêëîïôûùœ]+u|[a-zàâçéèêëîïôûùœ]*(?:pris|mis|dit|crit|fait|duit|struit|vert|fert|eint|aint|oint|quis|clos)|eu|été|dû|né|mort)(?:e|s|es)?\b|être\s+(?:(?:bien|déjà|enfin|jamais|pas)\s+)?(?:allé|venu|revenu|devenu|parvenu|intervenu|arrivé|parti|reparti|entré|rentré|sorti|ressorti|monté|remonté|descendu|redescendu|né|mort|resté|tombé|retombé|retourné|passé|repassé)(?:e|s|es)?\b)	After après, use the past infinitive, avoir/être + participle: après avoir mangé, après être partie.	Nach après steht der Infinitiv Perfekt, avoir/être + Partizip: après avoir mangé, après être partie.	Avec après, on met l'infinitif passé, avoir/être + participe : après avoir mangé, après être partie.	reviewed
FR2_B21_PARTICIPE_PRESENT	fr	B2	Verbs	participe_present	Participe présent: ayant fini, désirant réserver	Participe présent: ayant fini, désirant réserver	Le participe présent : ayant fini, désirant réserver	1300	true	The participe présent is the nous-stem + -ant (nous finissons → finissant), with three irregulars: ayant, étant, sachant. It never agrees. Without en, it belongs to written French: it replaces a relative clause (les clients désirant réserver = qui désirent réserver) or gives a cause (étant malade, il est resté). Ayant / étant + participle marks an action completed first: ayant raté le train, j'ai pris un taxi. At the start of a sentence it must refer to the subject of the main clause.	Use it in formal emails, reports, notices and narrative writing.	nous-stem + -ant (invariable); ayant / étant + participe passé	The gérondif (B1.2) is en + -ant and refers to the subject of the main verb; the participe présent has no en and can describe a nearby noun: j'ai vu Paul sortant du cinéma. | The participe présent never agrees; the adjectif verbal (B2.2) agrees and may be spelled differently (fatiguant / fatigant). | In speech, qui + verb or parce que sounds more natural.	✗ Étant fatiguée, la réunion a été annulée. → ✓ Étant fatiguée, elle a annulé la réunion. | ✗ Les personnes souhaitantes s'inscrire doivent écrire. → ✓ Les personnes souhaitant s'inscrire doivent écrire. | ✗ Ayant arrivé en retard, il s'est excusé. → ✓ Étant arrivé en retard, il s'est excusé.	Les voyageurs désirant un taxi sont priés de patienter. | Ayant raté le train, j'ai pris un taxi. | Étant malade, il est resté à la maison. | Ne sachant pas quoi dire, elle a souri.	participe_present | written_register | cause | ayant	N'ayant pas reçu de réponse, je vous relance.	N'ayant pas reçu=>event=>ayant + participle: a completed earlier action that gives the cause||je vous relance=>result=>the participle refers to the subject, je	cefr | delf_b2 | kwiziq_b2	B2.1	FR2_B12_GERUND	FR2_B12_GERUND	regex:(?<!\ben )(?<!\ben\s\s)\b(?:n'|ne\s+)?(?:ayant|étant|sachant|désirant|souhaitant|voulant|pouvant|possédant|venant|partant|disposant|considérant|constatant|estimant|ignorant|craignant|habitant\s+(?:à|au|en|dans)|travaillant|cherchant|parlant|connaissant|devant\s+(?:[a-zàâçéèêëîïôûùœ]+(?:er|ir|re|oir))|souffrant|portant\s+sur|s'agissant)\b|(?:^|[.!?]\s+)(?:ne\s+|n')?(?!(?:tant|quant|avant|devant|pendant|maintenant|cependant|durant|suivant|moyennant|concernant|enfant|croissant|restaurant|étudiant|important|vivant|souvent|instant|gant|géant|élégant|méchant|charmant|amusant|intéressant|marchand|savant|dirigeant|commerçant|habitant|participant|passant|néant|volant|piquant|courant|cousant|seulement)\b)[a-zàâçéèêëîïôûùœ]+ant\b(?=[^.!?]*,)	Without en, the -ant form replaces qui + verb or gives a cause in writing: ayant fini, il est parti.	Ohne en ersetzt die -ant-Form qui + Verb oder nennt schriftlich einen Grund: ayant fini, il est parti.	Sans en, la forme en -ant remplace qui + verbe ou une cause : ayant fini, il est parti.	reviewed
FR2_B22_SI_MIXED	fr	B2	Conditionals	mixed_conditionals	Mixed si-clauses	Gemischte Bedingungssätze mit si	Les phrases en si mixtes	1310	true	When the condition and the result belong to different times, mix the two si-patterns. A past condition with a present result: si + plus-que-parfait, conditionnel présent (si j'avais pris ma veste, je n'aurais pas froid). A lasting fact with a past result: si + imparfait, conditionnel passé (si j'étais plus prudent, je n'aurais pas eu cet accident). As always, the si-clause never takes the conditionnel.	Use it to link past choices to your situation now, or a lasting trait to something that happened.	si + plus-que-parfait, conditionnel présent; si + imparfait, conditionnel passé	Type 2 (B1.1) and type 3 (B2.1) keep both halves in one time; mixed sentences cross them: si j'avais fait médecine, je serais médecin aujourd'hui. | A time word in the result (maintenant, aujourd'hui, déjà) is the signal for the conditionnel présent. | Si + imparfait can describe a permanent trait (si j'étais plus prudent = I am not careful by nature), not only a present situation.	✗ Si j'aurais fait médecine, je serais médecin. → ✓ Si j'avais fait médecine, je serais médecin. | ✗ Si tu avais dormi, tu aurais été en forme maintenant. → ✓ Si tu avais dormi, tu serais en forme maintenant. | ✗ Si elle parlait allemand, elle obtiendrait ce poste l'année dernière. → ✓ Si elle parlait allemand, elle aurait obtenu ce poste l'année dernière.	Si j'avais pris ma veste, je n'aurais pas froid maintenant. | Si elle parlait allemand, elle aurait obtenu ce poste. | Si on avait réservé, on serait déjà à table. | Je serais médecin aujourd'hui si j'avais fait médecine.	si_clause | mixed_conditionals | conditionnel | time_frames	Si tu avais dormi plus tôt, tu ne serais pas si fatigué aujourd'hui.	Si tu avais dormi=>condition=>si + plus-que-parfait: the past||ne serais pas si fatigué aujourd'hui=>result=>conditionnel présent: the effect now	cefr | delf_b2 | kwiziq_b2	B2.2	FR2_B21_SI_TYPE3	FR2_B21_SI_TYPE3 | FR2_B11_SI_TYPE2	regex:\bs(?:i\s+|')(?:[\w'-]+\s+){0,3}?(?:j')?(?:(?:ne|n')\s*)?(?:(?:me|te|se|nous|vous|le|la|les|lui|leur|y|en)\s+|[mtsl]'(?:y\s+|en\s+)?)*(?:(?:\b(?:avais|avait|avions|aviez|avaient)\s+(?:(?:pas|plus|jamais|déjà|bien|tout|enfin)\s+){0,2}(?!(?:plus|tous|sous|nous|vous|lui|ici|aussi|ainsi|midi|si|ni|qui|du|peu|beaucoup|eu\w|été|prêt|vrai|froid|faim|chaud|raison|tort|besoin|envie|peur)\b)(?:[a-zàâçéèêëîïôûùœ]+[éiu]|[a-zàâçéèêëîïôûùœ]*(?:pris|mis|dit|crit|fait|duit|vert|fert|eint|aint)|eu|été|dû|né|mort)(?:e|s|es)?\b|\b(?:étais|était|étions|étiez|étaient)\s+(?:(?:pas|plus|jamais|déjà|bien|tout|enfin)\s+){0,2}(?:allé|venu|revenu|devenu|parvenu|intervenu|arrivé|parti|reparti|entré|rentré|sorti|ressorti|monté|remonté|descendu|redescendu|né|mort|resté|tombé|retombé|retourné|passé|repassé)(?:e|s|es)?\b|\b(?:me|te|se|nous|vous|m'|t'|s')\s*(?:y\s+|en\s+)?(?:étais|était|étions|étiez|étaient)\s+(?:(?:pas|plus|jamais|déjà|bien|tout|enfin)\s+){0,2}(?!(?:plus|tous|sous|nous|vous|lui|ici|aussi|ainsi|midi|si|ni|qui|du|peu|beaucoup|eu\w|été|prêt|vrai|froid|faim|chaud|raison|tort|besoin|envie|peur)\b)(?:[a-zàâçéèêëîïôûùœ]+[éiu]|[a-zàâçéèêëîïôûùœ]*(?:pris|mis|dit|crit|fait|duit|vert|fert|eint|aint)|eu|été|dû|né|mort)(?:e|s|es)?\b))[^.!?;]{0,80}?\b[a-zàâçéèêëîïôûùœ]+(?:rais|rait|rions|riez|raient)\b(?!\s+(?:(?:pas|jamais|déjà|bien|plus)\s+){0,2}(?:(?!(?:plus|tous|sous|nous|vous|lui|ici|aussi|ainsi|midi|si|ni|qui|du|peu|beaucoup|eu\w|été|prêt|vrai|froid|faim|chaud|raison|tort|besoin|envie|peur)\b)(?:[a-zàâçéèêëîïôûùœ]+[éiu]|[a-zàâçéèêëîïôûùœ]*(?:pris|mis|dit|crit|fait|duit|vert|fert|eint|aint)|eu|été|dû|né|mort)(?:e|s|es)?\b))|\bs(?:i\s+|')(?:[\w'-]+\s+){0,3}?(?:j')?(?:(?:ne|n')\s*)?(?:(?:me|te|se|nous|vous|le|la|les|lui|leur|y|en)\s+|[mtsl]'(?:y\s+|en\s+)?)*(?:(?!avais|avait|avions|aviez|avaient|étais|était|étions|étiez|étaient)[a-zàâçéèêëîïôûùœ]+(?:ais|ait|ions|iez|aient)|(?:avais|avait|avions|aviez|avaient|étais|était|étions|étiez|étaient)(?!\s+(?:(?:pas|jamais|déjà|bien)\s+){0,2}(?:(?!(?:plus|tous|sous|nous|vous|lui|ici|aussi|ainsi|midi|si|ni|qui|du|peu|beaucoup|eu\w|été|prêt|vrai|froid|faim|chaud|raison|tort|besoin|envie|peur)\b)(?:[a-zàâçéèêëîïôûùœ]+[éiu]|[a-zàâçéèêëîïôûùœ]*(?:pris|mis|dit|crit|fait|duit|vert|fert|eint|aint)|eu|été|dû|né|mort)(?:e|s|es)?\b)))\b[^.!?;]{0,80}?(?:(?:\b(?:aurais|aurait|aurions|auriez|auraient)\s+(?:(?:pas|plus|jamais|déjà|bien|tout|enfin)\s+){0,2}(?!(?:plus|tous|sous|nous|vous|lui|ici|aussi|ainsi|midi|si|ni|qui|du|peu|beaucoup|eu\w|été|prêt|vrai|froid|faim|chaud|raison|tort|besoin|envie|peur)\b)(?:[a-zàâçéèêëîïôûùœ]+[éiu]|[a-zàâçéèêëîïôûùœ]*(?:pris|mis|dit|crit|fait|duit|vert|fert|eint|aint)|eu|été|dû|né|mort)(?:e|s|es)?\b|\b(?:serais|serait|serions|seriez|seraient)\s+(?:(?:pas|plus|jamais|déjà|bien|tout|enfin)\s+){0,2}(?:allé|venu|revenu|devenu|parvenu|intervenu|arrivé|parti|reparti|entré|rentré|sorti|ressorti|monté|remonté|descendu|redescendu|né|mort|resté|tombé|retombé|retourné|passé|repassé)(?:e|s|es)?\b|\b(?:me|te|se|nous|vous|m'|t'|s')\s*(?:y\s+|en\s+)?(?:serais|serait|serions|seriez|seraient)\s+(?:(?:pas|plus|jamais|déjà|bien|tout|enfin)\s+){0,2}(?!(?:plus|tous|sous|nous|vous|lui|ici|aussi|ainsi|midi|si|ni|qui|du|peu|beaucoup|eu\w|été|prêt|vrai|froid|faim|chaud|raison|tort|besoin|envie|peur)\b)(?:[a-zàâçéèêëîïôûùœ]+[éiu]|[a-zàâçéèêëîïôûùœ]*(?:pris|mis|dit|crit|fait|duit|vert|fert|eint|aint)|eu|été|dû|né|mort)(?:e|s|es)?\b))|(?:(?:\b(?:aurais|aurait|aurions|auriez|auraient)\s+(?:(?:pas|plus|jamais|déjà|bien|tout|enfin)\s+){0,2}(?!(?:plus|tous|sous|nous|vous|lui|ici|aussi|ainsi|midi|si|ni|qui|du|peu|beaucoup|eu\w|été|prêt|vrai|froid|faim|chaud|raison|tort|besoin|envie|peur)\b)(?:[a-zàâçéèêëîïôûùœ]+[éiu]|[a-zàâçéèêëîïôûùœ]*(?:pris|mis|dit|crit|fait|duit|vert|fert|eint|aint)|eu|été|dû|né|mort)(?:e|s|es)?\b|\b(?:serais|serait|serions|seriez|seraient)\s+(?:(?:pas|plus|jamais|déjà|bien|tout|enfin)\s+){0,2}(?:allé|venu|revenu|devenu|parvenu|intervenu|arrivé|parti|reparti|entré|rentré|sorti|ressorti|monté|remonté|descendu|redescendu|né|mort|resté|tombé|retombé|retourné|passé|repassé)(?:e|s|es)?\b|\b(?:me|te|se|nous|vous|m'|t'|s')\s*(?:y\s+|en\s+)?(?:serais|serait|serions|seriez|seraient)\s+(?:(?:pas|plus|jamais|déjà|bien|tout|enfin)\s+){0,2}(?!(?:plus|tous|sous|nous|vous|lui|ici|aussi|ainsi|midi|si|ni|qui|du|peu|beaucoup|eu\w|été|prêt|vrai|froid|faim|chaud|raison|tort|besoin|envie|peur)\b)(?:[a-zàâçéèêëîïôûùœ]+[éiu]|[a-zàâçéèêëîïôûùœ]*(?:pris|mis|dit|crit|fait|duit|vert|fert|eint|aint)|eu|été|dû|né|mort)(?:e|s|es)?\b))[^.!?;]{0,60}?\bs(?:i\s+|')(?:[\w'-]+\s+){0,3}?(?:j')?(?:(?:ne|n')\s*)?(?:(?:me|te|se|nous|vous|le|la|les|lui|leur|y|en)\s+|[mtsl]'(?:y\s+|en\s+)?)*(?:(?!avais|avait|avions|aviez|avaient|étais|était|étions|étiez|étaient)[a-zàâçéèêëîïôûùœ]+(?:ais|ait|ions|iez|aient)|(?:avais|avait|avions|aviez|avaient|étais|était|étions|étiez|étaient)(?!\s+(?:(?:pas|jamais|déjà|bien)\s+){0,2}(?:(?!(?:plus|tous|sous|nous|vous|lui|ici|aussi|ainsi|midi|si|ni|qui|du|peu|beaucoup|eu\w|été|prêt|vrai|froid|faim|chaud|raison|tort|besoin|envie|peur)\b)(?:[a-zàâçéèêëîïôûùœ]+[éiu]|[a-zàâçéèêëîïôûùœ]*(?:pris|mis|dit|crit|fait|duit|vert|fert|eint|aint)|eu|été|dû|né|mort)(?:e|s|es)?\b)))\b|\b[a-zàâçéèêëîïôûùœ]+(?:rais|rait|rions|riez|raient)\b(?!\s+(?:(?:pas|jamais|déjà|bien|plus)\s+){0,2}(?:(?!(?:plus|tous|sous|nous|vous|lui|ici|aussi|ainsi|midi|si|ni|qui|du|peu|beaucoup|eu\w|été|prêt|vrai|froid|faim|chaud|raison|tort|besoin|envie|peur)\b)(?:[a-zàâçéèêëîïôûùœ]+[éiu]|[a-zàâçéèêëîïôûùœ]*(?:pris|mis|dit|crit|fait|duit|vert|fert|eint|aint)|eu|été|dû|né|mort)(?:e|s|es)?\b))[^.!?;]{0,60}?\bs(?:i\s+|')(?:[\w'-]+\s+){0,3}?(?:j')?(?:(?:ne|n')\s*)?(?:(?:me|te|se|nous|vous|le|la|les|lui|leur|y|en)\s+|[mtsl]'(?:y\s+|en\s+)?)*(?:(?:\b(?:avais|avait|avions|aviez|avaient)\s+(?:(?:pas|plus|jamais|déjà|bien|tout|enfin)\s+){0,2}(?!(?:plus|tous|sous|nous|vous|lui|ici|aussi|ainsi|midi|si|ni|qui|du|peu|beaucoup|eu\w|été|prêt|vrai|froid|faim|chaud|raison|tort|besoin|envie|peur)\b)(?:[a-zàâçéèêëîïôûùœ]+[éiu]|[a-zàâçéèêëîïôûùœ]*(?:pris|mis|dit|crit|fait|duit|vert|fert|eint|aint)|eu|été|dû|né|mort)(?:e|s|es)?\b|\b(?:étais|était|étions|étiez|étaient)\s+(?:(?:pas|plus|jamais|déjà|bien|tout|enfin)\s+){0,2}(?:allé|venu|revenu|devenu|parvenu|intervenu|arrivé|parti|reparti|entré|rentré|sorti|ressorti|monté|remonté|descendu|redescendu|né|mort|resté|tombé|retombé|retourné|passé|repassé)(?:e|s|es)?\b|\b(?:me|te|se|nous|vous|m'|t'|s')\s*(?:y\s+|en\s+)?(?:étais|était|étions|étiez|étaient)\s+(?:(?:pas|plus|jamais|déjà|bien|tout|enfin)\s+){0,2}(?!(?:plus|tous|sous|nous|vous|lui|ici|aussi|ainsi|midi|si|ni|qui|du|peu|beaucoup|eu\w|été|prêt|vrai|froid|faim|chaud|raison|tort|besoin|envie|peur)\b)(?:[a-zàâçéèêëîïôûùœ]+[éiu]|[a-zàâçéèêëîïôûùœ]*(?:pris|mis|dit|crit|fait|duit|vert|fert|eint|aint)|eu|été|dû|né|mort)(?:e|s|es)?\b))	Mix the halves when times differ: si j'avais écouté (past), je serais riche (now); never conditionnel after si.	Bei unterschiedlichen Zeitebenen mischt man: si j'avais écouté (früher), je serais riche (jetzt); nie Conditionnel nach si.	On mélange selon l'époque : si j'avais écouté, je serais riche aujourd'hui ; jamais de conditionnel après si.	reviewed
FR2_B22_HYPOTHESIS	fr	B2	Conditionals	au_cas_ou_a_supposer_que	Au cas où, à supposer que, même si: hypotheses	Au cas où, à supposer que, même si: Hypothesen	Au cas où, à supposer que, même si : l'hypothèse	1320	true	Each hypothesis connector takes its own mood. Au cas où and dans le cas où (in case) take the conditionnel: au cas où il pleuvrait. À supposer que, en admettant que and pour peu que (assuming, if only) take the subjonctif. Même si (even if) takes the indicative, like si. En cas de + noun without article is the short form of au cas où: en cas de problème.	Use it to plan for contingencies, to argue from a hypothesis, and to insist that a condition changes nothing.	au cas où / dans le cas où + conditionnel; à supposer que / en admettant que / pour peu que + subjonctif; en cas de + noun; même si + indicatif	Si (B1.1, B2.1) never takes the conditionnel, but au cas où does: au cas où tu aurais besoin de moi. | À condition que (B2.1) sets a requirement; à supposer que only imagines a case for the sake of argument. | Au cas où can also close a sentence alone: prends un parapluie, au cas où.	✗ Au cas où tu as besoin, appelle-moi. → ✓ Au cas où tu aurais besoin, appelle-moi. | ✗ À supposer qu'il a raison, que fait-on ? → ✓ À supposer qu'il ait raison, que fait-on ? | ✗ En cas du problème, appelez ce numéro. → ✓ En cas de problème, appelez ce numéro.	Prends un parapluie au cas où il pleuvrait. | À supposer qu'il accepte, qui paiera le voyage ? | En cas de problème, appelez ce numéro. | Pour peu qu'il fasse beau, on mangera dehors.	hypothesis | au_cas_ou | mood_choice | connectors	Je te laisse mon numéro au cas où tu te perdrais, même si le quartier est simple.	au cas où tu te perdrais=>condition=>in case: conditionnel||même si le quartier est=>concession=>even if: indicative	cefr | delf_b2 | kwiziq_b2	B2.2	FR2_B22_SI_MIXED | FR2_B21_CONDITION_SUBJ		regex:\bau\s+cas\s+où\b|\bdans\s+le\s+cas\s+où\b|\bà\s+supposer\s+qu(?:e\s|')|\ben\s+supposant\s+qu(?:e\s|')|\bsupposons\s+qu(?:e\s|')|\ben\s+admettant\s+qu(?:e\s|')|\ben\s+cas\s+d(?:e\s|')|\bpour\s+peu\s+qu(?:e\s|')	Au cas où takes the conditionnel, à supposer que the subjonctif, même si the indicative; en cas de + noun.	Au cas où steht mit Conditionnel, à supposer que mit Subjonctif, même si mit Indikativ; en cas de + Nomen.	Au cas où + conditionnel, à supposer que + subjonctif, même si + indicatif ; en cas de + nom.	reviewed
FR2_B22_CONDITIONAL_HEARSAY	fr	B2	Conditionals	conditionnel_journalistique	Conditionnel for unconfirmed news: le suspect serait…	Conditionnel für unbestätigte Meldungen: le suspect serait…	Le conditionnel journalistique : le suspect serait…	1330	false	News uses the conditionnel to report information that is not confirmed: the conditionnel présent for a present or future fact (le suspect serait en fuite), the conditionnel passé for a past one (l'incendie aurait fait deux blessés). It means reportedly or allegedly and often comes with a source: selon, d'après, de source policière.	Use it to read and write news, and to pass on information you cannot vouch for.	subject + conditionnel présent / passé (selon X, d'après Y)	The conditionnel passé of regret (B2.1: j'aurais dû) talks about a missed possibility; here aurait fait states an alleged fact. | German uses sollen or the Konjunktiv I (er soll geflohen sein); English uses reportedly, allegedly or is said to. French uses the conditionnel, never devoir or être dit. | Selon moi / d'après moi gives an opinion and takes the indicative: selon moi, c'est une erreur.	✗ Le ministre démissionnerait hier. → ✓ Le ministre aurait démissionné hier. | ✗ Selon la presse, le ministre doit avoir démissionné. → ✓ Selon la presse, le ministre aurait démissionné. | ✗ Le suspect est dit être en fuite. → ✓ Le suspect serait en fuite.	Selon plusieurs témoins, le conducteur roulerait sans permis. | L'incendie aurait fait deux blessés. | Le Premier ministre aurait démissionné ce matin. | D'après la radio, la grève serait terminée.	conditionnel | news | hearsay | register	D'après la presse locale, le suspect serait en fuite et aurait quitté le pays.	D'après la presse locale=>trigger=>the source of the unconfirmed report||serait en fuite=>hearsay_present=>reportedly is||aurait quitté=>hearsay_past=>reportedly left	cefr | delf_b2 | kwiziq_b2	B2.2	FR2_B21_CONDITIONAL_PAST	FR2_B21_CONDITIONAL_PAST	regex:\b(?:selon|d'après)\s+(?!(?:moi|toi|nous|vous|lui|elle|eux|elles|ce|ça|cela|que|qu')\b)[^.!?]{1,80}?\b[a-zàâçéèêëîïôûùœ]+(?:rait|raient)\b|\b[a-zàâçéèêëîïôûùœ]+(?:rait|raient)\b[^.!?]{0,80}?\b(?:selon|d'après)\s+(?!(?:moi|toi|nous|vous|lui|elle|eux|elles|ce|ça|cela|que|qu')\b)|\bde\s+source\s+\w+[^.!?]{0,80}?\b[a-zàâçéèêëîïôûùœ]+(?:rait|raient)\b|(?:^|[.!?;:]\s+)(?![^.!?]*\bs(?:i\s|'il))(?:le|la|les|l'|un|une|des|ce|cet|cette|ces|plusieurs|deux|trois|quatre|cinq|\d+)\s*(?:[\w'-]+\s+){1,4}?(?:aurait|auraient)\s+(?:(?:déjà|été|bien|tous|toutes)\s+){0,2}(?!(?:du|que|qui|ni|si|lui|celui|puis|depuis|ici|aussi|ainsi|parmi|midi|lundi|mardi|mercredi|jeudi|vendredi|samedi|ami|souci|congé|plus|tous|sous|nous|vous|bus|jus|dessus|dessous|menu|tissu|peu|feu|jeu|lieu|bleu|beaucoup|eu\w|été|café|thé|clé|bébé|côté|prêt|vrai|faim|froid|chaud|raison|tort|besoin|envie|peur|rendez-vous|lieu)\b)(?:[a-zàâçéèêëîïôûùœ]+é|[a-zàâçéèêëîïôûùœ]+i|[a-zàâçéèêëîïôûùœ]+u|[a-zàâçéèêëîïôûùœ]*(?:pris|mis|dit|crit|fait|duit|struit|vert|fert|eint|aint|oint|quis|clos)|eu|été|dû|né|mort)(?:e|s|es)?\b|(?:^|[.!?;:]\s+)(?![^.!?]*\bs(?:i\s|'il))(?:le|la|les|l'|un|une|des|ce|cet|cette|ces|plusieurs|deux|trois|\d+)\s*(?:[\w'-]+\s+){1,4}?(?:serait|seraient)\s+(?:(?:déjà|toujours|actuellement|encore)\s+)?(?:en\s+(?:fuite|cours|danger|prison|vie|train|négociation|discussion)|sur\s+le\s+point|à\s+l'origine|responsables?|impliquée?s?|(?!(?:du|que|qui|ni|si|lui|celui|puis|depuis|ici|aussi|ainsi|parmi|midi|lundi|mardi|mercredi|jeudi|vendredi|samedi|ami|souci|congé|plus|tous|sous|nous|vous|bus|jus|dessus|dessous|menu|tissu|peu|feu|jeu|lieu|bleu|beaucoup|eu\w|été|café|thé|clé|bébé|côté|prêt|vrai|faim|froid|chaud|raison|tort|besoin|envie|peur|rendez-vous|lieu)\b)(?:[a-zàâçéèêëîïôûùœ]+é|[a-zàâçéèêëîïôûùœ]+i|[a-zàâçéèêëîïôûùœ]+u|[a-zàâçéèêëîïôûùœ]*(?:pris|mis|dit|crit|fait|duit|struit|vert|fert|eint|aint|oint|quis|clos)|eu|été|dû|né|mort)(?:e|s|es)?\b)	News uses the conditionnel for unconfirmed facts: le suspect serait en fuite, l'incendie aurait fait deux blessés.	Nachrichten nutzen den Conditionnel für Unbestätigtes: le suspect serait en fuite, l'incendie aurait fait deux blessés.	La presse emploie le conditionnel pour une information non confirmée : le suspect serait en fuite.	reviewed
FR2_B22_REPORTED_SEQUENCE	fr	B2	Syntax	sequence_of_tenses	Reported speech: full sequence of tenses and time words	Indirekte Rede: Zeitenfolge und Zeitangaben	Le discours rapporté : concordance des temps et indicateurs de temps	1340	true	When the reporting verb is in a past tense, the tenses move one step back: présent → imparfait, passé composé → plus-que-parfait, futur → conditionnel présent, futur antérieur → conditionnel passé; imparfait, plus-que-parfait and conditionnel stay. Time and place words move too: aujourd'hui → ce jour-là, hier → la veille, demain → le lendemain, la semaine prochaine → la semaine suivante, ici → là. An imperative becomes de + infinitive.	Use it to retell conversations, messages and statements later, in speech and in writing.	il a dit / il avait dit que + imparfait / plus-que-parfait / conditionnel; demain → le lendemain, hier → la veille	B1.2 introduced the basic shift (il a dit qu'il viendrait); here the full table, futur antérieur → conditionnel passé, and the time words. | If the words are still true when you report them, the shift is optional: the same day, il m'a dit qu'il vient demain is fine. | English the day before / German am Tag davor is la veille, and the next day / am nächsten Tag is le lendemain.	✗ Il y a un mois, il m'a dit qu'il viendrait demain. → ✓ Il y a un mois, il m'a dit qu'il viendrait le lendemain. | ✗ Elle m'a dit qu'elle a perdu ses clés la veille. → ✓ Elle m'a dit qu'elle avait perdu ses clés la veille. | ✗ Elle a dit qu'elle était venue le jour avant. → ✓ Elle a dit qu'elle était venue la veille.	Elle m'a dit qu'elle avait perdu ses clés la veille. | Il a annoncé qu'il partirait le lendemain. | Ils ont expliqué qu'ils auraient fini avant la fin de la semaine. | Il m'a promis qu'il viendrait la semaine suivante.	reported_speech | sequence_of_tenses | time_markers | narration	Le 3 mai, Paul a dit qu'il avait vu Léa la veille et qu'il la reverrait le lendemain.	avait vu=>event=>passé composé (j'ai vu) → plus-que-parfait||la veille=>time_shift=>hier → la veille||reverrait=>result=>futur (je la reverrai) → conditionnel||le lendemain=>time_shift=>demain → le lendemain	cefr | delf_b2 | kwiziq_b2	B2.2	FR2_B12_REPORTED_PAST	FR2_B12_REPORTED_PAST | FR2_B22_INDIRECT_QUESTIONS_PAST	regex:\b(?:dit|expliqué|annoncé|répondu|affirmé|déclaré|raconté|écrit|promis|précisé|ajouté|avoué|assuré|prévenu|confirmé|juré|répété|disait|expliquait|annonçait|racontait|écrivait|affirmait|assurait|avait\s+dit|avait\s+promis)\b[^.!?]{0,60}?\bqu(?:e\s|')[^.!?]{0,100}?\b(?:la\s+veille|le\s+lendemain|ce\s+jour-là|ce\s+soir-là|ce\s+matin-là|à\s+ce\s+moment-là|la\s+semaine\s+(?:suivante|précédente|d'après|d'avant)|le\s+mois\s+(?:suivant|précédent)|l'année\s+(?:suivante|précédente)|le\s+surlendemain|l'avant-veille|deux\s+jours\s+plus\s+tard)\b|\b(?:dit|expliqué|annoncé|répondu|affirmé|déclaré|raconté|écrit|promis|précisé|ajouté|avoué|assuré|prévenu|confirmé|juré|répété|disait|expliquait|annonçait|racontait|écrivait|affirmait|assurait|avait\s+dit|avait\s+promis)\b[^.!?]{0,40}?\bqu(?:e\s+|')(?:[\w'-]+\s+){0,3}?(?:(?:ne|n')\s*)?(?:(?:me|te|se|nous|vous|le|la|les|lui|leur|y|en)\s+|[mtsl]'(?:y\s+|en\s+)?)*(?:(?:\b(?:aurais|aurait|aurions|auriez|auraient)\s+(?:(?:pas|plus|jamais|rien|déjà|bien|beaucoup|trop|mal|tout|enfin|toujours|encore|vraiment|enfin|peut-être|sans doute|pas encore)\s+){0,2}(?!(?:du|que|qui|ni|si|lui|celui|puis|depuis|ici|aussi|ainsi|parmi|midi|lundi|mardi|mercredi|jeudi|vendredi|samedi|ami|souci|congé|plus|tous|sous|nous|vous|bus|jus|dessus|dessous|menu|tissu|peu|feu|jeu|lieu|bleu|beaucoup|eu\w|été|café|thé|clé|bébé|côté|prêt|vrai|faim|froid|chaud|raison|tort|besoin|envie|peur|rendez-vous|lieu)\b)(?:[a-zàâçéèêëîïôûùœ]+é|[a-zàâçéèêëîïôûùœ]+i|[a-zàâçéèêëîïôûùœ]+u|[a-zàâçéèêëîïôûùœ]*(?:pris|mis|dit|crit|fait|duit|struit|vert|fert|eint|aint|oint|quis|clos)|eu|été|dû|né|mort)(?:e|s|es)?\b|\b(?:serais|serait|serions|seriez|seraient)\s+(?:(?:pas|plus|jamais|rien|déjà|bien|beaucoup|trop|mal|tout|enfin|toujours|encore|vraiment|enfin|peut-être|sans doute|pas encore)\s+){0,2}(?:allé|venu|revenu|devenu|parvenu|intervenu|arrivé|parti|reparti|entré|rentré|sorti|ressorti|monté|remonté|descendu|redescendu|né|mort|resté|tombé|retombé|retourné|passé|repassé)(?:e|s|es)?\b|\b(?:me|te|se|nous|vous|m'|t'|s')\s*(?:y\s+|en\s+)?(?:serais|serait|serions|seriez|seraient)\s+(?:(?:pas|plus|jamais|rien|déjà|bien|beaucoup|trop|mal|tout|enfin|toujours|encore|vraiment|enfin|peut-être|sans doute|pas encore)\s+){0,2}(?!(?:du|que|qui|ni|si|lui|celui|puis|depuis|ici|aussi|ainsi|parmi|midi|lundi|mardi|mercredi|jeudi|vendredi|samedi|ami|souci|congé|plus|tous|sous|nous|vous|bus|jus|dessus|dessous|menu|tissu|peu|feu|jeu|lieu|bleu|beaucoup|eu\w|été|café|thé|clé|bébé|côté|prêt|vrai|faim|froid|chaud|raison|tort|besoin|envie|peur|rendez-vous|lieu)\b)(?:[a-zàâçéèêëîïôûùœ]+é|[a-zàâçéèêëîïôûùœ]+i|[a-zàâçéèêëîïôûùœ]+u|[a-zàâçéèêëîïôûùœ]*(?:pris|mis|dit|crit|fait|duit|struit|vert|fert|eint|aint|oint|quis|clos)|eu|été|dû|né|mort)(?:e|s|es)?\b))	After a past reporting verb, shift tenses and time words: demain → le lendemain, hier → la veille.	Nach einem Redeverb in der Vergangenheit verschieben sich Zeiten und Zeitangaben: demain → le lendemain, hier → la veille.	Après un verbe introducteur au passé, temps et indicateurs changent : demain → le lendemain, hier → la veille.	reviewed
FR2_B22_INDIRECT_QUESTIONS_PAST	fr	B2	Syntax	indirect_questions_past	Indirect questions in the past: il voulait savoir ce que…	Indirekte Fragen in der Vergangenheit: il voulait savoir ce que…	L'interrogation indirecte au passé : il voulait savoir ce que…	1350	false	After a past verb of asking or wondering (il m'a demandé, elle voulait savoir, je me demandais, il ne savait pas), an indirect question follows the tense shift of reported speech. Est-ce que becomes si, qu'est-ce que becomes ce que, qu'est-ce qui becomes ce qui; question words (où, quand, pourquoi, qui…) stay. The word order is that of a statement: no inversion, no est-ce que, no question mark.	Use it to report what people asked or wondered in the past.	il m'a demandé / il voulait savoir + si / ce que / ce qui / où / quand + subject + verb (tense shifted)	B1.1 indirect questions keep the tense after a present verb (je me demande s'il viendra); after a past verb it shifts (je me demandais s'il viendrait). | Direct question with inversion (où vas-tu ?) vs indirect question in statement order (il m'a demandé où j'allais). | English often keeps the question form in speech (he asked what did I want); French never does.	✗ Il m'a demandé qu'est-ce que je voulais. → ✓ Il m'a demandé ce que je voulais. | ✗ Il voulait savoir où allais-je. → ✓ Il voulait savoir où j'allais. | ✗ Elle m'a demandé quand je partirai. → ✓ Elle m'a demandé quand je partirais.	Il voulait savoir ce que je faisais le week-end. | Elle m'a demandé si j'avais déjà mangé. | Je me demandais qui avait laissé la porte ouverte. | Elle ne savait pas pourquoi il était parti.	indirect_questions | reported_speech | sequence_of_tenses | si_ce_que	Le serveur m'a demandé ce que je voulais et si j'avais réservé.	m'a demandé=>trigger=>a past verb of asking||ce que je voulais=>target=>qu'est-ce que → ce que, présent → imparfait||si j'avais réservé=>event=>est-ce que → si, passé composé → plus-que-parfait	cefr | delf_b2 | kwiziq_b2	B2.2	FR2_B11_INDIRECT_QUESTIONS | FR2_B22_REPORTED_SEQUENCE		regex:\b(?:demandé|demandait|demandais|demandaient|demanda|demandions|voulait\s+savoir|voulais\s+savoir|voulaient\s+savoir|voulu\s+savoir|ignorait|ignorais|savait\s+pas|savais\s+pas|savaient\s+pas|su\s+dire|demandant)\b[^.!?]{0,30}?\b(?:si|s'(?:il|ils)|ce\s+que|ce\s+qu'|ce\s+qui|où|quand|comment|pourquoi|combien|qui|quel|quelle|quels|quelles|lequel|laquelle)(?=\W)(?![^.!?]*\?)	In past indirect questions, keep statement word order, shift tenses, use si, ce que, ce qui: il m'a demandé si…	Indirekte Fragen in der Vergangenheit: normale Wortstellung, Zeitverschiebung, si, ce que, ce qui: il m'a demandé si…	Question indirecte au passé : ordre normal, concordance des temps, si, ce que, ce qui : il m'a demandé si…	reviewed
FR2_B22_APRES_QUE	fr	B2	Connectors	apres_que_avant_que	Après que + indicatif, avant que + subjonctif	Après que + Indikativ, avant que + Subjonctif	Après que + indicatif, avant que + subjonctif	1360	false	Après que presents a completed, real event and takes the indicative, usually a compound tense that shows it came first: après qu'il est parti (passé composé), après qu'elle était partie (plus-que-parfait), après que tu auras signé (futur antérieur). Avant que presents an event not yet real and takes the subjonctif, optionally with ne. Après que + subjonctif is very common in speech but is still considered a mistake in careful French.	Use it to order events with different subjects in formal narration, reports and instructions.	après que + indicatif (passé composé, plus-que-parfait, futur antérieur); avant que (ne) + subjonctif	With the same subject, use après + infinitif passé (B2.1: après avoir signé) and avant de + infinitive. | Avant que (B1.2) + subjonctif looks ahead to something not yet real; après que + indicatif looks back at a fact. | In the future, après que takes the futur antérieur, as quand does: après que tu auras signé, on t'enverra le contrat.	✗ Après qu'il soit parti, on a rangé. → ✓ Après qu'il est parti, on a rangé. | ✗ Rentrons avant qu'il pleut. → ✓ Rentrons avant qu'il pleuve. | ✗ Après que tu signeras, on t'enverra le contrat. → ✓ Après que tu auras signé, on t'enverra le contrat.	Après qu'elle est partie, on a fait la vaisselle. | Après que vous aurez signé, nous vous enverrons une copie. | On a dîné après que les enfants se sont couchés. | Après que le médecin était passé, elle s'est sentie mieux.	apres_que | avant_que | mood_choice | time_clauses	Après que les invités sont partis, on a rangé avant que le voisin ne vienne se plaindre.	Après que les invités sont partis=>event=>a real, completed event: indicatif||avant que le voisin ne vienne=>subjunctive_before=>not yet real: subjonctif, optional ne	cefr | delf_b2 | kwiziq_b2	B2.2	FR2_B12_SUBJ_CONJUNCTIONS | FR2_B11_PLUS_QUE_PARFAIT	FR2_B21_INFINITIF_PASSE | FR2_B12_SUBJ_CONJUNCTIONS	regex:\baprès\s+qu(?:e\s|')[^,.!?]{0,40}?\b(?:est|sont|a|ont|avait|avaient|était|étaient|aura|auront|sera|seront|eut|eurent|fut|furent|as|ai|avez|avons|êtes|sommes|suis|es|aurez|aurons|auras|aurai|serez|serons)\b(?!\s+(?:\w+\s+)?\w+(?:ions|iez)\b)	Après que takes the indicative, because the action really happened; avant que takes the subjonctif.	Après que steht mit Indikativ, weil die Handlung wirklich geschah; avant que mit Subjonctif.	Après que se construit avec l'indicatif, car l'action a eu lieu ; avant que avec le subjonctif.	reviewed
FR2_B22_SUBJ_RELATIVE	fr	B2	Verbs	subjunctive_relative_superlative	Subjonctif in relatives: le seul qui, quelqu'un qui sache	Subjonctif in Relativsätzen: le seul qui, quelqu'un qui sache	Le subjonctif dans les relatives : le seul qui, quelqu'un qui sache	1370	false	A relative clause takes the subjonctif when its antecedent is singled out by le seul, l'unique, le premier, le dernier or a superlative (a personal judgement: le meilleur film que j'aie vu), when it is wanted but may not exist (je cherche quelqu'un qui sache coder), or when it is denied (il n'y a personne qui puisse m'aider). A known, real antecedent keeps the indicative.	Use it in job ads, recommendations and strong judgements: the best film I have ever seen, someone who can help.	le seul / le premier / le plus + adj. + noun + qui / que + subjonctif; chercher un(e) + noun + qui + subjonctif; il n'y a personne qui + subjonctif	Je cherche un appartement qui a un balcon (a specific one I know exists) vs qui ait un balcon (any one with a balcony, if there is one). | A plain relative (A2.2 qui / que) takes the indicative; only these antecedents change the mood. | After le seul, the indicative is possible for a plain fact (c'est le seul train qui part à midi); the subjonctif adds a judgement.	✗ Je cherche quelqu'un qui peut garder mon chat. → ✓ Je cherche quelqu'un qui puisse garder mon chat. | ✗ C'est le meilleur film que j'ai jamais vu. → ✓ C'est le meilleur film que j'aie jamais vu. | ✗ Il n'y a personne qui sait répondre. → ✓ Il n'y a personne qui sache répondre.	C'est le meilleur restaurant que je connaisse. | Je cherche quelqu'un qui sache parler chinois. | Il n'y a personne qui puisse me remplacer demain. | C'est le plus beau voyage que j'aie jamais fait.	subjonctif | relative_clauses | superlative | sought_antecedent	Tu es la seule personne qui me comprenne vraiment.	la seule personne=>antecedent=>la seule singles out the antecedent||comprenne=>subjunctive_form=>comprendre in the subjonctif	cefr | delf_b2 | kwiziq_b2	B2.2	FR2_B12_SUBJ_IRREGULAR | FR2_A22_RELATIVE_QUI_QUE	FR2_A22_RELATIVE_QUI_QUE | FR2_A21_SUPERLATIVE	regex:\b(?:seule?s?|premi(?:er|ère)s?|derni(?:er|ère)s?|unique|meilleure?s?|pire|plus\s+[a-zàâçéèêëîïôûùœ]+|moins\s+[a-zàâçéèêëîïôûùœ]+)\b[^.!?]{0,30}?\b(?:qui|que|qu')[^.!?]{0,20}?\b(?:sois|soit|soient|aie|aies|ait|aient|puisse|puisses|puissent|sache|saches|sachent|connaisse|connaisses|connaissent|fasse|fassent|comprenne|comprennent|veuille|veuillent|aille|aillent|vaille|vienne|viennent|prenne)\b|\b(?:cherche|cherches|cherchons|cherchez|cherchent|cherchais|cherchait|besoin\s+d'|aucune?|connais|connaissez|existe|y\s+a-t-il|il\s+n'y\s+a)\b[^.!?]{0,40}?\b(?:qui|que|qu'|dont|où)\b[^.!?]{0,20}?\b(?:sois|soit|soient|aie|ait|aient|puisse|puissent|sache|sachent|connaisse|fasse|veuille|aille|comprenne|vienne|prenne|convienne|plaise|corresponde)\b	Use the subjonctif after le seul, le premier, superlatives, and for sought-after things that may not exist.	Subjonctif nach le seul, le premier, Superlativen und bei Gesuchtem, das es vielleicht nicht gibt.	Subjonctif après le seul, le premier, un superlatif, et pour ce qu'on cherche sans savoir s'il existe.	reviewed
FR2_B22_NE_EXPLETIF	fr	B2	Negation	ne_expletif	Ne explétif: avant qu'il ne parte	Ne explétif: avant qu'il ne parte	Le ne explétif : avant qu'il ne parte	1380	true	The ne explétif is a ne without pas that negates nothing. It is optional and formal. It appears after avant que, à moins que, de peur que / de crainte que, after craindre / avoir peur / éviter / empêcher que, and in unequal comparisons (c'est plus cher que je ne pensais). A real negation always needs pas: j'ai peur qu'il ne vienne pas.	Recognise it in reading and formal speech; use it if you like in careful writing.	avant que / à moins que / de peur que / craindre que + ne + subjonctif; plus / moins … que + ne + indicatif	Ne … pas negates; ne alone does not: j'ai peur qu'il ne vienne = I'm afraid he will come; j'ai peur qu'il ne vienne pas = I'm afraid he won't come. | Never before an infinitive (avant de partir, de peur de tomber), and not after bien que, après que or sans que in careful French. | Spoken French drops it: avant qu'il parte.	✗ J'ai peur qu'il ne vient. → ✓ J'ai peur qu'il ne vienne. | ✗ Je crains qu'il ne pleuve pas demain. → ✓ Je crains qu'il ne pleuve demain. | ✗ Bien qu'il ne soit riche, il vit simplement. → ✓ Bien qu'il soit riche, il vit simplement.	Partons avant qu'il ne fasse nuit. | Je crains qu'elle ne soit déjà partie. | C'est plus compliqué que je ne le pensais. | Ferme la fenêtre, de peur que le chat ne sorte.	ne_expletif | subjonctif | formal_register | reading	Finis ton café avant que le train ne parte.	avant que=>trigger=>avant que allows an expletive ne||ne parte=>subjunctive_form=>no pas: not a negation; parte is subjonctif	cefr | delf_b2 | kwiziq_b2	B2.2	FR2_B21_CONDITION_SUBJ	FR2_B21_CONDITION_SUBJ | FR2_B21_PURPOSE	regex:\b(?:avant|moins|peur|crainte|crains|craint|craignons|craignez|craignent|craignais|craignait|éviter|évite|évitez|empêcher|empêche) qu(?:e |')[^.!?,]{0,30}?\bn(?:e |')(?![^.!?,]{0,25}\b(?:pas|plus|jamais|rien|personne|guère|point)\b)|\b(?:plus|moins|autre|autrement|mieux|pire|meilleur)\b[^.!?]{0,30}?\bqu(?:e |')(?:je|j'|tu|il|elle|on|nous|vous|ils|elles) (?:ne |n')(?![^.!?,]{0,25}\b(?:pas|plus|jamais|rien|personne|guère|point)\b)	An optional ne without pas after avant que, à moins que, de peur que, craindre que negates nothing.	Ein optionales ne ohne pas nach avant que, à moins que, de peur que, craindre que verneint nichts.	Après avant que, à moins que, de peur que, craindre que, le ne seul est facultatif et ne nie rien.	reviewed
FR2_B22_DISLOCATION	fr	B2	Syntax	dislocation	Dislocation: ce film, je l'ai adoré	Dislokation: ce film, je l'ai adoré	La dislocation : ce film, je l'ai adoré	1390	false	Dislocation moves a noun phrase or a stressed pronoun to the start or the end of the clause and repeats it with a pronoun that fits the verb (le / la / les, lui / leur, en, y, ça): ce film, je l'ai adoré; du café, j'en reprendrais bien; il est sympa, ton collègue. It is the normal way to name the topic in spoken French.	Use it in conversation to announce what you are talking about, to switch or contrast topics, and for emphasis.	noun phrase, + clause with a resuming pronoun; clause with a pronoun, + noun phrase	C'est … qui / que (B1.2) highlights new information (c'est Paul qui a appelé); dislocation names a known topic (Paul, il a appelé). | The pronoun must match the verb's construction: ce livre, j'en parle (parler de); Marie, je lui ai écrit (écrire à); Paris, j'y vais (aller à). | English and German can front the object without a pronoun (this film I loved / den Film fand ich toll); French needs the pronoun.	✗ Tes parents, je les ai écrit. → ✓ Tes parents, je leur ai écrit. | ✗ Ce film, j'ai adoré. → ✓ Ce film, je l'ai adoré. | ✗ Ce livre, je le parle souvent. → ✓ Ce livre, j'en parle souvent.	Ce film, je l'ai adoré. | Du café, j'en reprendrais bien. | Il est vraiment sympa, ton collègue. | Tes parents, je leur ai écrit hier.	dislocation | spoken_french | topic | pronouns	Ta sœur, je l'ai croisée hier au marché.	Ta sœur=>antecedent=>the topic, placed first||l'ai croisée=>agreement=>l' takes up the topic; croisée agrees with it	cefr | delf_b2 | kwiziq_b2	B2.2	FR2_A21_COD | FR2_A12_STRESSED_PRONOUNS		regex:(?:^|[.!?]\s+|«\s*)(?:ce|cet|cette|ces|le|la|les|l'|mon|ma|mes|ton|ta|tes|son|sa|ses|notre|nos|votre|vos|leur|leurs|du|de\s+la|des)\s?(?!(?:matin|soir|lendemain|week-end|semaine|mois|jour|lundi|mardi|mercredi|jeudi|vendredi|samedi|dimanche|nuit|veille|année|an|plus|moins)\b)[\w-]+(?:\s[\w-]+)?,\s+(?:je\s|j'|tu\s|il\s|elle\s|on\s|nous\s|vous\s|ils\s|elles\s|c'|ça\s)(?:ne\s|n')?(?:l'|le\s|la\s|les\s|lui\s|leur\s|en\s|y\s|est\b)|\b(?:il|elle|ils|elles|ça|je\s+l'|je\s+les|tu\s+l'|on\s+l')\b[^.!?,]{2,40},\s+(?:ce|cet|cette|ces|ton|ta|tes|mon|ma|mes|son|sa|ses|votre|vos|notre|nos|le|la|les|l')\s?(?!(?:matin|soir|lendemain|week-end|semaine|mois|jour|lundi|mardi|mercredi|jeudi|vendredi|samedi|dimanche|nuit|veille|année|an|plus|moins)\b)[\w-]+(?:\s[\w-]+)?\s*[.!?]|(?:^|[.!?]\s+)(?!(?:demain|hier|aujourd'hui|ensuite|puis|alors|donc|oui|non|bon|bien|bref|maintenant|enfin|là|ici|après|avant|sinon|ah|oh|eh|mais|et|ok|tiens|voilà|écoute|regarde|attends|pardon|merci|désolée?|allez|allons|viens|venez|dis|dites|attention|salut|bonjour|bonsoir|parfois|souvent|toujours|déjà|encore|aussi|pourtant|ainsi|ce|ça|cela|quand|si|comme|lui|elle)\b)(?![a-zàâçéèêëîïôûùœ]+ment\b)\w+,\s+(?:je\s|j'|tu\s|il\s|elle\s|on\s|nous\s|vous\s|ils\s|elles\s)(?:ne\s|n')?(?:l'|le\s|la\s|les\s|lui\s|leur\s|en\s|y\s)	Put the topic first or last and repeat it with a pronoun: ce film, je l'ai adoré.	Das Thema steht vorn oder hinten und wird durch ein Pronomen wiederaufgenommen: ce film, je l'ai adoré.	Le thème, placé au début ou à la fin, est repris par un pronom : ce film, je l'ai adoré.	reviewed
FR2_B22_CE_QUI_EMPHASIS	fr	B2	Syntax	ce_qui_cest	Ce qui me plaît, c'est…: emphasis	Ce qui me plaît, c'est…: Hervorhebung	Ce qui me plaît, c'est… : la mise en relief	1400	false	To build suspense and put the key point last, open with ce qui (subject), ce que (object), ce dont (a de-complement) or ce à quoi (an à-complement) + a clause, then a comma and c'est + the highlighted element: a noun, (de +) an infinitive or que + a clause. Before a plural noun, careful French uses ce sont: ce qui compte, ce sont les résultats.	Use it to announce and stress the main point in opinions, presentations and arguments.	ce qui / ce que / ce dont / ce à quoi + clause, c'est + noun / (de +) infinitive / que + clause	C'est … qui / que (B1.2) puts the highlighted element first; ce qui … c'est puts it last. | Choose the opener by the verb: ce qui me plaît (subject), ce que j'aime (object), ce dont j'ai besoin (avoir besoin de), ce à quoi je pense (penser à). | German Was mir gefällt, ist… has no c'est; French keeps c'est after the comma.	✗ Ce que j'ai besoin, c'est de dormir. → ✓ Ce dont j'ai besoin, c'est de dormir. | ✗ Ce qui m'énerve, le bruit. → ✓ Ce qui m'énerve, c'est le bruit. | ✗ Ce que me plaît, c'est le calme. → ✓ Ce qui me plaît, c'est le calme.	Ce qui me plaît dans ce quartier, c'est le calme. | Ce dont j'ai besoin, c'est d'un bon café. | Ce que je ne comprends pas, c'est pourquoi il est parti. | Ce qui compte, ce sont les résultats.	emphasis | pseudo_cleft | ce_qui_cest | argument	Ce qui m'inquiète, c'est que personne ne répond.	Ce qui m'inquiète=>trigger=>ce qui + clause announces the point||c'est que personne ne répond=>target=>c'est introduces the key information	cefr | delf_b2 | kwiziq_b2	B2.2	FR2_B11_CE_QUI_CE_QUE | FR2_B12_MISE_EN_RELIEF	FR2_B12_MISE_EN_RELIEF | FR2_B11_CE_QUI_CE_QUE	regex:\bce\s+(?:qui|que|qu'|dont|à\s+quoi)\b[^.!?]{2,60}?,?\s+(?:c'est|ce\s+sont|c'était|ce\s+serait|ce\s+fut)\b	Start with ce qui/ce que/ce dont + clause, then c'est to highlight: ce qui me plaît, c'est le calme.	Zur Hervorhebung: ce qui/ce que/ce dont + Satz, dann c'est: ce qui me plaît, c'est le calme.	On met en relief avec ce qui/ce que/ce dont…, c'est : ce qui me plaît, c'est le calme.	reviewed
FR2_B22_FORMAL_INVERSION	fr	B2	Syntax	formal_inversion	Formal inversion: a-t-il, Marie vient-elle ?	Formelle Inversion: a-t-il, Marie vient-elle ?	L'inversion formelle : a-t-il, Marie vient-elle ?	1410	true	In a formal question the subject pronoun goes after the verb, joined by a hyphen (vient-il). When the verb ends in a vowel and the pronoun is il, elle or on, add -t-: a-t-il, parle-t-elle, va-t-on. With a noun subject, keep the noun first and repeat it with a pronoun after the verb (complex inversion): Marie vient-elle ? Pourquoi le train est-il en retard ? In compound tenses only the auxiliary inverts: as-tu fini ?	Use it in formal writing, emails, interviews and speeches.	verb-pronoun ?; verb ending in a vowel + -t- + il / elle / on; noun + verb-il / elle ?; auxiliary-pronoun + participle ?	A2.1 introduced simple inversion (voulez-vous ?); here -t-, the noun subject and compound tenses. | Spoken French prefers intonation or est-ce que; inversion signals a formal register. | German and English can invert a noun subject directly (Kommt Marie? / Why is the train late?); French cannot: Marie vient-elle ?, pourquoi le train est-il en retard ?	✗ Vient Marie ce soir ? → ✓ Marie vient-elle ce soir ? | ✗ A-il déjà répondu ? → ✓ A-t-il déjà répondu ? | ✗ Pourquoi est le train en retard ? → ✓ Pourquoi le train est-il en retard ?	A-t-il déjà répondu à votre message ? | Votre sœur vient-elle ce soir ? | Pourquoi le train est-il en retard ? | Avez-vous bien reçu mon dossier ?	inversion | questions | formal_register | euphonic_t	Le directeur a-t-il signé le contrat ?	Le directeur=>antecedent=>the noun subject stays first||a-t-il=>target=>the verb and il swap; -t- separates the two vowels	cefr | delf_b2 | kwiziq_b2	B2.2	FR2_A21_INVERSION		regex:\b[a-zàâçéèêëîïôûùœ]+-t-(?:il|elle|on)\b|(?:^|[,;:]\s*|\b(?:pourquoi|comment|quand|où|combien|depuis\s+quand)\s+)(?:le|la|les|l'|mon|ma|mes|ton|ta|tes|son|sa|ses|notre|nos|votre|vos|leur|leurs|ce|cet|cette|ces)\s?[\w-]+(?:\s[\w-]+){0,2}\s+[a-zàâçéèêëîïôûùœ]+-(?:il|elle|ils|elles)\b(?=[^.!]*\?)|(?:^|[.!?]\s+)(?!(?:où|quand|comment|pourquoi|combien|que|qu|qui|quel|quelle|quels|quelles|est|peut)\b)[\w]+\s+[a-zàâçéèêëîïôûùœ]+-(?:il|elle|ils|elles)\b(?=[^.!]*\?)|\b(?:ai|as|avons|avez|ont|suis|es|sommes|êtes|sont|avais|aviez|avaient|étais|étiez)-(?:je|tu|nous|vous|ils|elles)\s+(?:(?:déjà|bien|jamais|pas|vraiment)\s+)?(?:(?!(?:du|que|qui|ni|si|lui|celui|puis|depuis|ici|aussi|ainsi|parmi|midi|lundi|mardi|mercredi|jeudi|vendredi|samedi|ami|souci|congé|plus|tous|sous|nous|vous|bus|jus|dessus|dessous|menu|tissu|peu|feu|jeu|lieu|bleu|beaucoup|eu\w|été|café|thé|clé|bébé|côté|prêt|vrai|faim|froid|chaud|raison|tort|besoin|envie|peur|rendez-vous|lieu)\b)(?:[a-zàâçéèêëîïôûùœ]+é|[a-zàâçéèêëîïôûùœ]+i|[a-zàâçéèêëîïôûùœ]+u|[a-zàâçéèêëîïôûùœ]*(?:pris|mis|dit|crit|fait|duit|struit|vert|fert|eint|aint|oint|quis|clos)|eu|été|dû|né|mort)(?:e|s|es)?\b)	In formal questions invert verb and pronoun, add -t- between vowels, and repeat a noun subject: Marie vient-elle ?	In formellen Fragen: Verb und Pronomen tauschen, -t- zwischen Vokalen, Nomen mit Pronomen wiederholen: Marie vient-elle ?	À l'écrit soutenu : verbe-pronom, -t- entre deux voyelles, et reprise du nom par un pronom : Marie vient-elle ?	reviewed
FR2_B22_STYLISTIC_INVERSION	fr	B2	Syntax	stylistic_inversion	Inversion after peut-être, aussi, and in quotes (dit-il)	Inversion nach peut-être, aussi und in Redebegleitsätzen (dit-il)	L'inversion après peut-être, aussi et en incise (dit-il)	1420	false	In written French, peut-être, sans doute, à peine, ainsi and aussi (meaning so, therefore) at the start of a clause make the subject and verb swap: peut-être viendra-t-il; aussi a-t-elle démissionné. A noun subject stays first and is repeated by a pronoun (peut-être Marie a-t-elle oublié). Peut-être que and sans doute que avoid the inversion. Dialogue tags inside or after a quotation always invert, even with a noun: « Oui », dit-il; répondit Marie.	Use it in careful writing, and to read novels, articles and reported dialogue.	peut-être / sans doute / aussi / à peine + verb-pronoun; peut-être que + normal order; « … », dit-il / répondit Marie	Formal questions (B2.2) invert to ask; here an opening adverb or a quotation triggers inversion in a statement. | Aussi at the start means so / therefore and inverts; aussi after the verb means also and does not. | German also inverts after a fronted adverb (vielleicht kommt er), but French only with this small group, and peut-être que needs no inversion.	✗ Peut-être il viendra demain. → ✓ Peut-être viendra-t-il demain. | ✗ « Oui », il dit. → ✓ « Oui », dit-il. | ✗ Le magasin était fermé ; aussi nous sommes rentrés. → ✓ Le magasin était fermé ; aussi sommes-nous rentrés.	Peut-être a-t-elle raté son train. | « Je suis désolé », dit-il en baissant les yeux. | Le magasin était fermé ; aussi sommes-nous rentrés. | À peine était-il arrivé qu'il est reparti.	inversion | written_register | dialogue_tags | peut_etre	« Sans doute a-t-il oublié », répondit Marie.	Sans doute a-t-il=>trigger=>sentence-initial sans doute makes the verb come first||répondit Marie=>target=>a tag after a quotation inverts, even with a noun	cefr | delf_b2 | kwiziq_b2	B2.2	FR2_B22_FORMAL_INVERSION		regex:(?:^|[.!?;:]\s*|,\s*|«\s*)(?:peut-être|sans\s+doute|aussi|à\s+peine|ainsi|du\s+moins|encore)\s+[a-zàâçéèêëîïôûùœ]+-(?:t-)?(?:il|elle|on|ils|elles|je|nous|vous)\b|[,»]\s*(?:dit|répondit|demanda|ajouta|murmura|cria|répliqua|expliqua|reprit|lança|s'écria|soupira|déclara|conclut|insista|fit|pensa|continua|annonça|dis|disait|répond|demande|ajoute|explique|répète|crie|lance|fait|pense)(?:-t)?-(?:il|elle|on|ils|elles|je)\b|»,?\s*(?:dit|répondit|demanda|ajouta|murmura|répliqua|lança|reprit|s'écria|soupira|a\s+dit|a\s+répondu|a\s+demandé|a\s+ajouté|répond|demande|explique|ajoute)\s+(?!(?:qu|que|à|au|en|le|la|les|l')\b)[a-zàâçéèêëîïôûùœ]+	Invert subject and verb after opening peut-être, sans doute, aussi (so) and in dialogue tags (dit-il).	Nach satzeinleitendem peut-être, sans doute, aussi (daher) und in Redebegleitsätzen (dit-il) wird invertiert.	On inverse sujet et verbe après peut-être, sans doute, aussi (donc) en tête de phrase, et en incise (dit-il).	reviewed
FR2_B22_NOMINALISATION	fr	B2	Syntax	nominalisation	Nominalisation: construire → la construction	Nominalisierung: construire → la construction	La nominalisation : construire → la construction	1430	true	Nominalisation turns a clause into a noun phrase. The verb or adjective becomes a noun, by a suffix (-tion / -ation, -ment, -age, -ure, -ée for verbs; -té, -eur, -esse, -ise, -ance / -ence for adjectives) or another form (arriver → l'arrivée, choisir → le choix, baisser → la baisse). The subject becomes a de-complement: le train arrive → l'arrivée du train; le service est lent → la lenteur du service.	Use it to write headlines, slide titles, CV lines, summaries and formal reports.	subject + verb → le / la + noun + de + subject (les prix augmentent → l'augmentation des prix)	The passive (B2.1) keeps a verb and hides the agent; nominalisation removes the verb: la ville a été reconstruite → la reconstruction de la ville. | Each noun has its own form and gender (la baisse, le choix, la réussite); learn them, do not guess. | In speech keep the verbs: too many nouns in a row sound heavy.	✗ la construisation du pont → ✓ la construction du pont | ✗ la changement des horaires → ✓ le changement des horaires | ✗ l'arrivement du train → ✓ l'arrivée du train	Grève à la SNCF : annulation de nombreux trains. | L'augmentation des loyers inquiète les étudiants. | Après la fermeture du magasin, on est allés dîner. | La lenteur du service est un vrai problème.	nominalisation | word_formation | written_register | headlines	Forte hausse des prix après la fermeture de l'usine.	hausse des prix=>target=>les prix augmentent fortement → forte hausse des prix||la fermeture de l'usine=>target=>l'usine ferme → la fermeture de l'usine	cefr | delf_b2 | kwiziq_b2	B2.2	FR2_B21_PASSIVE_TENSES	FR2_B21_PASSIVE_TENSES	regex:\b(?:hausse|baisse|chute|montée|augmentation|diminution|réduction|annulation|suppression|création|construction|reconstruction|fermeture|ouverture|arrivée|départ|retour|sortie|entrée|vente|achat|choix|refus|perte|fin|début|lancement|démission|disparition|découverte|signature|livraison|réparation|rénovation|modification|organisation|préparation|publication|protection|destruction|transformation|installation|réservation|inscription|participation|attente|réponse|demande|envoi|visite|naissance|mort|décès|mariage|divorce|déménagement|changement|développement|licenciement|recrutement|remboursement|paiement|investissement|ralentissement|réchauffement|vieillissement|renforcement|retard|arrêt|grève|victoire|défaite|lenteur|rapidité|beauté|difficulté|facilité|gentillesse|richesse|pauvreté|faiblesse|tristesse|jeunesse|vieillesse|absence|présence|importance|longueur|largeur|hauteur|chaleur|fraîcheur|douceur|propreté|sécurité|disponibilité|qualité\s+de\s+l'air|utilisation|consommation|production|réduction|amélioration|dégradation|explosion|libération|arrestation|élection|nomination|adoption|interdiction|autorisation|ouverture|accueil|abandon|départ|rachat|fusion|reprise|remise|prise|mise\s+en\s+place|mise|baisse|progression|évolution|croissance|disparition|apparition|présentation|discussion|négociation|décision|annonce|confirmation|explication|traduction|lecture|écriture|nettoyage|lavage|passage|partage|stationnement|hébergement|logement|financement|traitement|comportement|aménagement|enregistrement|agrandissement|embauche|entretien|soutien)\s+(?:de\s+|du\s|des\s|d')|\b(?:le|la|l'|les|une|un|cette|ce|cet|ces|son|sa|ses|leur|forte|fort|légère|nette|brusque|lente|rapide)\s*(?!(?:station|nation|question|section|fonction|situation|condition|tradition|attention|portion|ration|mention|émotion|direction|génération|relation|population|information|région|religion|opinion|occasion|télévision|collection|addition|position)s?\b)[a-zàâçéèêëîïôûùœ]{3,}(?:ation|ition|ution|ssion|ction)s?\s+(?:de\s+|du\s|des\s|d')	Turn verbs and adjectives into nouns for headlines and reports: construire → la construction, lent → la lenteur.	Verben und Adjektive werden für Schlagzeilen und Berichte zu Nomen: construire → la construction, lent → la lenteur.	À l'écrit, on transforme verbes et adjectifs en noms : construire → la construction, lent → la lenteur.	reviewed
FR2_B22_PREPOSITIONS_ADVANCED	fr	B2	Prepositions	quant_a_lors_de_au_lieu_de	Quant à, lors de, au lieu de, auprès de	Quant à, lors de, au lieu de, auprès de	Quant à, lors de, au lieu de, auprès de	1440	true	These prepositional phrases take a noun or a pronoun. Quant à (as for) introduces a new or contrasting topic: quant à moi. Lors de (at the time of) refers to a specific event: lors de la réunion. Au lieu de (instead of) takes a noun or an infinitive: au lieu de râler. Auprès de (with, to) points to a person or an office you turn to: se renseigner auprès de la mairie. À and de contract with le / les: quant au, lors du, auprès des.	Use it in emails, reports and structured speech to organise topics, refer to events and name contacts.	quant à / lors de / au lieu de / auprès de + noun (au lieu de + infinitive)	Pendant (A2.1) covers any stretch of time; lors de marks one event (lors du mariage). | Chez is for someone's home or shop (chez le médecin); auprès de is for asking, applying or complaining to a person or an office. | Grâce à / à cause de (B1.1) give causes; these phrases organise topic, time, substitution and contact.	✗ Quant à le prix, il reste fixe. → ✓ Quant au prix, il reste fixe. | ✗ Lors de trois jours, il a plu. → ✓ Pendant trois jours, il a plu. | ✗ Renseigne-toi chez la mairie. → ✓ Renseigne-toi auprès de la mairie.	Quant à moi, je préfère rester ici. | Lors de la réunion, elle a présenté son projet. | Au lieu de te plaindre, aide-moi un peu. | Pour le visa, renseignez-vous auprès du consulat.	prepositions | formal_register | quant_a | lors_de	Lors du dîner, au lieu de parler du budget, il s'est renseigné auprès de moi.	Lors du dîner=>trigger=>lors de + an event; de + le = du||au lieu de parler=>target=>au lieu de + infinitive||auprès de moi=>target=>turning to a person	cefr | delf_b2 | kwiziq_b2	B2.2	FR2_B11_CAUSE_PREPOSITIONS		regex:\b(?:quant\s+(?:à|au|aux)|lors\s+(?:de|du|des|d')|au\s+lieu\s+(?:de|du|des|d')|auprès\s+(?:de|du|des|d')|à\s+l'égard\s+(?:de|du|des|d')|au\s+sein\s+(?:de|du|des|d')|en\s+raison\s+(?:de|du|des|d')|à\s+l'issue\s+(?:de|du|des|d')|à\s+l'occasion\s+(?:de|du|des|d'))	Quant à: as for; lors de: during an event; au lieu de: instead of; auprès de: with, to (someone).	Quant à: was … betrifft; lors de: bei, anlässlich; au lieu de: statt; auprès de: bei (Personen, Stellen).	Quant à (thème), lors de (moment), au lieu de (remplacement), auprès de (personne ou organisme) : locutions utiles à l'écrit.	reviewed
FR2_B22_EN_DANS	fr	B2	Prepositions	en_vs_dans_time	En vs dans with time: en deux heures, dans deux heures	En vs dans mit Zeitangaben: en deux heures, dans deux heures	En ou dans avec le temps : en deux heures, dans deux heures	1450	false	En + a duration gives the time needed to complete something: j'ai fini en deux heures. Dans + a duration places an event in the future, counted from now: je pars dans deux heures. For a later point in a past story, use plus tard or après: il est revenu deux jours plus tard.	Use it for deadlines, performance and appointments: how fast something was done, how soon something will happen.	en + duration (time taken); dans + duration (from now); duration + plus tard (later, in the past)	Pendant (A2.1) gives how long an activity lasted (j'ai lu pendant deux heures); en gives how long it took to finish (j'ai lu le livre en deux heures). | Il y a + duration (A2.1) looks back from now; dans + duration looks forward. | English in two days and German in zwei Tagen mean both; French splits them: en deux jours (took) vs dans deux jours (from now).	✗ Le train part en dix minutes. → ✓ Le train part dans dix minutes. | ✗ Il est revenu dans deux jours. → ✓ Il est revenu deux jours plus tard. | ✗ J'ai lu ce livre dans deux jours. → ✓ J'ai lu ce livre en deux jours.	J'ai lu ce roman en un week-end. | On fait Paris–Lyon en deux heures en TGV. | Elle a appris à nager en un mois. | Il est parti et il est revenu trois jours plus tard.	prepositions | time | en_dans | duration	Je peux le faire en une heure, mais seulement dans trois jours.	en une heure=>time_taken=>en: how long the task takes||dans trois jours=>future_point=>dans: when it happens, from now	cefr | delf_b2 | kwiziq_b2	B2.2	FR2_A21_TIME_PREPOSITIONS		regex:\ben\s+(?:un|une|deux|trois|quatre|cinq|six|sept|huit|neuf|dix|onze|douze|quinze|vingt|trente|quarante|cinquante|soixante|cent|quelques|moins\s+(?:de\s+|d')|\d+)(?:\s+(?:petites?|petits?|bonnes?|bons?|longues?|longs?|courtes?|courts?|seule?s?))?\s+(?:secondes?|minutes?|heures?|jours?|semaines?|mois|ans?|années?|week-ends?|h|min|siècles?|nuits?|soirées?|journées?)\b|\ben\s+(?:une\s+)?demi-heure\b|\ben\s+un\s+quart\s+d'heure\b|\ben\s+un\s+rien\s+de\s+temps\b|\b(?:jours?|semaines?|mois|ans|années?|heures?|minutes?)\s+plus\s+tard\b	En + duration says how long something takes; dans + duration says when, from now, it will happen.	En + Dauer sagt, wie lange etwas dauert; dans + Dauer sagt, wann es ab jetzt passiert.	En + durée indique le temps nécessaire ; dans + durée indique quand, à partir de maintenant, l'action aura lieu.	reviewed
FR2_B22_VERB_MEANING_PREP	fr	B2	Verbs	verbs_changing_meaning	Verbs whose meaning changes with à or de	Verben, deren Bedeutung sich mit à oder de ändert	Les verbes qui changent de sens avec à ou de	1460	false	Some verbs change meaning with the preposition. Penser à = have in mind; penser de = have an opinion (que penses-tu de… ? qu'en penses-tu ?). Manquer à = be missed by (tu me manques = I miss you); manquer de = lack, or nearly do (j'ai manqué de tomber). Décider de = decide to; se décider à = finally make up one's mind. Tenir à = care about, insist on; tenir de = take after. Jouer à = games and sports; jouer de = instruments.	Use it whenever one of these verbs takes a complement, to say exactly what you mean.	penser à / penser de; manquer à / manquer de; décider de / se décider à; tenir à / tenir de; jouer à / jouer de	B1.1 verbs + à / de + infinitive (commencer à, arrêter de) keep one meaning; here the preposition itself changes it. | Manquer à turns the English and German roles round: tu me manques = I miss you / ich vermisse dich (you are missing to me). | Asking for an opinion is penser de, not penser à: que penses-tu de ce film ?	✗ Je manque toi. → ✓ Tu me manques. | ✗ Que penses-tu à ce film ? → ✓ Que penses-tu de ce film ? | ✗ Je joue le piano. → ✓ Je joue du piano.	Tu me manques depuis que tu es parti. | Qu'est-ce que tu penses de mon nouveau travail ? | Il s'est enfin décidé à chercher un appartement. | Je tiens à te remercier pour ton aide.	verbs | prepositions | meaning_change | manquer	Mes amis me manquent, mais je manque de temps pour les voir.	me manquent=>target=>manquer à: the people missed are the subject||manque de temps=>target=>manquer de: to lack something	cefr | delf_b2 | kwiziq_b2	B2.2	FR2_B11_VERB_A_DE_INFINITIVE	FR2_A21_VERB_PREPOSITIONS | FR2_B11_VERB_A_DE_INFINITIVE	regex:\b(?:me|te|lui|nous|vous|leur|m'|t')\s*(?:(?:ne|n')\s*)?(?:manque|manques|manquent|manquait|manquaient|manquera|manqueront|manquerait|a\s+manqué|as\s+manqué|ont\s+manqué|avait\s+manqué)\b(?!\s+(?:de|d'|du|des)\b)|\bmanqu(?:e|es|ent|ons|ez|er|é|ais|ait|aient|era|erait)\s+(?:(?:pas|vraiment|beaucoup|cruellement|un\s+peu)\s+)?(?:de\s|d'|du\s|des\s|à\s|au\s|aux\s)|\bqu'en\s+(?:pens|dis)\w*|\b(?:que|qu')\s+(?:pens\w+-(?:tu|vous|il|elle)|(?:tu|vous|il|elle|on)\s+pens\w+)\s+(?:de\s|du\s|des\s|d')|\bpens(?:e|es|ent|ons|ez|er|é|ais|ait)\s+(?:du\s+bien|du\s+mal)\b|\b(?:pens\w+)\s+(?:de\s|du\s|des\s|d')(?!abord|ailleurs|habitude)(?=\w+\s*\?)|\b(?:se|s'|me|m'|te|t'|nous|vous)\s*(?:(?:suis|es|est|sommes|êtes|sont|étais|était|serait)\s+)?(?:(?:enfin|finalement|pas|jamais|vite)\s+)?décid\w*\s+à\b|\bdécid(?:e|es|ent|ons|ez|er|é|ée|és|ais|ait|era)\s+(?:(?:enfin|finalement|alors)\s+)?(?:de\s|d')(?:ne\s+pas\s+)?(?:[a-zàâçéèêëîïôûùœ]+(?:er|ir|re|oir)|[mtsl]'\w+|se\s+\w+|le\s+\w+|les\s+\w+)\b|\b(?:tiens|tient|tenons|tenez|tiennent|tenais|tenait|tenaient|tenu|tenir|tiendra|tiendrais|tiendrait)\s+(?:(?:beaucoup|vraiment|absolument|énormément|tellement|à\s+tout\s+prix)\s+)?(?:à|au|aux|de|du|des|d')\b(?!\s*(?:la\s+main|main|bout|place)\b)|\bjou(?:e|es|ent|ons|ez|er|é|ais|ait)\s+(?:(?:bien|un\s+peu|très\s+bien)\s+)?(?:du\s|de\s+la\s|de\s+l'|des\s)(?:piano|violon|guitare|batterie|flûte|trompette|saxophone|violoncelle|accordéon|harpe|clarinette|basse|orgue|contrebasse|instruments?)\b	The preposition changes the meaning: penser à (think about) vs penser de (opinion), manquer à vs manquer de.	Die Präposition ändert die Bedeutung: penser à (denken an) vs penser de (halten von), manquer à vs manquer de.	La préposition change le sens : penser à (songer) ou penser de (opinion), manquer à ou manquer de.	reviewed
FR2_B22_ADJ_VERBAL	fr	B2	Agreement	adjectif_verbal	Participe présent vs adjectif verbal: fatiguant / fatigant	Participe présent vs Adjectif verbal: fatiguant / fatigant	Participe présent ou adjectif verbal : fatiguant / fatigant	1470	false	The participe présent is a verb form: it can take an object or an adverb, it never agrees, and it keeps the verb's spelling (fatiguant, convainquant, provoquant, communiquant, négligeant, précédant). The adjectif verbal describes a quality and agrees with its noun; some change their spelling: -guant → -gant, -quant → -cant, -ant → -ent (fatigant, convaincant, provocant, communicant, négligent, précédent).	Use it when you write -ant forms: the verb spelling for an action, the adjective spelling for a quality.	participe présent: stem + -ant, invariable (+ object); adjectif verbal: agrees, sometimes -gant / -cant / -ent	The participe présent (B2.1) acts like a verb (les arguments convainquant le jury); the adjectif verbal acts like an adjective (des arguments convaincants). | Test: if you can add très, it is the adjective; if it has an object or can be replaced by qui + verb, it is the participe. | Most -ant forms are spelled the same both ways (intéressant); only the agreement differs.	✗ Ce travail est fatiguant. → ✓ Ce travail est fatigant. | ✗ Des enfants jouants dans le parc. → ✓ Des enfants jouant dans le parc. | ✗ Ses arguments étaient très convainquants. → ✓ Ses arguments étaient très convaincants.	Ce voyage était vraiment fatigant. | Fatiguant ses collègues avec ses questions, il a fini par travailler seul. | Ses arguments étaient très convaincants. | Négligeant ses devoirs, il a raté l'examen.	adjectif_verbal | participe_present | spelling | agreement	Convainquant enfin son chef, elle a présenté un projet convaincant.	Convainquant enfin son chef=>event=>verb: takes an object, spelled -quant, invariable||projet convaincant=>agreement=>adjective: spelled -cant, agrees with projet	cefr | delf_b2 | kwiziq_b2	B2.2	FR2_B21_PARTICIPE_PRESENT	FR2_B21_PARTICIPE_PRESENT	regex:\b(?:fatigante?s?|convaincante?s?|provocante?s?|suffocante?s?|communicante?s?|intrigante?s?|extravagante?s?|navigante?s?|négligente?s?|fatiguant|convainquant|provoquant|suffoquant|communiquant|intriguant|naviguant|négligeant|différant|précédant|excellant|équivalant|influant|divergeant|adhérant|somnolant|résidant|zigzaguant)\b	The -ant verb form never changes; the adjective agrees and sometimes differs: fatiguant/fatigant, convainquant/convaincant, négligeant/négligent.	Die Verbform auf -ant bleibt unverändert; das Adjektiv wird angeglichen und weicht manchmal ab: fatiguant/fatigant, négligeant/négligent.	Le participe présent est invariable ; l'adjectif verbal s'accorde et s'écrit parfois autrement : fatiguant/fatigant, négligeant/négligent.	reviewed
FR2_B22_TOUT_ADVERB	fr	B2	Agreement	tout_adverb	Tout as an adverb: elle est toute seule	Tout als Adverb: elle est toute seule	Tout adverbe : elle est toute seule	1480	false	Tout used as an adverb (completely, very) does not change: ils sont tout contents, elle est tout étonnée, tout près, tout à fait. One exception, for the ear: before a feminine adjective that starts with a consonant or an aspirated h, it agrees: elle est toute seule, elles sont toutes petites. Before a vowel or a mute h it stays tout: elle est tout heureuse.	Use it to strengthen adjectives and adverbs: all alone, completely surprised, right next to.	tout + adjective / adverb (invariable); toute(s) + feminine adjective starting with a consonant or h aspiré	Tout as a determiner or pronoun (A2.2: tous les jours, tout le monde) always agrees; as an adverb it agrees only before a feminine consonant-initial adjective. | Elles sont toutes contentes can mean all of them are happy (pronoun) or they are completely happy (adverb); tout étonnées can only mean completely. | Ils sont tout contents (very happy) vs ils sont tous contents [tus] (all of them are happy).	✗ Elle est tout seule. → ✓ Elle est toute seule. | ✗ Elle était toute étonnée. → ✓ Elle était tout étonnée. | ✗ Elles sont tout petites. → ✓ Elles sont toutes petites.	Elle est rentrée toute seule en taxi. | Les enfants étaient tout contents de nous voir. | Tu as tout à fait raison. | La boulangerie est tout près d'ici.	tout | adverb | agreement | spelling	Marie était tout étonnée de se retrouver toute seule au bureau.	tout étonnée=>target=>before a vowel tout stays invariable||toute seule=>agreement=>before a feminine consonant-initial adjective tout agrees	cefr | delf_b2 | kwiziq_b2	B2.2	FR2_A22_TOUT	FR2_A22_TOUT	regex:\b(?:tout|toute|toutes)\s+(?:seule?s?|petite?s?|neuve?s?|contente?s?|étonnée?s?|heureuse?s?|heureux|entière?s?|nue?s?|prête?s?|proches?|près|droit|doux|douce|douces|simplement|bêtement|juste|récemment|émue?s?|fière?s?|fiers?|triste?s?|rouges?|pâles?|blanche?s?|noire?s?|mouillée?s?|trempée?s?|fraîche?s?|frais|jeunes?|honteuse?s?|surprise?s?|surpris|gentille?s?|bas|haut|doucement|habillée?s?|excitée?s?|essoufflée?s?|autres?(?=\s+(?:chose|choses))|en\s+haut|en\s+bas|à\s+côté|au\s+bout|au\s+fond|au\s+début|au\s+long|en\s+(?:[a-zàâçéèêëîïôûùœ]+ant))\b|\btout\s+à\s+fait\b	Tout meaning completely stays tout, but becomes toute(s) before a feminine adjective starting with a consonant: toute seule.	Tout (ganz) bleibt unverändert, außer vor weiblichen Adjektiven mit Konsonant oder h aspiré: toute seule.	Tout adverbe (tout à fait) est invariable, sauf devant un adjectif féminin commençant par une consonne : toute seule.	reviewed
FR2_B22_INDEFINITES_ADVANCED	fr	B2	Pronouns	n_importe_quiconque_tel	N'importe qui, quiconque, tel	N'importe qui, quiconque, tel	N'importe qui, quiconque, tel	1490	false	N'importe qui / quoi / où / quand / comment / lequel and n'importe quel + noun mean any … at all, without choosing, often with a negative tone (il dit n'importe quoi). Quiconque means whoever, anyone who, and takes a singular verb (quiconque a vu…). Tel (telle, tels, telles) means such and agrees with its noun: un tel bruit, une telle chance; before a plural noun with an adjective, des becomes de: de telles erreurs. Tel quel means as it is.	Use it to express total indifference or randomness, to state rules that apply to anyone, and to point to something of that kind.	n'importe qui / quoi / où / quand / comment / lequel; n'importe quel + noun; quiconque + singular verb; un(e) tel(le) + noun, de tel(le)s + noun	Quelqu'un / quelque chose (A2.2) point to some person or thing; n'importe qui / quoi stress that any would do. | In a negative sentence, anyone is personne, not n'importe qui: je n'ai vu personne (I didn't see anyone) vs je n'ai pas vu n'importe qui (I didn't see just anybody). | Chaque / chacun (B1.2) go through a known group; quiconque covers anyone at all who meets a condition.	✗ Des telles erreurs sont rares. → ✓ De telles erreurs sont rares. | ✗ Quiconque veulent participer peuvent s'inscrire. → ✓ Quiconque veut participer peut s'inscrire. | ✗ Je n'ai pas vu n'importe qui à la fête. → ✓ Je n'ai vu personne à la fête.	Il dit vraiment n'importe quoi. | Quiconque a vu cet homme doit appeler la police. | Je n'ai jamais vu une telle foule. | Tu peux m'appeler n'importe quand.	indefinites | n_importe | quiconque | tel	Quiconque a déjà vécu une telle panne sait qu'on ne peut pas partir n'importe quand.	Quiconque a=>target=>anyone who, with a singular verb||une telle panne=>agreement=>telle agrees with panne||n'importe quand=>target=>at any time at all	cefr | delf_b2 | kwiziq_b2	B2.2	FR2_A22_INDEFINITES		regex:\bn'importe\s+(?:qui|quoi|où|quand|comment|lequel|laquelle|lesquels|lesquelles|quel|quelle|quels|quelles)\b|\bquiconque\b|\b(?:un|une|de|d'|aucun|aucune|pareil)\s*(?:tel|telle|tels|telles)\b|\btel(?:le)?s?\s+quel(?:le)?s?\b	N'importe qui/quoi/où means anyone/anything/anywhere at all; quiconque means whoever; tel agrees like an adjective: une telle idée.	N'importe qui/quoi/où heißt irgendwer/irgendwas/irgendwo; quiconque heißt wer auch immer; tel wird angeglichen: une telle idée.	N'importe qui/quoi/où : sans distinction ; quiconque : toute personne qui ; tel s'accorde : une telle idée.	reviewed
FR2_B22_QUANTIFIER_AGREEMENT	fr	B2	Agreement	la_plupart_agreement	La plupart, plus d'un, beaucoup: verb agreement	La plupart, plus d'un, beaucoup: Verbkongruenz	La plupart, plus d'un, beaucoup : l'accord du verbe	1500	true	The verb agrees with the meaning of the quantity expression. La plupart (des…), beaucoup (de…), bien des and nombre de take a plural verb, and participles agree with the noun (la plupart des invitées sont venues). Plus d'un takes a singular verb (plus d'un étudiant a échoué), while moins de deux takes a plural. A collective noun with a complement (une foule de, la moitié des) allows either.	Use it whenever a quantity expression is the subject, in reports, statistics and news.	la plupart des / beaucoup de / bien des + plural noun + plural verb; plus d'un + singular noun + singular verb	Chaque and chacun (B1.2) always take the singular; la plupart always takes the plural, even alone (la plupart sont d'accord). | Plus d'un (singular) vs moins de deux (plural): agreement follows the number word, not the logic. | La plupart is followed by des (+ plural noun): la plupart des gens, never la plupart de gens; la plupart du temps is a fixed phrase.	✗ La plupart des gens pense que c'est cher. → ✓ La plupart des gens pensent que c'est cher. | ✗ Plus d'un client se sont plaints. → ✓ Plus d'un client s'est plaint. | ✗ La plupart de gens travaillent. → ✓ La plupart des gens travaillent.	La plupart des étudiants travaillent le week-end. | Plus d'un voyageur a raté sa correspondance. | Beaucoup pensent que c'est trop cher. | La plupart d'entre eux ont accepté.	agreement | quantifiers | la_plupart | subject_verb	La plupart des collègues sont d'accord, mais plus d'un hésite encore.	La plupart des collègues sont=>agreement=>la plupart takes a plural verb||plus d'un hésite=>agreement=>plus d'un takes a singular verb	cefr | delf_b2 | kwiziq_b2	B2.2	FR2_B12_CHAQUE_CHACUN		regex:\bla\s+plupart(?:\s+(?:des|de\s+(?:ces|mes|tes|ses|nos|vos|leurs))\s+[\w-]+(?:\s+[\w-]+)?|\s+d'entre\s+(?:eux|elles|nous|vous))?\s+(?:ne\s+|n')?(?:se\s+|s'|y\s+|en\s+|l'|les\s+)?[a-zàâçéèêëîïôûùœ]*(?:ent|ont)\b|\bplus\s+d'une?\s+[\w-]+\s+(?:ne\s+|n')?(?:se\s+|s'|y\s+|en\s+|l')?(?![a-zàâçéèêëîïôûùœ]*(?:ent|ont)\b)(?!(?:je|tu|il|elle|on|nous|vous|ils|elles|le|la|les|de|des|du|et|mais|que|qui|ce|une|dans|sans|sur|sous|avec|pas|plus|très|à|au|en|par|pour)\b)[a-zàâçéèêëîïôûùœ]*(?:e|t|a|d|s)\b|(?:^|[.!?;,]\s*)(?:beaucoup|bien\s+des\s+[\w-]+|nombre\s+(?:de\s+|d')[\w-]+|peu)(?:\s+d'entre\s+(?:eux|elles|nous|vous))?\s+(?:ne\s+|n')?(?:se\s+|s'|y\s+|en\s+|l')?[a-zàâçéèêëîïôûùœ]+(?:ent|ont)\b	La plupart (des), beaucoup and bien des take a plural verb; plus d'un takes a singular verb.	La plupart (des), beaucoup und bien des stehen mit dem Verb im Plural; plus d'un mit dem Verb im Singular.	La plupart (des), beaucoup et bien des veulent un verbe au pluriel ; plus d'un, un verbe au singulier.	reviewed
FR2_B22_ARGUMENT	fr	B2	Connectors	argument_structure	Structuring an argument: d'une part, en outre, en somme	Eine Argumentation strukturieren: d'une part, en outre, en somme	Structurer une argumentation : d'une part, en outre, en somme	1510	true	Discourse connectors tell the reader the role of each part of an argument: opening (tout d'abord, premièrement), balancing (d'une part … d'autre part), adding (de plus, en outre, par ailleurs), contrasting (en revanche), confirming and illustrating (en effet, notamment, par exemple) and concluding (en somme, bref, en définitive, pour conclure). They usually open the sentence and are followed by a comma.	Use it in essays, DELF B2 productions, presentations and meetings so your reasoning is easy to follow.	Tout d'abord, … D'une part, … d'autre part, … En outre, … En revanche, … En somme, …	Cependant and toutefois (B2.1) concede; these connectors organise the whole argument. | Par ailleurs means besides, on another point; on the other hand is en revanche or d'autre part. | En effet confirms what was just said (indeed); en fait corrects it (actually).	✗ D'un côté, c'est cher ; d'une autre part, c'est utile. → ✓ D'une part, c'est cher ; d'autre part, c'est utile. | ✗ Le loyer est bas. En revanche, le quartier est calme. → ✓ Le loyer est bas. De plus, le quartier est calme. | ✗ Le projet est cher ; en fait, il coûte deux millions. → ✓ Le projet est cher ; en effet, il coûte deux millions.	D'une part, le loyer est raisonnable ; d'autre part, le quartier est calme. | Le projet coûte cher. En outre, il prendra deux ans. | En somme, c'est une bonne idée, mais pas maintenant. | Tout d'abord, je voudrais vous remercier.	connectors | argument | essay_writing | delf_b2	Tout d'abord, le télétravail fait gagner du temps ; en revanche, il isole ; en somme, il faut un équilibre.	Tout d'abord=>trigger=>opens the first point||en revanche=>concession=>sets an opposite point against it||en somme=>result=>sums up	cefr | delf_b2 | kwiziq_b2	B2.2	FR2_B21_CONCESSION		regex:\b(?:d'une\s+part|d'autre\s+part|en\s+outre|par\s+ailleurs|en\s+revanche|en\s+somme|en\s+définitive|tout\s+d'abord|premièrement|deuxièmement|troisièmement|pour\s+conclure|en\s+conclusion|de\s+surcroît|en\s+effet|notamment|d'un\s+côté|de\s+l'autre|à\s+l'inverse|en\s+fin\s+de\s+compte|pour\s+commencer|enfin\s+et\s+surtout)\b|(?:^|[.;:]\s*)(?:de\s+plus|bref|ensuite|enfin)\s*,	Order an argument with connectors: d'abord, d'une part… d'autre part, en outre, en revanche, en somme.	Eine Argumentation gliedert man mit Konnektoren: d'abord, d'une part… d'autre part, en outre, en revanche, en somme.	On organise une argumentation avec des connecteurs : d'abord, d'une part… d'autre part, en outre, en revanche, en somme.	reviewed
FR2_B22_NEUTRAL_LE	fr	B2	Pronouns	neutral_le	Neutral le: je le sais, je te l'avais dit	Neutrales le: je le sais, je te l'avais dit	Le pronom neutre le : je le sais, je te l'avais dit	1520	false	The neuter pronoun le (l') stands for a whole idea, not a noun: a clause (je le sais = je sais qu'il part), an adjective or a noun used as an attribute (fatiguée, je le suis; malade, elle l'est depuis lundi), and it appears in comparisons (c'est plus simple qu'on ne le croit). It never changes for gender or number, and the participle does not agree with it. English often leaves it out (I know, I told you), but French needs it with savoir, dire, croire, penser, être and devenir.	Use it to answer, confirm and refer back to what was just said without repeating it.	le (l') + savoir / dire / penser / croire / être / devenir / promettre …	Le as an object pronoun (A2.1) replaces a noun and can make the participle agree; neutral le replaces an idea and never does: la vérité, je te l'avais dite vs je te l'avais dit (qu'il viendrait). | With verbs built with de or à, an idea is taken up by en or y: j'en suis sûr, j'y pense. | Je sais alone is fine in quick speech; je le sais insists on the fact.	✗ Tu es fatiguée ? – Oui, je suis. → ✓ Tu es fatiguée ? – Oui, je le suis. | ✗ Je t'ai dit ! → ✓ Je te l'avais dit ! | ✗ Tu es sûre ? – Oui, je le suis sûre. → ✓ Tu es sûre ? – Oui, j'en suis sûre.	Tu savais qu'elle déménageait ? – Oui, je le savais. | Je te l'avais dit, ce restaurant est fermé le lundi. | Fatiguée, je le suis, mais contente. | C'est plus simple qu'on ne le croit.	pronouns | neutral_le | reference | spoken_french	Il va pleuvoir, je le sens, et je te l'avais bien dit.	je le sens=>target=>le = qu'il va pleuvoir||te l'avais bien dit=>target=>l' stands for an idea, so dit does not agree	cefr | delf_b2 | kwiziq_b2	B2.2	FR2_A21_COD		regex:\b(?:je|j'|tu|il|elle|on|nous|vous|ils|elles)\s*(?:ne\s+|n')?(?:me\s+|te\s+|lui\s+|nous\s+|vous\s+|leur\s+|m'|t')?(?:le\s+|l')(?:sais|savais|savait|savions|saviez|savaient|sait|savons|savez|savent|saurai|suis|es|est|sommes|êtes|sont|étais|était|étaient|serai|sera|deviens|devient|pense|pensais|pensait|crois|croyais|croit|dis|disais|dit|sens|sentais|devine|devinais|comprends|promets|espère|imagine|imaginais|(?:ai|as|a|avais|avait|avez|avions|aviez|avaient)\s+(?:(?:bien|toujours|déjà|jamais|pas)\s+)?(?:dit|su|promis|pensé|cru|deviné|compris|senti|vu\s+venir|été|répété|annoncé|expliqué))\b|\b(?:qu'on|que\s+je|que\s+tu|qu'il|qu'elle|que\s+nous|que\s+vous|qu'ils)\s+(?:ne\s+|n')(?:le\s+|l')\w+|\bcomme\s+(?:je|tu|il|elle|on|nous|vous|ils|elles)\s+(?:te\s+|vous\s+|lui\s+)?(?:le\s+|l')\w+	Le can replace a whole idea, clause or adjective: je le sais, je te l'avais dit, fatiguée, je le suis.	Le kann eine ganze Aussage oder ein Adjektiv ersetzen: je le sais, je te l'avais dit, je le suis.	Le peut reprendre une idée, proposition ou un adjectif : je le sais, je te l'avais dit, je le suis.	reviewed
FR2_B22_PASSE_SIMPLE_IRREGULAR	fr	B2	Tenses	passe_simple_irregular	Passé simple: irregular forms in reading (fut, eut, fit)	Passé simple: unregelmäßige Formen beim Lesen (fut, eut, fit)	Le passé simple : les formes irrégulières à la lecture (fut, eut, fit)	1530	true	Irregular passé simple forms fall into three vowel types: i (il fit, prit, mit, dit, naquit), u (il fut, eut, dut, put, sut, voulut, connut, mourut) and in (il vint, tint, devint). The endings are -s, -s, -t, -mes, -tes, -rent, with a circumflex in the nous and vous forms (nous fûmes, vous vîntes) and -rent in the plural (ils furent, ils vinrent). Several stems look nothing like the infinitive: être → fut, avoir → eut, naître → naquit, mourir → mourut, voir → vit.	Use it to read novels, tales, biographies and history; you rarely need to write it.	i-type: fit, prit, dit, mit, naquit; u-type: fut, eut, dut, put, sut, mourut; in-type: vint, tint, devint (plural: firent, furent, vinrent)	B1.2 introduced recognising regular forms (il parla, il finit) and fut, eut, fit, vint; here the full irregular set. | Il fut (être), il fit (faire) and il fût (imparfait du subjonctif) differ by one letter or one accent. | Il dit, il vit, il lit are both présent and passé simple; only the context and the other tenses tell.	✗ Il vena à Paris en 1920. → ✓ Il vint à Paris en 1920. | ✗ Ce fit une nuit terrible. → ✓ Ce fut une nuit terrible. | ✗ Ils vinèrent le lendemain. → ✓ Ils vinrent le lendemain.	Il naquit à Lyon en 1802 et mourut à Paris. | Elle prit son manteau et sortit sans un mot. | Ce fut une nuit terrible. | Ils firent la paix le lendemain.	passe_simple | irregular_verbs | reading | literature	Quand il vint enfin, elle eut peur et ne put rien dire.	vint=>event=>venir: in-type, came||eut peur=>event=>avoir: u-type, had||ne put=>event=>pouvoir: u-type, could	cefr | delf_b2 | kwiziq_b2	B2.2	FR2_B12_PASSE_SIMPLE		regex:\b(?:fut|furent|fûmes|fûtes|eut|eurent|eûmes|fit|firent|fîmes|vint|vinrent|vînmes|revint|revinrent|devint|devinrent|parvint|obtint|retint|soutint|tint|tinrent|prit|prirent|apprit|comprit|reprit|surprit|mit|mirent|permit|promit|remit|dut|durent|put|purent|sut|surent|naquit|naquirent|mourut|moururent|voulut|voulurent|virent|vîmes|reçut|reçurent|aperçut|connut|connurent|reconnut|crut|crurent|courut|parut|disparut|apparut|vécut|vécurent|plut|lut|lurent|fallut|valut|conclut|résolut|écrivit|écrivirent|conduisit|construisit|produisit|répondit|répondirent|perdit|entendit|attendit|descendit|rendit|vendit|ouvrit|ouvrirent|offrit|découvrit|souffrit|couvrit|craignit|peignit|éteignit|joignit|rejoignit|s'assit|assit|vainquit)\b	Recognise irregular passé simple forms in stories: fut (was), eut (had), fit (did), vint (came), prit (took).	Unregelmäßige Passé-simple-Formen in Erzählungen erkennen: fut (war), eut (hatte), fit (machte), vint (kam), prit (nahm).	Reconnaître les passés simples irréguliers des récits : fut (être), eut (avoir), fit (faire), vint (venir), prit (prendre).	reviewed
FR2_C11_CONCORDANCE_INDIC	fr	C1	Tenses	concordance_indicatif	Sequence of tenses in the indicative: before, same time, after a past moment	Zeitenfolge im Indikativ: vorher, gleichzeitig, nachher in der Vergangenheit	La concordance des temps à l'indicatif	1600	false	When the main verb is in a past tense, an indicative subordinate clause takes its tense from its relation to that past moment: same time → imparfait, earlier → plus-que-parfait, later → conditionnel présent (the future seen from the past), later but completed before another future point → conditionnel passé; this holds for every que-clause, relative or time clause anchored in the past, not only for reported speech.	Use it in written narratives, reports and summaries set in the past, whenever a clause looks forward or back from a past moment: il savait que…, elle ignorait que…, personne n'imaginait que…	past main verb + que / relative + imparfait (same time) / plus-que-parfait (before) / conditionnel (after) / conditionnel passé (after, completed)	Reported speech (B2.2) applies the same shift to quoted words; here it governs any clause anchored in a past moment: savoir, ignorer, comprendre, croire, imaginer. | A general truth may stay in the present: le professeur nous a rappelé que l'eau bout à cent degrés.	✗ Je savais qu'il viendra. → ✓ Je savais qu'il viendrait. | ✗ Elle ignorait qu'il a déjà signé. → ✓ Elle ignorait qu'il avait déjà signé. | ✗ On croyait qu'ils auront fini avant midi. → ✓ On croyait qu'ils auraient fini avant midi.	Elle ne savait pas encore qu'elle ne le reverrait jamais. | Il a compris trop tard que le contrat avait été modifié. | Nous pensions que les travaux seraient terminés avant l'été. | Personne n'imaginait que la crise durerait aussi longtemps.	concordance | tenses | conditionnel | plus_que_parfait | narration | writing	Il ignorait que son frère était déjà parti et qu'il ne reviendrait pas.	ignorait=>past_anchor=>main verb in a past tense: the reference point||était déjà parti=>anteriority=>plus-que-parfait: before that moment||reviendrait=>posteriority=>conditionnel: the future seen from the past	cefr | dalf_c1 | referentiel_c1	C1.1	FR2_B22_REPORTED_SEQUENCE | FR2_B11_PLUS_QUE_PARFAIT | FR2_B11_CONDITIONAL	FR2_B22_REPORTED_SEQUENCE | FR2_C11_CONCORDANCE_SUBJ	regex:\b(?!(?:jamais|désormais|mais|frais|vrais|anglais|français|palais|souhait|portrait|extrait|attrait|retrait|parfait|forfait|bienfait|méfait)\b)(?:\w{2,}(?:ait|aient|ais|ions|iez)|compris|su|appris|cru|pensé|imaginé|deviné|découvert|réalisé|constaté|oublié|dit|annoncé|affirmé|expliqué|promis|écrit|prévu|assuré|juré)\b(?:\s+[\w']+){0,3}?\s+qu(?:e\s|')[^.!?;]{0,60}?\b(?:(?!(?:portrait|extrait|attrait|retrait|trait|vrais|frais)\b)\w+(?:rait|raient|rais|rions|riez)|(?:avai(?:s|t|ent)|avions|aviez|étai(?:s|t|ent)|étions|étiez)\s+(?:\w+\s+){0,2}?\w+(?:é|ée|és|ées|i|ie|is|ies|u|ue|us|ues|t|te|ts|tes|s))\b	Seen from a past moment: imparfait for the same time, plus-que-parfait for before, conditionnel for after.	Von einem Moment in der Vergangenheit aus: Imparfait für gleichzeitig, Plus-que-parfait für vorher, Conditionnel für nachher.	Vu d'un moment passé : imparfait pour la simultanéité, plus-que-parfait pour l'antériorité, conditionnel pour la postériorité.	reviewed
FR2_C11_CONCORDANCE_SUBJ	fr	C1	Verbs	concordance_subjonctif	Subjonctif présent or passé after a past main verb	Subjonctif présent oder passé nach einem Hauptsatz in der Vergangenheit	La concordance des temps au subjonctif	1610	true	In modern French the subjonctif has two everyday tenses whatever the tense of the main verb: the présent for an action at the same time or later (je voulais qu'il vienne), the passé for an action completed before (je regrettais qu'il soit parti); a past main verb never pushes the subjonctif into the imparfait, which only literary texts use.	Use it whenever a subjunctive trigger (vouloir, falloir, regretter, douter, être content…) is in the imparfait, passé composé or conditionnel: in stories, reports and polite regrets (j'aurais aimé que…).	main verb in any past tense + que + subjonctif présent (same time or later) / subjonctif passé (completed before)	The indicative shifts with the main verb (il disait qu'il viendrait); the subjonctif does not: il voulait qu'elle vienne. | Literary texts use the imparfait and plus-que-parfait du subjonctif here (qu'il vînt, qu'il fût venu, C1.2): read them, do not write them in everyday French.	✗ Il voulait que je venais. → ✓ Il voulait que je vienne. | ✗ J'étais content qu'elle vienne hier. → ✓ J'étais content qu'elle soit venue hier. | ✗ Je doutais qu'il viendrait. → ✓ Je doutais qu'il vienne.	Il a fallu que nous partions avant la fin. | Elle regrettait que son père ne soit jamais venu la voir. | Nous attendions que la pluie cesse. | J'aurais aimé que tu me préviennes plus tôt.	subjonctif | concordance | past | subjonctif_passe | writing	Ma mère voulait que je finisse mes études, bien que j'aie déjà trouvé un emploi.	voulait=>past_main=>main verb in the imparfait||finisse=>subj_present=>same time or later: subjonctif présent||aie déjà trouvé=>subj_passe=>already completed: subjonctif passé	cefr | dalf_c1 | referentiel_c1	C1.1	FR2_B12_SUBJ_WILL | FR2_B21_SUBJ_PAST	FR2_C11_CONCORDANCE_INDIC | FR2_C12_SUBJ_IMPARFAIT	regex:\b(?:voul(?:ais|ait|ions|iez|aient|u)|fallait|fallu|exige(?:ais|ait|ions|iez|aient|é|a)|souhait(?:ais|ait|ions|iez|aient|é)|regrett(?:ais|ait|ions|iez|aient|é)|dout(?:ais|ait|ions|iez|aient|é)|craign(?:ais|ait|ions|iez|aient)|attend(?:ais|ait|ions|iez|aient)|aim(?:ais|ait|ions|iez|aient|é)|préfér(?:ais|ait|ions|iez|aient|é)|demand(?:ais|ait|ions|iez|aient)|ordonn(?:ais|ait|aient|é|a)|(?:aurais|aurait|aurions|auriez|auraient) (?:aimé|voulu|préféré|souhaité)|(?:étai[st]|étaient|ai été|a été|avons été|ont été|serais|serait|aurais été|aurait été)\s+(?:très |vraiment |si |tellement )?(?:contente?s?|ravie?s?|déçue?s?|surprise?s?|étonnée?s?|heureu(?:x|se|ses)|triste?s?|désolée?s?|furieu(?:x|se|ses)|fière?s?))\s+qu(?:e\s|')|\b(?:bien|quoi|pour|avant|sans|à moins|à condition) qu(?:e\s|')[^.!?;]{0,40}?\b(?:aie|aies|ait|ayons|ayez|aient|sois|soit|soyons|soyez|soient)\s+(?:déjà\s+|jamais\s+|pas\s+)?\w+(?:é|ée|és|ées|i|ie|is|ies|u|ue|us|ues|it|ite|its|ites|ise|ises|ert|erte|erts|ertes|int|inte|ints|aint|ainte)\b	After a past main verb keep the subjonctif présent (same time, later) or passé (before): il voulait qu'elle vienne.	Nach einem Hauptsatz in der Vergangenheit bleibt der Subjonctif présent (gleichzeitig, später) oder passé (vorher): il voulait qu'elle vienne.	Après un verbe principal au passé, gardez le subjonctif présent (simultanéité, postériorité) ou passé (antériorité).	reviewed
FR2_C11_QUE_SUBJ_INITIAL	fr	C1	Verbs	que_subjonctif_initial	Que + subjonctif at the start: Qu'il soit venu m'étonne	Que + Subjonctif am Satzanfang: Qu'il soit venu m'étonne	Que + subjonctif en tête de phrase	1620	false	A que-clause placed at the start of the sentence, as its subject or topic, takes the subjonctif even when it states a real fact, because the fact is presented as something to comment on rather than asserted (qu'il soit venu m'étonne; que tu aies raison, personne n'en doute); le fait que behaves the same way in this position.	Use it in essays and formal speech to put an idea up front and then judge it: que la réforme soit nécessaire, nul ne le conteste.	Que + subjonctif + verb (m'étonne, est évident) | Que + subjonctif, + main clause that picks it up again (personne n'en doute, c'est vrai, je le sais)	After the main verb the mood depends on the verb: il est vrai qu'il est venu (indicatif), but qu'il soit venu, c'est vrai (subjonctif). | Que + subjonctif alone as a main clause gives an order or a wish (qu'il entre !); here the que-clause is part of a longer sentence.	✗ Qu'il est venu m'étonne. → ✓ Qu'il soit venu m'étonne. | ✗ Qu'il a menti, c'est évident. → ✓ Qu'il ait menti, c'est évident. | ✗ Que vous partez si tôt nous attriste. → ✓ Que vous partiez si tôt nous attriste.	Qu'il ait accepté ce poste m'étonne beaucoup. | Que le projet soit en retard, tout le monde le sait. | Que vous ne soyez pas d'accord, je peux le comprendre. | Le fait qu'elle soit absente ne change rien.	subjonctif | word_order | emphasis | formal_register | writing	Que la réunion ait été annulée, personne ne nous l'a dit.	Que=>initial_que=>the que-clause opens the sentence||ait été annulée=>subjonctif=>subjonctif even for a real fact||l'=>reprise=>the main clause picks the idea up again	cefr | dalf_c1 | referentiel_c1	C1.1	FR2_B12_SUBJ_IRREGULAR | FR2_B21_SUBJ_PAST	FR2_B22_DISLOCATION | FR2_B21_SUBJ_EMOTION	regex:(?:^|[.!?;]\s+)(?:le fait )?qu(?:e\s+|')(?![a-z]*-)(?:[\w]+[\s']+){0,4}?(?:ne\s+|n')?(?:soi[st]|soient|soyons|soyez|sois|ai[est]|aient|ayons|ayez|fasse\w*|puisse\w*|vienne\w*|aille\w*|sache\w*|veuille\w*|prenne\w*|doive\w*|\w+(?:ions|iez|issent|isse|isses))\b	A que-clause at the head of the sentence takes the subjonctif: Qu'il soit venu m'étonne.	Ein que-Satz am Satzanfang steht im Subjonctif: Qu'il soit venu m'étonne.	En tête de phrase, la proposition en que se met au subjonctif : Qu'il soit venu m'étonne.	reviewed
FR2_C11_INFINITIVE_FOR_QUE	fr	C1	Verbs	infinitive_clause	Infinitive instead of a que-clause: il affirme être innocent	Infinitiv statt que-Satz: il affirme être innocent	L'infinitif à la place d'une complétive : il affirme être innocent	1630	false	When a verb of saying or thinking (affirmer, croire, penser, dire, espérer, estimer, nier, reconnaître, prétendre, avouer, déclarer) has the same subject as the clause that follows, written French prefers a bare infinitive to que + the same subject: il affirme être innocent, elle reconnaît s'être trompée; the infinitif passé (avoir / être + participle) marks an earlier action, and no de is added.	Use it in reports, essays and formal letters to avoid «je … que je» and to make the sentence tighter: le témoin déclare avoir vu…	subject + affirmer / croire / nier / reconnaître … + (ne pas) + infinitive or avoir / être + participle	Vouloir, préférer, souhaiter (B1.2) must take the infinitive with the same subject; with affirmer, croire or penser both forms are correct and the infinitive is simply more formal. | A different subject always needs que: il affirme que sa sœur est innocente.	✗ Elle avoue de ne pas avoir lu le dossier. → ✓ Elle avoue ne pas avoir lu le dossier. | ✗ Elles affirment être arrivé à l'heure. → ✓ Elles affirment être arrivées à l'heure. | ✗ Il pense avoir l'oublié. → ✓ Il pense l'avoir oublié.	Le témoin affirme avoir vu la voiture s'éloigner. | Elle reconnaît s'être trompée de date. | Je crois pouvoir finir le dossier ce soir. | Le ministre nie avoir été informé de la situation.	infinitive | infinitif_passe | reported_speech | formal_register | writing	L'entreprise reconnaît avoir commis une erreur et espère pouvoir la corriger rapidement.	reconnaît=>declarative_verb=>verb of saying with the same subject||avoir commis=>infinitif_passe=>earlier action: avoir + participle||pouvoir=>infinitive=>same time or later: simple infinitive	cefr | dalf_c1 | referentiel_c1	C1.1	FR2_B21_INFINITIF_PASSE | FR2_B11_OPINION	FR2_B12_SUBJ_WILL | FR2_B22_REPORTED_SEQUENCE	regex:\b(?:affirm\w*|croi[st]|croient|croyai[st]|croyait|cru|di[st]|disent|disait|espèr\w*|espér\w*|estim\w*|ni(?:e|es|ent|ait|aient|é)|pens\w*|reconn\w*|prétend\w*|avou\w*|déclar\w*|assur\w*|jur\w*|admet\w*|admis)\s+(?:ne\s+(?:pas|plus|jamais)\s+)?(?:(?:me|te|se|le|la|les|lui|leur|nous|vous|y|en)\s+|(?:m|t|s|l)'){0,2}(?!(?:votre|notre|autre|autres|entre|contre|libre|lettre|livre|titre|centre|nombre|membre|ordre|chiffre|frère|mère|père|hier|cher|mer|fier|premier|dernier|entier|quartier|métier|papier|plaisir|loisir|avenir|désir|soir|noir|espoir|hiver|lumière|matière|manière|rivière|prière|carrière|première|dernière|cadre|théâtre|maître|fenêtre|semestre|dîner|déjeuner|clair|propre|pauvre|tendre|sombre|quatre|chaque|ministre|registre|monstre|offre|œuvre|oeuvre|mystère|caractère|colère|guerre|terre|pierre|verre|air|cuir|mémoire|histoire|victoire|gloire|trottoir|couloir|bureau|tiroir|miroir|rasoir|devoirs|pire)\b)\w+(?:er|ir|re|oir)\b	Same subject after affirmer, croire, nier…: use an infinitive, il affirme être innocent.	Gleiches Subjekt nach affirmer, croire, nier…: Infinitiv, il affirme être innocent.	Même sujet après affirmer, croire, nier… : infinitif, il affirme être innocent.	reviewed
FR2_C11_IMPERSONAL_FORMAL	fr	C1	Syntax	impersonal_formulas	Il s'agit de, il convient de, il importe que: impersonal formulas	Il s'agit de, il convient de, il importe que: unpersönliche Wendungen	Il s'agit de, il convient de, il importe que : les tournures impersonnelles	1640	false	Il s'agit de, il est question de, il convient de, il importe de and il y va de are impersonal: their subject is always the empty il, never a noun (dans ce livre, il s'agit de…, not ce livre s'agit de…); they are followed by de + noun or infinitive, and il convient que / il importe que take the subjonctif.	Use them in formal writing, reports and exam essays: to introduce a topic (il s'agit de), a recommendation (il convient de), a priority (il importe que) or what is at stake (il y va de notre crédibilité).	il s'agit de / il est question de + noun or infinitive | il convient / il importe de + infinitive, or que + subjonctif | il y va de + noun (at stake) | il en va de même (the same goes)	Il faut (B1.2) is the everyday obligation; il convient de is its formal, softer equivalent. | Il s'agit de is impersonal; parler de and traiter de take a real subject: ce livre parle de la guerre / dans ce livre, il s'agit de la guerre.	✗ Ce film s'agit d'une famille. → ✓ Dans ce film, il s'agit d'une famille. | ✗ Il convient que nous partons. → ✓ Il convient que nous partions. | ✗ Il en va de notre sécurité. → ✓ Il y va de notre sécurité.	Dans ce roman, il s'agit d'une famille ruinée par la guerre. | Il convient de vérifier chaque chiffre avant la publication. | Il importe que chacun puisse donner son avis. | Il en va de même pour les autres régions.	impersonal | formal_register | subjonctif | writing | essay	Il ne s'agit pas de punir, mais il convient que chacun assume ses responsabilités.	Il ne s'agit pas de=>impersonal=>empty il: s'agir de never takes a noun subject||il convient que=>formal_recommendation=>formal il faut que||assume=>subjonctif=>que after il convient takes the subjonctif	cefr | dalf_c1 | referentiel_c1	C1.1	FR2_B12_SUBJ_NECESSITY | FR2_A12_IMPERATIVE	FR2_B12_SUBJ_NECESSITY | FR2_C11_IMPERSONAL_LOGICAL_SUBJECT	regex:\bil (?:ne |n')?(?:s'agi(?:t|ssait|ra|rait)|(?:est|était|sera|serait) question|(?:convient|convenait|conviendrait|conviendra|importe|importait|importerait|importera) (?:\w+ ){0,2}(?:de |d'|que |qu')|en (?:va|allait|ira) (?:de|ainsi)|y (?:va|allait|ira) de)\b	Il s'agit de, il convient de, il importe que: the subject is always the empty il.	Il s'agit de, il convient de, il importe que: Subjekt ist immer das leere il; il convient que + Subjonctif.	Il s'agit de, il convient de, il importe que : le sujet est toujours il impersonnel.	reviewed
FR2_C11_IMPERSONAL_LOGICAL_SUBJECT	fr	C1	Syntax	impersonal_logical_subject	Il reste, il manque, il existe: the real subject after the verb	Il reste, il manque, il existe: das eigentliche Subjekt nach dem Verb	Il reste, il manque, il existe : le sujet réel après le verbe	1650	false	Verbs such as rester, manquer, exister, arriver, suffire, se produire and se passer can open with an impersonal il while the real subject follows the verb; the verb then stays in the singular whatever follows (il reste trois places, il manque deux pages), and the construction presents the noun as new information.	Use it to announce what remains, is missing, exists or happened: inventories, reports, news, instructions (il s'est produit un incident, il suffit d'une signature).	il + verb in the singular + noun group: il reste / il manque / il existe / il arrive / il s'est produit + noun	Il y a (A1.1) only states that something exists; il reste and il manque add a nuance: left over, missing. | Manquer à with a person means to miss someone: tu me manques (personal); il manque une page (impersonal).	✗ Il restent trois places. → ✓ Il reste trois places. | ✗ Il manquent deux chaises. → ✓ Il manque deux chaises. | ✗ Il s'est produits plusieurs incidents. → ✓ Il s'est produit plusieurs incidents.	Il reste encore quelques places pour le concert de jeudi. | Il manque deux pages à ce rapport. | Il existe plusieurs solutions à ce problème. | Il s'est produit un incident grave pendant la nuit.	impersonal | agreement | word_order | writing	Il reste trois questions, mais il manque encore deux tableaux.	Il reste=>impersonal_il=>empty il, verb in the singular||trois questions=>logical_subject=>the real subject comes after the verb||il manque=>impersonal_il=>singular even before a plural noun	cefr | dalf_c1 | referentiel_c1	C1.1	FR2_A11_IL_Y_A | FR2_B22_QUANTIFIER_AGREEMENT	FR2_A11_IL_Y_A | FR2_C11_IMPERSONAL_FORMAL	regex:\bil (?:ne |n')?(?:(?:nous|vous|lui|leur|me|te|m'|t') ?)?(?:en )?(?:reste|restait|restera|resterait|manque|manquait|manquera|manquerait|existe|existait|existera|arrive|arrivait|est arrivé|suffit|suffisait|suffira|s'est produit|se produit|se produisait|se passe|se passait|s'est passé)\s+(?:encore |toujours |déjà |pas |plus |bien |quand même |peut-être )?(?:un|une|des|deux|trois|quatre|cinq|six|sept|huit|neuf|dix|quelques|plusieurs|beaucoup|peu|du|de la|de l'|d'une?|certain\w*|tant|assez|trop|\d+)\b	Il reste, il manque, il existe + noun: the verb stays singular, il reste trois places.	Il reste, il manque, il existe + Nomen: Das Verb bleibt im Singular, il reste trois places.	Il reste, il manque, il existe + nom : le verbe reste au singulier, il reste trois places.	reviewed
FR2_C11_PERCEPTION_INFINITIVE	fr	C1	Verbs	perception_infinitive	Voir, entendre + infinitive: je les ai vus partir	Voir, entendre + Infinitiv: je les ai vus partir	Les verbes de perception + infinitif	1660	true	Perception verbs (voir, entendre, regarder, écouter, sentir) and laisser take a bare infinitive whose subject is the person or thing perceived: j'entends les enfants rire or j'entends rire les enfants (with a noun both orders work); an object pronoun goes before the perception verb, not before the infinitive (je les entends rire, je l'ai vue partir).	Use it to describe what you saw, heard or felt happening: witness accounts, stories, descriptions (on entendait la pluie tomber).	voir / entendre / sentir + noun + infinitive, or + infinitive + noun | pronoun + perception verb + infinitive: je les ai vus partir	With faire (B2.1) the noun always follows the infinitive (je fais réparer la voiture); after voir and entendre it may stand before or after. | Entendre dire, entendre parler de are fixed: j'ai entendu dire qu'il partait.	✗ J'ai vu les partir. → ✓ Je les ai vus partir. | ✗ J'ai entendu elle chanter. → ✓ Je l'ai entendue chanter. | ✗ Je l'ai entendu à chanter. → ✓ Je l'ai entendu chanter.	J'ai vu le bus partir sans moi. | On entendait rire les enfants dans la cour. | Je l'ai entendue chanter hier soir. | Elle sentait son cœur battre plus vite.	infinitive | pronouns | word_order | perception | narration	Je les ai vus arriver, puis j'ai entendu claquer la porte.	les=>object_pronoun=>pronoun before the perception verb||vus arriver=>perception_infinitive=>voir + bare infinitive; vus agrees with les, who arrive||entendu claquer la porte=>infinitive_first=>with a noun, the infinitive may come first	cefr | dalf_c1 | referentiel_c1	C1.1	FR2_A22_PRONOUN_POSITION | FR2_B21_CAUSATIVE	FR2_B21_CAUSATIVE | FR2_C12_PP_AGREEMENT_INFINITIVE	regex:\b(?:vois|voit|voient|voyons|voyez|voyais|voyait|voyaient|vu|vue|vus|vues|voir|verr\w*|vit|virent|entend\w*|regard\w*|écout\w*|sens|sent|sentent|sentai\w*|senti\w*|laiss\w*)\s+(?:(?:le|la|les|l'|un|une|des|du|mon|ma|mes|ton|ta|tes|son|sa|ses|leur|leurs|ce|cet|cette|ces|notre|nos|votre|vos)\s?\w+\s+)?(?!(?:votre|notre|autre|autres|entre|contre|libre|lettre|livre|titre|centre|nombre|membre|ordre|chiffre|frère|mère|père|hier|cher|mer|fier|premier|dernier|entier|quartier|métier|papier|plaisir|loisir|avenir|désir|soir|noir|espoir|hiver|lumière|matière|manière|rivière|prière|carrière|première|dernière|cadre|théâtre|maître|fenêtre|semestre|dîner|déjeuner|clair|propre|pauvre|tendre|sombre|quatre|chaque|ministre|registre|monstre|offre|œuvre|oeuvre|mystère|caractère|colère|guerre|terre|pierre|verre|air|cuir|mémoire|histoire|victoire|gloire|trottoir|couloir|bureau|tiroir|miroir|rasoir|devoirs|pire)\b)\w+(?:er|ir|re|oir)\b	Voir, entendre + bare infinitive; the pronoun goes before the perception verb: je les ai vus partir.	Voir, entendre + Infinitiv ohne Präposition; das Pronomen steht vor dem Wahrnehmungsverb: je les ai vus partir.	Voir, entendre + infinitif sans préposition ; le pronom précède le verbe de perception : je les ai vus partir.	reviewed
FR2_C11_PERIPHRASES	fr	C1	Verbs	aspect_periphrases	Faillir, être sur le point de, finir par: verbal periphrases	Faillir, être sur le point de, finir par: Verbalperiphrasen	Les périphrases verbales : faillir, être sur le point de, finir par	1670	false	A conjugated verb + (preposition +) infinitive can show the phase or outcome of an action: about to happen (être sur le point de, s'apprêter à), almost happened but did not (faillir: j'ai failli tomber), happened in the end (finir par), reached as an extreme (en venir à, aller jusqu'à) or happened by chance (venir à, mostly after si).	Use them to tell a story precisely: near misses, outcomes after a long delay, things you were about to do when something interrupted you.	être sur le point de / s'apprêter à + infinitive | avoir failli + infinitive | finir par + infinitive | en venir à / aller jusqu'à + infinitive | si + venir à + infinitive	Venir de + infinitive (A2.1) = to have just done; venir à + infinitive = to happen to (si le courant venait à manquer). | Être en train de (A2.1) is an action in progress; être sur le point de is an action about to start.	✗ J'ai failli de tomber. → ✓ J'ai failli tomber. | ✗ Il a fini à accepter. → ✓ Il a fini par accepter. | ✗ Je suis sur le point à partir. → ✓ Je suis sur le point de partir.	J'ai failli rater mon train ce matin. | Après des semaines de discussion, il a fini par accepter. | Nous étions sur le point de partir quand le téléphone a sonné. | Si le financement venait à manquer, le projet serait abandonné.	infinitive | aspect | narration | prepositions	J'étais sur le point de renoncer, j'ai même failli tout quitter, mais j'ai fini par rester.	sur le point de renoncer=>imminent=>about to happen||failli tout quitter=>near_miss=>almost happened, but did not||fini par rester=>outcome=>what happened in the end	cefr | dalf_c1 | referentiel_c1	C1.1	FR2_A21_PASSE_RECENT | FR2_B11_VERB_A_DE_INFINITIVE	FR2_A21_PASSE_RECENT | FR2_A21_EN_TRAIN_DE	regex:\b(?:sur le point d(?:e |')|(?:m'|t'|s'|nous |vous |se |me |te )appr[êe]t\w*\s+à|failli\w*|faillir|fin(?:i|ir|is|it|issons|issez|issent|ira|irait|issait)\s+par|en (?:venir|viens|vient|venons|venez|viennent|venais|venait|venaient|venu\w*|suis venu\w*|est venu\w*|sommes venu\w*|sont venu\w*|vint) à|(?:aller|allé|allée|allés|allait|allais|allaient|va|vont|ira|irait) jusqu'à\s+(?:(?:me|te|se|le|la|les|lui|leur|nous|vous|y|en)\s+|(?:m|t|s|l)')?(?!(?:votre|notre|autre|autres|entre|contre|libre|lettre|livre|titre|centre|nombre|membre|ordre|chiffre|frère|mère|père|hier|cher|mer|fier|premier|dernier|entier|quartier|métier|papier|plaisir|loisir|avenir|désir|soir|noir|espoir|hiver|lumière|matière|manière|rivière|prière|carrière|première|dernière|cadre|théâtre|maître|fenêtre|semestre|dîner|déjeuner|clair|propre|pauvre|tendre|sombre|quatre|chaque|ministre|registre|monstre|offre|œuvre|oeuvre|mystère|caractère|colère|guerre|terre|pierre|verre|air|cuir|mémoire|histoire|victoire|gloire|trottoir|couloir|bureau|tiroir|miroir|rasoir|devoirs|pire)\b)\w+(?:er|ir|re|oir)\b|(?:venait|venaient|venais|viendrait|viendraient|vient|viennent|vînt|venir) à\s+(?:(?:me|te|se|le|la|les|lui|leur|nous|vous|y|en)\s+|(?:m|t|s|l)')?(?!(?:votre|notre|autre|autres|entre|contre|libre|lettre|livre|titre|centre|nombre|membre|ordre|chiffre|frère|mère|père|hier|cher|mer|fier|premier|dernier|entier|quartier|métier|papier|plaisir|loisir|avenir|désir|soir|noir|espoir|hiver|lumière|matière|manière|rivière|prière|carrière|première|dernière|cadre|théâtre|maître|fenêtre|semestre|dîner|déjeuner|clair|propre|pauvre|tendre|sombre|quatre|chaque|ministre|registre|monstre|offre|œuvre|oeuvre|mystère|caractère|colère|guerre|terre|pierre|verre|air|cuir|mémoire|histoire|victoire|gloire|trottoir|couloir|bureau|tiroir|miroir|rasoir|devoirs|pire)\b)\w+(?:er|ir|re|oir)\b)	Être sur le point de (about to), faillir (almost), finir par (in the end) + infinitive.	Être sur le point de (gleich), faillir (beinahe), finir par (schließlich) + Infinitiv.	Être sur le point de (imminence), faillir (de justesse), finir par (aboutissement) + infinitif.	reviewed
FR2_C11_ABSOLUTE_PARTICIPLE	fr	C1	Syntax	absolute_participle	Le repas terminé…: the absolute participle clause	Le repas terminé…: die absolute Partizipialkonstruktion	La proposition participiale : le repas terminé…	1680	false	A noun + participle with no verb and no conjunction (le repas terminé, la nuit tombant, les invités partis) forms a participle clause with its own subject; it expresses time, cause or condition, the past participle agrees with that noun, and a comma separates it from the main clause.	Use it in written narration, reports and summaries to replace une fois que…, comme…, quand… with a tighter construction: les contrats signés, les travaux ont commencé.	noun + participe passé (agrees with the noun) / participe présent, + main clause	In the participe présent unit (B2.1) the participle refers to the main subject (étant malade, il est resté); here the noun before the participle is its own subject (sa mère étant malade, il est resté). | Une fois arrivé (C1.1) also has no verb, but its subject is the subject of the main clause.	✗ La décision pris, on a quitté la salle. → ✓ La décision prise, on a quitté la salle. | ✗ Les travaux terminées, la rue a rouvert. → ✓ Les travaux terminés, la rue a rouvert.	Le repas terminé, chacun est rentré chez soi. | La nuit tombant, les promeneurs ont pressé le pas. | Les contrats signés, l'entreprise a pu commencer les travaux. | Sa décision prise, elle n'a plus jamais hésité.	participle | agreement | narration | writing | formal_register	Les bagages enregistrés, nous sommes allés prendre un café.	Les bagages=>own_subject=>the clause has its own subject||enregistrés=>participle=>participe passé agreeing with bagages||nous sommes allés=>main_clause=>main clause with a different subject	cefr | dalf_c1 | referentiel_c1	C1.1	FR2_B21_PARTICIPE_PRESENT | FR2_A21_PC_ETRE	FR2_B21_PARTICIPE_PRESENT | FR2_C11_UNE_FOIS_SITOT	regex:(?:^|[.!?;]\s+)(?:(?:le|la|les|un|une|ce|cet|cette|ces|mon|ma|mes|son|sa|ses|leur|leurs|notre|nos|votre|vos)\s|l')\w+(?:\s(?!(?:est|sont|a|ont|était|étaient|avait|avaient|sera|seront|serait|semble|semblait|paraît|reste|restait|devient|fut|furent|eut)\b)\w+)?\s(?!(?:quoi|moi|toi|lui|aussi|ici|oui|parmi|ainsi|voici|demi|puis|depuis|mais|jamais|plus|tous)\b)(?:\w+(?:é|ée|és|ées|i|ie|is|ies|u|ue|us|ues|it|ite|its|ites|ise|ises|ert|erte|erts|ertes|int|inte|ints)|(?!souvent|moment|comment)\w+ant)\b(?:\s(?!(?:est|sont|a|ont|était|étaient|avait|avaient|sera|seront|serait|semble|semblait|paraît|reste|restait|devient|fut|furent|eut)\b)[\w']+){0,3}\s*,	Noun + participle, main clause: le repas terminé, on est partis; the participle agrees with its own noun.	Nomen + Partizip, Hauptsatz: le repas terminé, on est partis; das Partizip richtet sich nach seinem eigenen Nomen.	Nom + participe, proposition principale : le repas terminé, on est partis ; le participe s'accorde avec son nom.	reviewed
FR2_C11_UNE_FOIS_SITOT	fr	C1	Syntax	une_fois_participle	Une fois arrivé, sitôt dit: participle after a time adverb	Une fois arrivé, sitôt dit: Partizip nach einem Zeitadverb	Une fois arrivé, sitôt dit : le participe après un adverbe de temps	1690	false	Une fois, sitôt, aussitôt and à peine can be followed directly by a past participle, with no que and no verb (une fois arrivée, elle a appelé; sitôt dit, sitôt fait); the implied subject is the subject of the main clause, so the participle agrees with it, and both must refer to the same person.	Use it in narration, instructions and emails to chain two actions quickly: une fois inscrits, vous recevrez un code.	une fois / sitôt / aussitôt / à peine + participe passé (agrees with the main subject), + main clause	Une fois que + verb (B1.1) is the full clause; une fois + participle is its compact form. | Le repas terminé (C1.1) has its own subject; une fois arrivé borrows the main subject.	✗ Une fois arrivé à l'hôtel, la chambre était déjà prête. → ✓ Une fois arrivé à l'hôtel, j'ai trouvé la chambre prête. | ✗ Une fois rentré, Marie a dîné. → ✓ Une fois rentrée, Marie a dîné. | ✗ Sitôt que dit, sitôt fait. → ✓ Sitôt dit, sitôt fait.	Une fois arrivés à Lyon, nous vous appellerons. | Sitôt rentrée, elle s'est mise au travail. | À peine installé, il a demandé à changer de bureau. | Sitôt dit, sitôt fait.	participle | agreement | time | narration	Une fois installée dans son nouveau bureau, Claire a appelé ses clients.	Une fois=>time_adverb=>une fois, with no que and no verb||installée=>participle=>agrees with Claire, the main subject||Claire a appelé=>main_clause=>same subject as the participle	cefr | dalf_c1 | referentiel_c1	C1.1	FR2_B11_TEMPORAL_FUTURE | FR2_A21_PC_ETRE	FR2_C11_ABSOLUTE_PARTICIPLE | FR2_B11_TEMPORAL_FUTURE	regex:(?:^|[.!?,;:]\s*)(?:une fois|sitôt|aussitôt|à peine)\s+(?:(?:le|la|les|l'|son|sa|ses|leur|leurs|ce|cette|ces)\s?\w+\s+)?(?!(?:que|qu|par|pour|de|dans|en|là|la|le|tout|eut|fut|eurent|furent|encore|seulement)\b)\w+(?:é|ée|és|ées|i|ie|is|ies|u|ue|us|ues|it|ite|its|ites|ise|ises|ert|erte|erts|ertes|int|inte|ints|ait|aite|aits|aites)\b	Une fois, sitôt, à peine + participle: une fois arrivée, elle a appelé; same subject as the main clause.	Une fois, sitôt, à peine + Partizip: une fois arrivée, elle a appelé; gleiches Subjekt wie im Hauptsatz.	Une fois, sitôt, à peine + participe : une fois arrivée, elle a appelé ; même sujet que la principale.	reviewed
FR2_C11_AVOIR_BEAU	fr	C1	Connectors	avoir_beau	Avoir beau + infinitive: however hard I try	Avoir beau + Infinitiv: so sehr ich mich auch bemühe	Avoir beau + infinitif	1700	false	Avoir beau + infinitive expresses an effort that changes nothing (j'ai beau chercher, je ne trouve pas = however hard I look, I can't find it); avoir is conjugated, beau never changes, and the second clause states what happens anyway, with no conjunction such as mais.	Use it to express frustration or resignation in speech and writing: tu as beau dire, ça ne changera rien.	subject + avoir (any tense) + beau + infinitive, + result clause (no mais)	Bien que + subjonctif (B2.1) is the neutral concession; avoir beau adds that the effort was real and useless. | Même si (B2.1) + indicatif states a hypothesis; avoir beau states a real, often repeated effort.	✗ Elles ont belles essayer, ça ne marche pas. → ✓ Elles ont beau essayer, ça ne marche pas. | ✗ J'ai beau de chercher, je ne trouve rien. → ✓ J'ai beau chercher, je ne trouve rien. | ✗ J'ai beau chercher, mais je ne trouve rien. → ✓ J'ai beau chercher, je ne trouve rien.	J'ai beau chercher, je ne retrouve pas mes clés. | Tu auras beau insister, il ne changera pas d'avis. | Elle avait beau être fatiguée, elle a terminé le rapport. | Nous avons eu beau expliquer la situation, personne ne nous a crus.	concession | infinitive | connectors | speaking	Il a beau répéter qu'il est innocent, personne ne le croit.	a beau=>avoir_beau=>avoir conjugated, beau invariable||répéter=>infinitive=>the useless effort||personne ne le croit=>result=>what happens anyway, no conjunction	cefr | dalf_c1 | referentiel_c1	C1.1	FR2_B21_CONCESSION_SUBJ | FR2_B11_PREP_INFINITIVE	FR2_B21_CONCESSION_SUBJ | FR2_C11_QUAND_BIEN_MEME	regex:\b(?:ai|as|a|avons|avez|ont|avais|avait|avions|aviez|avaient|aurai|auras|aura|aurons|aurez|auront|aurais|aurait|aurions|auriez|auraient|eut|eurent|aie|aies|ait|aient)\s+(?:eu\s+)?beau\s+(?:(?:me|te|se|le|la|les|lui|leur|nous|vous|y|en)\s+|(?:m|t|s|l)'){0,2}(?!(?:votre|notre|autre|autres|entre|contre|libre|lettre|livre|titre|centre|nombre|membre|ordre|chiffre|frère|mère|père|hier|cher|mer|fier|premier|dernier|entier|quartier|métier|papier|plaisir|loisir|avenir|désir|soir|noir|espoir|hiver|lumière|matière|manière|rivière|prière|carrière|première|dernière|cadre|théâtre|maître|fenêtre|semestre|dîner|déjeuner|clair|propre|pauvre|tendre|sombre|quatre|chaque|ministre|registre|monstre|offre|œuvre|oeuvre|mystère|caractère|colère|guerre|terre|pierre|verre|air|cuir|mémoire|histoire|victoire|gloire|trottoir|couloir|bureau|tiroir|miroir|rasoir|devoirs|pire)\b)\w+(?:er|ir|re|oir)\b	Avoir beau + infinitive = however much: j'ai beau chercher, je ne trouve rien.	Avoir beau + Infinitiv = so sehr … auch: j'ai beau chercher, je ne trouve rien.	Avoir beau + infinitif : l'effort ne change rien, j'ai beau chercher, je ne trouve rien.	reviewed
FR2_C11_QUAND_BIEN_MEME	fr	C1	Conditionals	quand_bien_meme	Quand bien même + conditionnel: even if	Quand bien même + Conditionnel: selbst wenn	Quand bien même + conditionnel	1710	false	Quand bien même introduces an imagined concession, stronger and more formal than même si, and takes the conditionnel (quand bien même il pleuvrait, je sortirais = even if it rained); the main clause is usually in the conditionnel too, or in the présent or futur for a firm decision.	Use it in argument and formal speech to say that even the most extreme case would not change your position.	quand bien même + conditionnel, + conditionnel / présent / futur	Même si (B2.1) never takes the conditionnel: même s'il pleuvait, je sortirais; quand bien même requires it: quand bien même il pleuvrait. | Quand même in the middle of a clause (A2) means anyway: je viendrai quand même.	✗ Quand bien même il pleuvait, je sortirais. → ✓ Quand bien même il pleuvrait, je sortirais. | ✗ Même s'il pleuvrait, je sortirais. → ✓ Même s'il pleuvait, je sortirais. | ✗ Quand bien même qu'il le voudrait, il ne pourrait pas. → ✓ Quand bien même il le voudrait, il ne pourrait pas.	Quand bien même il s'excuserait, je ne lui pardonnerais pas. | Quand bien même nous aurions les moyens, nous ne partirions pas. | Je refuserai, quand bien même on me proposerait le double.	concession | conditionnel | hypothesis | formal_register | argument	Quand bien même tu aurais raison, il faudrait le dire autrement.	Quand bien même=>concession_hypothesis=>even if (formal)||aurais=>conditionnel=>conditionnel after quand bien même||faudrait=>main_clause=>conditionnel in the main clause too	cefr | dalf_c1 | referentiel_c1	C1.1	FR2_B21_CONCESSION | FR2_B11_CONDITIONAL	FR2_B21_CONCESSION | FR2_C11_AVOIR_BEAU	regex:\bquand bien même\b	Quand bien même + conditionnel = even if: quand bien même il pleuvrait, je sortirais.	Quand bien même + Conditionnel = selbst wenn: quand bien même il pleuvrait, je sortirais.	Quand bien même + conditionnel : quand bien même il pleuvrait, je sortirais.	reviewed
FR2_C11_QUI_QUE_QUOI_QUE	fr	C1	Pronouns	concessive_indefinites	Qui que, quoi que, où que + subjonctif: whoever, whatever, wherever	Qui que, quoi que, où que + Subjonctif: wer auch immer, was auch immer, wo auch immer	Qui que, quoi que, où que + subjonctif	1720	true	Qui que, quoi que and où que (whoever, whatever, wherever) open a concessive clause in the subjonctif saying that the person, thing or place makes no difference (où que tu ailles, quoi qu'il dise, qui que vous soyez); quoi que in two words means whatever, while quoique in one word means although.	Use them to state that something holds in every case: promises, rules, conclusions (quoi qu'il en soit = in any case).	qui que + être (subjonctif) / quoi que / où que + subject + subjonctif, + main clause | quoi qu'il en soit, …	Quoique (B2.1) = bien que, although: quoiqu'il fasse beau, il a froid; quoi que = whatever: quoi qu'il fasse, il a tort. | N'importe qui, n'importe où (B2.2) are pronouns inside a clause; qui que, où que open a concessive clause with its own verb.	✗ Quoiqu'il dise, je ne le crois pas. → ✓ Quoi qu'il dise, je ne le crois pas. | ✗ Où que tu vas, je te suivrai. → ✓ Où que tu ailles, je te suivrai. | ✗ Qui que vous êtes, entrez. → ✓ Qui que vous soyez, entrez.	Où que tu ailles, je penserai à toi. | Quoi qu'il arrive, on reste en contact. | Qui que vous soyez, vous devez attendre votre tour. | Quoi qu'il en soit, la décision est prise.	subjonctif | concession | pronouns | spelling	Quoi que tu décides, où que tu partes, tu pourras compter sur moi.	Quoi que=>whatever=>two words: whatever||décides=>subjonctif=>the clause takes the subjonctif||où que tu partes=>wherever=>où que + subjonctif	cefr | dalf_c1 | referentiel_c1	C1.1	FR2_B21_CONCESSION_SUBJ | FR2_B12_SUBJ_IRREGULAR	FR2_B21_CONCESSION_SUBJ | FR2_B22_INDEFINITES_ADVANCED	regex:\b(?:quoi qu(?:e |')|qui que |où qu(?:e |'))	Quoi que, qui que, où que + subjonctif = whatever, whoever, wherever; quoique (one word) = although.	Quoi que, qui que, où que + Subjonctif = was, wer, wo auch immer; quoique = obwohl.	Quoi que, qui que, où que + subjonctif : peu importe quoi, qui, où ; quoique = bien que.	reviewed
FR2_C11_QUEL_QUE_SOIT	fr	C1	Determiners	quel_que_soit	Quel que soit, quelques… que: whatever the…	Quel que soit, quelques… que: welcher … auch immer	Quel que soit, quelques… que	1730	false	Quel que soit + noun (whatever the …) is written in three words and quel agrees with the noun that follows the verb, which is in the subjonctif (quelle que soit l'heure, quels que soient les risques); quelque(s) + noun + que + subjonctif says the same with the noun inside the clause (quelques efforts qu'il fasse).	Use it in formal speech, rules and essays to say a condition holds for every possible value: quel que soit le résultat, quelles que soient vos raisons.	quel / quelle / quels / quelles + que + soit / soient + noun | quelque(s) + noun + que + subjonctif	Quelque(s) without que (A2.2) simply means some: quelques amis. | Qui que, quoi que (C1.1) stand for a person or a thing; quel que soit introduces a noun.	✗ Quelque soit le prix, je l'achète. → ✓ Quel que soit le prix, je l'achète. | ✗ Quel que soit les risques, on continue. → ✓ Quels que soient les risques, on continue. | ✗ Quels que soient vos raisons, … → ✓ Quelles que soient vos raisons, …	Quel que soit le résultat, nous serons fiers de vous. | Quelles que soient vos raisons, ce retard n'est pas acceptable. | Quelques efforts qu'il fasse, il n'obtient jamais de félicitations. | Quels que soient les risques, l'équipe a décidé de continuer.	subjonctif | agreement | concession | spelling | formal_register	Quelle que soit la saison, quels que soient les prix, ce village attire du monde.	Quelle que soit=>quel_que=>agrees with saison (feminine singular)||quels que soient=>quel_que=>masculine plural, verb in the plural||les prix=>noun=>the noun comes after soit	cefr | dalf_c1 | referentiel_c1	C1.1	FR2_C11_QUI_QUE_QUOI_QUE | FR2_A22_INDEFINITES	FR2_C11_QUI_QUE_QUOI_QUE | FR2_C11_SI_ADJ_QUE	regex:\bquel(?:le)?s? qu(?:e |')(?:soi[ts]|soient|fût|fussent|puisse\w*|ait|aient)\b|(?:^|[.!?;]\s+)quelques? (?!(?:chose|part|temps|peu|fois)\b)\w+ qu(?:e |')	Quel que soit + noun = whatever the…; quel agrees with the noun: quelles que soient vos raisons.	Quel que soit + Nomen = egal welcher; quel richtet sich nach dem Nomen: quelles que soient vos raisons.	Quel que soit + nom ; quel s'accorde avec le nom : quelles que soient vos raisons.	reviewed
FR2_C11_SI_ADJ_QUE	fr	C1	Connectors	concession_degree	Si étrange que cela paraisse: concession by degree	Si étrange que cela paraisse: Einräumung über den Grad	Si étrange que cela paraisse : la concession de degré	1740	false	Si, aussi, pour or quelque + adjective (or adverb) + que + subjonctif concedes a degree that changes nothing (si riche qu'il soit, il n'est pas heureux = however rich he is); quelque is invariable here, and tout + adjective + que traditionally takes the indicatif (tout riche qu'il est) because it admits the quality as a fact.	Use it in essays and formal speech to grant a quality fully before moving on: aussi surprenant que cela puisse paraître…	si / aussi / pour / quelque + adjective + que + subjonctif | tout + adjective (or noun) + que + indicatif	Si … que in consequence (B2.1) puts the verb first: il est si fatigué qu'il dort; in concession the adjective comes first and the verb is subjonctif: si fatigué qu'il soit. | Bien que (B2.1) concedes a fact; si … que concedes a degree.	✗ Si fatigué qu'il est, il continue. → ✓ Si fatigué qu'il soit, il continue. | ✗ Aussi étrange que cela paraît, c'est vrai. → ✓ Aussi étrange que cela paraisse, c'est vrai. | ✗ Quelques intelligents qu'ils soient, ils se trompent. → ✓ Quelque intelligents qu'ils soient, ils se trompent.	Si étrange que cela puisse paraître, il n'a jamais quitté son village. | Aussi talentueuse qu'elle soit, elle doit encore faire ses preuves. | Pour intéressant que soit ce projet, il reste trop cher. | Tout ministre qu'il est, il doit respecter la loi.	concession | subjonctif | word_order | formal_register | essay	Si brillants que soient ses résultats, il reste modeste.	Si brillants=>degree=>si + adjective: the degree conceded||que soient=>subjonctif=>que + subjonctif (here with the subject after the verb)||il reste modeste=>main_clause=>the degree changes nothing	cefr | dalf_c1 | referentiel_c1	C1.1	FR2_B21_CONCESSION_SUBJ | FR2_A21_COMPARATIVE	FR2_B21_CONSEQUENCE_ADVANCED | FR2_C11_QUEL_QUE_SOIT	regex:(?:^|[.!?,;:]\s*)(?:si|aussi|pour|quelque|tout|toute|toutes)\s+(?!(?:ce|ça|cela|le|la|les|de|en|il|elle|on|tu|je|vous|nous|ils|elles|bien|peu|tant|autant|longtemps|vite|loin|tôt|souvent|comme)\b)\w+\s+qu(?:e |')(?!(?:possible|prévu|d'habitude|avant|jamais|toujours|lui|moi|toi|eux)\b)	Si / aussi + adjective + que + subjonctif = however…: si étrange que cela paraisse.	Si / aussi + Adjektiv + que + Subjonctif = so … auch: si étrange que cela paraisse.	Si / aussi + adjectif + que + subjonctif : si étrange que cela paraisse.	reviewed
FR2_C11_CERTES_MAIS	fr	C1	Connectors	concession_refutation	Certes… mais, il est vrai que… toutefois: grant, then refute	Certes… mais, il est vrai que… toutefois: einräumen, dann widerlegen	Certes… mais : le mouvement concession-réfutation	1750	false	A balanced argument first grants the opposing point with certes, il est vrai que, sans doute or bien sûr, then turns it with mais, toutefois, néanmoins, cependant or il n'en reste pas moins que; the conceded point is in the indicative, and the weight of the sentence falls on the second part.	Use it in essays, debates and formal letters to show you have considered the other side before defending your own: the core move of the DALF essai argumenté.	Certes / Il est vrai que / Sans doute + conceded point, mais / toutefois / il n'en reste pas moins que + your position	Bien que (B2.1) puts the concession in one subordinate clause with the subjonctif; certes … mais spreads it over two clauses in the indicative. | Sans doute at the start of a clause in writing triggers inversion (B2.2): sans doute a-t-il raison, mais…	✗ Certes que le projet est cher, mais il est utile. → ✓ Certes, le projet est cher, mais il est utile. | ✗ Il est vrai que ce soit difficile, mais c'est possible. → ✓ Il est vrai que c'est difficile, mais c'est possible. | ✗ Il n'en reste pas moins qu'il ait tort. → ✓ Il n'en reste pas moins qu'il a tort.	Certes, le télétravail fait gagner du temps, mais il isole les salariés. | Il est vrai que la mesure coûte cher ; toutefois, elle sauvera des vies. | Sans doute les chiffres sont-ils encourageants, mais il faut rester prudent. | Le projet a ses défauts ; il n'en reste pas moins que c'est le meilleur.	argument | concession | connectors | essay | debate	Certes, la réforme est impopulaire ; il n'en reste pas moins qu'elle est nécessaire.	Certes=>concession=>grants the opposing point||il n'en reste pas moins qu'=>refutation=>turns the argument: it remains true that||est nécessaire=>position=>your position, in the indicative	cefr | dalf_c1 | referentiel_c1	C1.1	FR2_B21_CONCESSION | FR2_B22_ARGUMENT	FR2_B21_CONCESSION_SUBJ | FR2_C11_LOIN_DE	regex:\bcertes\b|\bil (?:est|était) vrai qu(?:e |')[^.!?]{3,120}?\b(?:mais|toutefois|cependant|néanmoins|pourtant)\b|\bil n'en (?:reste|demeure) pas moins qu(?:e |')|(?:^|[.!?;]\s+)sans doute\b[^.!?]{3,120}?\bmais\b	Grant with certes or il est vrai que, then turn with mais or toutefois: your point comes second.	Mit certes oder il est vrai que einräumen, mit mais oder toutefois wenden: Dein Punkt kommt zuletzt.	Concédez avec certes ou il est vrai que, puis réfutez avec mais ou toutefois.	reviewed
FR2_C11_LOIN_DE	fr	C1	Connectors	loin_de_refutation	Loin de + infinitive: far from…, on the contrary	Loin de + Infinitiv: weit davon entfernt…, im Gegenteil	Loin de + infinitif : la réfutation	1760	false	Loin de + infinitive (or noun) rejects an expected idea and announces the opposite (loin de me décourager, cette critique m'a motivée); the infinitive shares the subject of the main clause, and the reversal is often stressed with au contraire or bien au contraire.	Use it in argument to overturn a predictable reaction: loin de calmer les esprits, la mesure a provoqué la colère.	Loin de + infinitive / noun, + main clause (au contraire …) | …, bien au contraire.	Au lieu de (B2.2) replaces one action with another; loin de denies an expected effect. | Loin de in space (loin de Paris) is A2; here it is figurative.	✗ Loin à m'aider, il m'a gêné. → ✓ Loin de m'aider, il m'a gêné. | ✗ Loin de m'aider, mais il m'a gêné. → ✓ Loin de m'aider, il m'a gêné. | ✗ Loin de résoudre le problème, la situation s'est aggravée avec sa décision. → ✓ Loin de résoudre le problème, sa décision l'a aggravé.	Loin de calmer les esprits, cette annonce a provoqué la colère. | Loin d'être un échec, ce voyage a été une révélation. | Cette critique, loin de la décourager, l'a poussée à continuer. | Je ne suis pas contre, bien au contraire.	argument | refutation | infinitive | connectors | essay	Loin de ralentir l'économie, cette mesure l'a au contraire relancée.	Loin de=>refutation=>rejects the expected effect||ralentir=>infinitive=>same subject as the main clause (cette mesure)||au contraire=>reversal=>stresses the opposite	cefr | dalf_c1 | referentiel_c1	C1.1	FR2_B11_PREP_INFINITIVE | FR2_B22_PREPOSITIONS_ADVANCED	FR2_B22_PREPOSITIONS_ADVANCED | FR2_C11_CERTES_MAIS	regex:\bloin d(?:e |')(?:(?:me|te|se|le|la|les|lui|leur|nous|vous|y|en)\s+|(?:m|t|s|l)'){0,2}(?!(?:votre|notre|autre|autres|entre|contre|libre|lettre|livre|titre|centre|nombre|membre|ordre|chiffre|frère|mère|père|hier|cher|mer|fier|premier|dernier|entier|quartier|métier|papier|plaisir|loisir|avenir|désir|soir|noir|espoir|hiver|lumière|matière|manière|rivière|prière|carrière|première|dernière|cadre|théâtre|maître|fenêtre|semestre|dîner|déjeuner|clair|propre|pauvre|tendre|sombre|quatre|chaque|ministre|registre|monstre|offre|œuvre|oeuvre|mystère|caractère|colère|guerre|terre|pierre|verre|air|cuir|mémoire|histoire|victoire|gloire|trottoir|couloir|bureau|tiroir|miroir|rasoir|devoirs|pire)\b)\w+(?:er|ir|re|oir)\b|\b(?:bien|tout) au contraire\b	Loin de + infinitive rejects the expected effect: loin de m'aider, il m'a gêné.	Loin de + Infinitiv weist die erwartete Wirkung zurück: loin de m'aider, il m'a gêné.	Loin de + infinitif rejette l'effet attendu : loin de m'aider, il m'a gêné.	reviewed
FR2_C11_POUR_AUTANT	fr	C1	Connectors	pour_autant	Pour autant, sans pour autant: it doesn't follow that	Pour autant, sans pour autant: daraus folgt nicht, dass	Pour autant, sans pour autant	1770	false	Pour autant (for all that) is used in a negative or questioning clause to deny an expected consequence (il est riche ; il n'est pas heureux pour autant); sans pour autant + infinitive does the same inside one sentence (il a critiqué le projet sans pour autant le rejeter); at the head of a sentence, pour autant means however.	Use it in argument to block a hasty conclusion: les résultats sont bons, faut-il pour autant crier victoire ?	negation or question + pour autant | sans pour autant + infinitive | Pour autant, + clause (= however)	Pourtant (B1.2) marks surprise (yet); pour autant denies that something follows (not … for all that). | Pour autant que + subjonctif (C1.2) is a restrictive hypothesis: pour autant que je sache = as far as I know.	✗ Il est riche, il est pour autant malheureux. → ✓ Il est riche ; il n'est pas heureux pour autant. | ✗ Il a critiqué le projet sans pour autant de le rejeter. → ✓ Il a critiqué le projet sans pour autant le rejeter. | ✗ Il pleuvait ; il est pour autant sorti. → ✓ Il pleuvait ; il est pourtant sorti.	Le chômage baisse ; la pauvreté n'a pas disparu pour autant. | Elle a quitté le parti sans pour autant renoncer à la politique. | Faut-il pour autant interdire les voitures en ville ? | Les résultats sont bons. Pour autant, rien n'est encore gagné.	argument | connectors | negation | nuance | essay	Il a reconnu ses erreurs sans pour autant présenter d'excuses, et rien n'a changé pour autant.	sans pour autant=>denied_consequence=>sans pour autant + infinitive||présenter=>infinitive=>same subject (il)||rien n'a changé pour autant=>negative_clause=>negation + pour autant: it did not follow	cefr | dalf_c1 | referentiel_c1	C1.1	FR2_B12_OPPOSITION | FR2_B11_NEG_INFINITIVE	FR2_B12_OPPOSITION | FR2_C12_SI_TANT_EST_QUE	regex:\bpour autant\b(?!\s+qu)	Negation + pour autant = it doesn't follow: il est riche, il n'est pas heureux pour autant.	Verneinung + pour autant = daraus folgt nicht: il est riche, il n'est pas heureux pour autant.	Négation + pour autant : la conséquence attendue ne suit pas, il n'est pas heureux pour autant.	reviewed
FR2_C11_QUITTE_A	fr	C1	Connectors	quitte_a	Quitte à + infinitive: even if it means	Quitte à + Infinitiv: auch wenn das heißt	Quitte à + infinitif	1780	false	Quitte à + infinitive (even if it means, at the cost of) presents a price the speaker knowingly accepts to reach a goal (je pars tôt, quitte à attendre à la gare); it shares the subject of the main clause and quitte never changes; at the start of a sentence quitte à … , autant … means if we're going to … anyway, we might as well ….	Use it to justify a choice by naming its cost: decisions, negotiations, advice.	main clause, quitte à + infinitive | Quitte à + infinitive, autant + infinitive	Au risque de + infinitive names a danger you run; quitte à names a cost you accept on purpose. | Même si (B2.1) concedes a fact; quitte à accepts a consequence.	✗ Je dis la vérité, quitte de le fâcher. → ✓ Je dis la vérité, quitte à le fâcher. | ✗ Nous partons, quittes à rater le début. → ✓ Nous partons, quitte à rater le début. | ✗ Je préfère partir, quitte à que je rate le début. → ✓ Je préfère partir, quitte à rater le début.	Je préfère dire la vérité, quitte à le décevoir. | Quitte à partir en vacances, autant choisir un endroit calme. | Elle a refusé l'offre, quitte à rester sans emploi quelques mois.	connectors | infinitive | argument | speaking	Nous terminerons ce soir, quitte à rentrer un peu plus tard.	Nous terminerons ce soir=>goal=>the goal you keep||quitte à=>accepted_cost=>even if it means||rentrer=>infinitive=>same subject (nous)	cefr | dalf_c1 | referentiel_c1	C1.1	FR2_B11_PREP_INFINITIVE | FR2_B21_CONCESSION	FR2_B21_CONCESSION | FR2_C11_AVOIR_BEAU	regex:\bquitte à\s+(?:tout |rien |bien )?(?:(?:me|te|se|le|la|les|lui|leur|nous|vous|y|en)\s+|(?:m|t|s|l)'){0,2}(?!(?:votre|notre|autre|autres|entre|contre|libre|lettre|livre|titre|centre|nombre|membre|ordre|chiffre|frère|mère|père|hier|cher|mer|fier|premier|dernier|entier|quartier|métier|papier|plaisir|loisir|avenir|désir|soir|noir|espoir|hiver|lumière|matière|manière|rivière|prière|carrière|première|dernière|cadre|théâtre|maître|fenêtre|semestre|dîner|déjeuner|clair|propre|pauvre|tendre|sombre|quatre|chaque|ministre|registre|monstre|offre|œuvre|oeuvre|mystère|caractère|colère|guerre|terre|pierre|verre|air|cuir|mémoire|histoire|victoire|gloire|trottoir|couloir|bureau|tiroir|miroir|rasoir|devoirs|pire)\b)\w+(?:er|ir|re|oir)\b	Quitte à + infinitive = even if it means: je pars tôt, quitte à attendre.	Quitte à + Infinitiv = auch wenn das heißt: je pars tôt, quitte à attendre.	Quitte à + infinitif : on accepte le prix, je pars tôt, quitte à attendre.	reviewed
FR2_C11_CAUSE_NUANCED	fr	C1	Connectors	cause_nuanced	D'autant plus que, dans la mesure où: nuanced causes	D'autant plus que, dans la mesure où: abgestufte Begründungen	D'autant plus que, dans la mesure où : la cause nuancée	1790	false	D'autant plus que (all the more since) adds a cause that reinforces what was just said (je reste, d'autant plus qu'il pleut), d'autant moins que works the other way, and d'autant que is a lighter variant; dans la mesure où (insofar as, since) presents a cause as a condition or a limit; all of them take the indicatif.	Use them in argument to weight your reasons: an extra reason that strengthens the claim, or a reason that holds only to a certain extent.	statement, d'autant plus / moins que + indicatif | adjective + d'autant plus / moins + … que | dans la mesure où + indicatif	Puisque, vu que (B2.1) state a known cause; d'autant plus que adds an extra one that strengthens the statement. | En ce sens que (C1.2) explains in what way something is true; dans la mesure où says because, or to what extent.	✗ D'autant plus qu'il soit tard, je rentre. → ✓ Je rentre, d'autant plus qu'il est tard. | ✗ Dans la mesure que vous êtes d'accord, nous signons. → ✓ Dans la mesure où vous êtes d'accord, nous signons. | ✗ Je suis d'autant plus content car tu es là. → ✓ Je suis d'autant plus content que tu es là.	Je ne sortirai pas ce soir, d'autant plus que je dois me lever tôt. | Cette erreur est d'autant moins excusable qu'on l'avait prévenu. | Dans la mesure où tout le monde est d'accord, nous pouvons signer. | Le dossier est urgent, d'autant que le client attend depuis mars.	cause | connectors | argument | essay	Le projet est risqué, d'autant plus que le budget est serré ; dans la mesure où rien n'est signé, nous pouvons encore renoncer.	d'autant plus que=>reinforcing_cause=>an extra reason that strengthens the statement||dans la mesure où=>conditional_cause=>insofar as, since||rien n'est signé=>indicative=>both take the indicative	cefr | dalf_c1 | referentiel_c1	C1.1	FR2_B21_CAUSE_ADVANCED | FR2_A21_COMPARATIVE	FR2_B21_CAUSE_ADVANCED | FR2_C12_REFORMULATION	regex:\bd'autant (?:plus |moins |mieux )?qu(?:e |')|\bd'autant (?:plus|moins|mieux)\b[^.!?]{1,60}?\bqu(?:e |')|\bdans la mesure où\b	D'autant plus que = all the more since; dans la mesure où = insofar as; both + indicatif.	D'autant plus que = umso mehr, als; dans la mesure où = insofern; beide + Indikativ.	D'autant plus que renforce la cause ; dans la mesure où la limite ; tous deux + indicatif.	reviewed
FR2_C11_SOUS_PRETEXTE_NON_QUE	fr	C1	Connectors	disputed_rejected_cause	Sous prétexte que, non que: doubted and rejected causes	Sous prétexte que, non que: angezweifelte und verworfene Gründe	Sous prétexte que, non que : la cause contestée ou rejetée	1800	false	Sous prétexte que + indicatif reports a cause the speaker does not believe (il n'est pas venu sous prétexte qu'il était malade), sous prétexte de + infinitive with the same subject; non que, non pas que and ce n'est pas que + subjonctif reject a possible cause before the real one is given (non qu'il soit méchant, mais il est maladroit).	Use them to distance yourself from an excuse, or to rule out a misunderstanding before giving your real reason: in letters, debates, reviews.	sous prétexte que + indicatif / sous prétexte de + infinitive | non (pas) que / ce n'est pas que + subjonctif, mais + real cause (indicatif)	Parce que (A2.1) gives a cause you accept; sous prétexte que gives one you doubt. | Ce n'est pas parce que … que + indicatif also rejects a cause: ce n'est pas parce qu'il est riche qu'il a raison.	✗ Non qu'il est méchant, mais il est maladroit. → ✓ Non qu'il soit méchant, mais il est maladroit. | ✗ Il est parti sous prétexte qu'il soit malade. → ✓ Il est parti sous prétexte qu'il était malade. | ✗ Ce n'est pas que je refuse, mais j'ai besoin que je réfléchisse. → ✓ Ce n'est pas que je refuse, mais j'ai besoin de réfléchir.	Il a refusé de venir sous prétexte qu'il avait trop de travail. | Elle part toujours tôt sous prétexte de ne pas rater son bus. | Je ne l'invite plus, non qu'il soit désagréable, mais il parle trop. | Ce n'est pas que je refuse, mais j'ai besoin de réfléchir.	cause | subjonctif | connectors | argument	Il a annulé le dîner sous prétexte qu'il était fatigué ; non qu'il mente, mais il exagère.	sous prétexte qu'=>disputed_cause=>a cause the speaker doubts||était=>indicative=>sous prétexte que + indicatif||non qu'il mente=>rejected_cause=>non que + subjonctif rules a cause out	cefr | dalf_c1 | referentiel_c1	C1.1	FR2_B21_CAUSE_ADVANCED | FR2_B12_SUBJ_FORM	FR2_B21_CAUSE_ADVANCED | FR2_C11_CAUSE_NUANCED	regex:\bsous (?:le )?prétexte (?:qu(?:e |')|d(?:e |'))|(?:^|[,;:.]\s*)non (?:pas )?qu(?:e |')(?:je|j'|tu|il|elle|on|nous|vous|ils|elles|cela|ce|ça|le|la|les|l')|\bce n'(?:est|était) pas qu(?:e (?:je|j'|tu|il|elle|on|nous|vous|ils|elles|ce|cela|ça)\b|'(?:il|elle|on|ils|elles)\b)	Sous prétexte que + indicatif doubts a cause; non que + subjonctif rejects one.	Sous prétexte que + Indikativ zweifelt einen Grund an; non que + Subjonctif verwirft einen.	Sous prétexte que + indicatif met en doute une cause ; non que + subjonctif l'écarte.	reviewed
FR2_C11_ANAPHORA_CE_DERNIER	fr	C1	Pronouns	anaphora_ce_dernier	Ce dernier, celui-ci, le premier… le second: referring back clearly	Ce dernier, celui-ci, le premier… le second: eindeutig zurückverweisen	Ce dernier, celui-ci, le premier… le second : l'anaphore sans ambiguïté	1810	false	To refer back without ambiguity, written French uses ce dernier / cette dernière (the last one named), celui-ci / celle-ci (the nearer one, the latter) and celui-là (the former), or le premier … le second when two items have been named; each agrees in gender and number with the noun it replaces.	Use them in reports, summaries and essays whenever il or elle could refer to two different people or things.	noun A … noun B ; ce dernier / celui-ci (= B) … celui-là (= A) | le premier (= A), le second (= B)	Il / elle can be ambiguous after two nouns of the same gender: Paul a appelé Marc ; il était furieux (who?) / ce dernier était furieux (Marc). | Celui-ci / celui-là as demonstratives (A2.2) point at objects; here they point back in a text.	✗ J'ai écrit à la directrice, mais ce dernier n'a pas répondu. → ✓ J'ai écrit à la directrice, mais cette dernière n'a pas répondu. | ✗ Marie a parlé à sa sœur ; elle était inquiète. → ✓ Marie a parlé à sa sœur ; cette dernière était inquiète. | ✗ Rousseau et Voltaire se détestaient : celui-là se moquait de celui-ci (Voltaire de Rousseau). → ✓ Rousseau et Voltaire se détestaient : celui-ci se moquait de celui-là.	Le juge a interrogé le témoin ; ce dernier a refusé de répondre. | Rousseau et Voltaire se détestaient : celui-ci se moquait de celui-là. | J'ai contacté la directrice, mais cette dernière était en congé. | Deux solutions existent : la première est rapide, la seconde est moins chère.	pronouns | cohesion | anaphora | writing | agreement	Le maire a rencontré l'architecte ; ce dernier lui a présenté deux projets, le premier ambitieux, le second plus modeste.	ce dernier=>anaphora=>the last person named: l'architecte||le premier=>ordering=>the first of the two projects||le second=>ordering=>the second of two	cefr | dalf_c1 | referentiel_c1	C1.1	FR2_A22_DEMONSTRATIVE_PRONOUNS | FR2_B12_ORDINALS_FRACTIONS	FR2_A22_DEMONSTRATIVE_PRONOUNS | FR2_C12_ANAPHORA_RESUMPTIVE	regex:\b(?:ce dernier|cette dernière|ces derni(?:er|ère)s)\b(?!\s+(?:jour|jours|mois|week-end|moment|moments|point|soir|matin|an|ans|année|années|siècle|chapitre|épisode|livre|film|temps|lundi|mardi|mercredi|jeudi|vendredi|samedi|dimanche|semaine|semaines|été|hiver|printemps|automne|exemple|cas|mot)\b)|(?:[;:,.]\s*|\bet\s+|\bde\s+)(?:celui|celle|ceux|celles)-(?:ci|là)\b(?!\s*\?)|\b(?:le|la) premi(?:er|ère)\b[^.!?]{1,80}?\b(?:le|la) seconde?\b	Ce dernier, celui-ci (the latter), celui-là (the former), le premier… le second: clear reference back.	Ce dernier, celui-ci (Letzterer), celui-là (Ersterer), le premier… le second: eindeutiger Rückverweis.	Ce dernier, celui-ci, celui-là, le premier… le second : reprendre sans ambiguïté.	reviewed
FR2_C11_RELATIVE_CHAINS	fr	C1	Relative clauses	relative_chains	Au pied duquel, dont le nom: relatives in longer noun chains	Au pied duquel, dont le nom: Relativsätze in längeren Nominalketten	Au pied duquel, dont le nom : les relatives dans les groupes complexes	1820	false	When the relative pronoun completes a noun that itself follows a preposition, French uses de qui (people) or duquel / de laquelle / desquels / desquelles after that preposition + noun, never dont (le château au pied duquel nous campons, la femme au fils de laquelle j'ai écrit); dont is only possible when the de-group is not inside a prepositional group (la femme dont je connais le fils), and it then takes le / la, not a possessive.	Use it in precise written French: descriptions, reports, literary and administrative texts where one noun hangs on another.	noun + preposition + (article) noun + duquel / de laquelle / de qui + clause | noun + dont + subject + verb + le / la / les + noun	Dont (B1.1) replaces a simple de-complement: le livre dont je parle. | Auquel, duquel (B1.2) follow a preposition directly (le projet auquel je pense); here they come after a whole prepositional group (le projet à la réussite duquel je crois).	✗ L'arbre au pied dont nous avons pique-niqué est centenaire. → ✓ L'arbre au pied duquel nous avons pique-niqué est centenaire. | ✗ C'est un auteur dont j'admire son style. → ✓ C'est un auteur dont j'admire le style. | ✗ Le projet à la réussite dont je crois a échoué. → ✓ Le projet à la réussite duquel je croyais a échoué.	C'est une décision au sujet de laquelle nous devons encore réfléchir. | Voici l'auteur dont j'ai lu tous les romans. | La rivière au bord de laquelle nous avons dîné était magnifique. | Les collègues avec les enfants desquels ma fille joue habitent tout près.	relative_pronouns | dont | lequel | prepositions | writing	Le château au pied duquel se trouve le village appartient à une famille dont le nom est connu.	au pied duquel=>chain_relative=>preposition + noun + duquel: dont is impossible here||se trouve le village=>inverted_subject=>the subject may follow the verb in a relative clause||dont le nom=>simple_dont=>simple de-complement: dont, with le, not son	cefr | dalf_c1 | referentiel_c1	C1.1	FR2_B11_DONT | FR2_B12_RELATIVE_PREPOSITION	FR2_B12_RELATIVE_PREPOSITION | FR2_C12_RELATIVE_EXPLICATIVE	regex:\b(?:à|au|aux|de|du|des|sur|sous|dans|par|pour|avec|chez|contre|malgré|selon|vers|en)\s+(?:la |le |les |l')\w+\s+(?:duquel|de laquelle|desquels|desquelles|de qui)\b|\b(?:au|aux) \w+ (?:duquel|de laquelle|desquels|desquelles|de qui)\b|\bdont (?:le|la|les|l')\s?\w+|\bdont (?:[\w']+\s+){1,3}?(?:le|la|les|l'|tous les|toutes les)\s?\w+	After preposition + noun, use duquel / de qui, never dont: au pied duquel.	Nach Präposition + Nomen steht duquel / de qui, nie dont: au pied duquel.	Après préposition + nom, duquel / de qui, jamais dont : au pied duquel.	reviewed
FR2_C11_CLEFT_ADVANCED	fr	C1	Syntax	cleft_advanced	C'est en forgeant que…: highlighting a gérondif, a cause or a clause	C'est en forgeant que…: Gérondif, Grund oder Nebensatz hervorheben	C'est en forgeant que… : la mise en relief d'un gérondif, d'une cause, d'une subordonnée	1830	false	C'est … que can frame not only a noun but a gérondif, a cause, a time clause or a prepositional group (c'est en lisant qu'on apprend, c'est parce qu'il pleuvait que nous sommes restés, c'est à force de patience qu'elle a réussi); the framed part keeps its own form and is closed by a single que, never by pourquoi, quand or comme.	Use it to put the real reason, means or moment in the spotlight: in explanations, essays and corrections (non, c'est parce que…).	c'est + en + -ant / parce que + clause / à force de + noun / quand + clause / pour + infinitive + que + rest of the sentence	C'est … qui / que (B1.2) frames a noun or pronoun; here the framed element is a whole clause or adverbial. | Ce qui …, c'est (B2.2) puts the highlighted element last; c'est … que puts it first.	✗ C'est parce qu'il pleuvait pourquoi nous sommes restés. → ✓ C'est parce qu'il pleuvait que nous sommes restés. | ✗ C'est en lisant comme on apprend. → ✓ C'est en lisant qu'on apprend. | ✗ C'est quand il est arrivé quand j'ai compris. → ✓ C'est quand il est arrivé que j'ai compris.	C'est en forgeant qu'on devient forgeron. | C'est parce qu'il pleuvait que nous sommes restés à l'intérieur. | C'est à force de patience qu'elle a obtenu ce poste. | C'est seulement quand il est parti que j'ai compris mon erreur.	emphasis | word_order | gerund | cause | speaking	C'est en écoutant ses clients que l'entreprise a trouvé la solution.	C'est=>frame_open=>opens the frame||en écoutant ses clients=>highlighted=>a gérondif, kept in its own form||que=>frame_close=>a single que closes the frame	cefr | dalf_c1 | referentiel_c1	C1.1	FR2_B12_MISE_EN_RELIEF | FR2_B12_GERUND	FR2_B12_MISE_EN_RELIEF | FR2_C12_SI_CEST_QUE	regex:\bc'(?:est|était|sera)\s+(?:seulement |justement |précisément |surtout |aussi |bien |donc |même |pourtant )?(?:en \w+ant\b|parce qu(?:e |')|à force d|pour (?:(?:me|te|se|le|la|les|lui|leur|nous|vous|y|en)\s+|(?:m|t|s|l)')?(?!(?:votre|notre|autre|autres|entre|contre|libre|lettre|livre|titre|centre|nombre|membre|ordre|chiffre|frère|mère|père|hier|cher|mer|fier|premier|dernier|entier|quartier|métier|papier|plaisir|loisir|avenir|désir|soir|noir|espoir|hiver|lumière|matière|manière|rivière|prière|carrière|première|dernière|cadre|théâtre|maître|fenêtre|semestre|dîner|déjeuner|clair|propre|pauvre|tendre|sombre|quatre|chaque|ministre|registre|monstre|offre|œuvre|oeuvre|mystère|caractère|colère|guerre|terre|pierre|verre|air|cuir|mémoire|histoire|victoire|gloire|trottoir|couloir|bureau|tiroir|miroir|rasoir|devoirs|pire)\b)\w+(?:er|ir|re|oir)\b|quand |lorsqu|grâce à|à cause d|afin d)[^.!?]{0,80}?\bqu(?:e |')	C'est + gérondif / cause / clause + que: c'est en lisant qu'on apprend.	C'est + Gérondif / Grund / Nebensatz + que: c'est en lisant qu'on apprend.	C'est + gérondif / cause / subordonnée + que : c'est en lisant qu'on apprend.	reviewed
FR2_C12_SI_CEST_QUE	fr	C1	Syntax	si_cest_que	Si…, c'est que: explaining a known fact	Si…, c'est que: eine bekannte Tatsache erklären	Si…, c'est que : expliquer un fait	1840	false	Si + indicatif can introduce a fact that is already true rather than a condition, and the main clause explains it with c'est que, c'est parce que or c'est pour (si je t'appelle, c'est que j'ai besoin de toi = if I'm calling you, it's because…); both clauses stay in the indicative, with no conditionnel or futur.	Use it to justify or interpret something that has happened or is happening: in conversation, letters and argument (si nous écrivons, c'est pour…).	Si + fact (indicatif, any tense), c'est que / c'est parce que / c'est pour (que) + explanation	Si + présent, futur (B1.1) states a real condition; here the si-clause is already true. | C'est … que (C1.1) highlights a cause inside one frame; si …, c'est que starts from the fact and then gives its reason.	✗ Si je t'appelle, c'est que j'aurais besoin de toi. → ✓ Si je t'appelle, c'est que j'ai besoin de toi. | ✗ S'il est parti, c'est pourquoi il était fâché. → ✓ S'il est parti, c'est qu'il était fâché. | ✗ Si elle n'est pas venue, c'est car elle était malade. → ✓ Si elle n'est pas venue, c'est parce qu'elle était malade.	Si je te dis ça, c'est que je tiens à toi. | S'il a démissionné, c'est parce qu'on ne l'écoutait pas. | Si nous avons choisi cette ville, c'est parce que la vie y est plus douce. | Si elle ne répond pas, c'est qu'elle est en réunion.	cause | si | emphasis | speaking | argument	S'il n'a rien dit, c'est qu'il avait peur des conséquences.	S'il n'a rien dit=>known_fact=>si introduces a fact, not a condition||c'est qu'=>explanation=>c'est que gives the reason||avait peur=>indicative=>indicative throughout	cefr | dalf_c1 | referentiel_c1	C1.2	FR2_B11_SI_TYPE1 | FR2_B12_MISE_EN_RELIEF	FR2_B11_SI_TYPE1 | FR2_C11_CLEFT_ADVANCED	regex:\bs(?:i |')[^.!?]{2,100}?,\s*c'(?:est|était)\s+(?:bien |sans doute |surtout |simplement |justement |peut-être )?(?:qu(?:e |')|parce qu(?:e |'))	Si + fact, c'est que + reason: si je t'appelle, c'est que j'ai besoin de toi.	Si + Tatsache, c'est que + Grund: si je t'appelle, c'est que j'ai besoin de toi.	Si + fait, c'est que + explication : si je t'appelle, c'est que j'ai besoin de toi.	reviewed
FR2_C12_REFORMULATION	fr	C1	Connectors	reformulation	En ce sens que, autrement dit, à savoir: reformulating and specifying	En ce sens que, autrement dit, à savoir: umformulieren und präzisieren	En ce sens que, autrement dit, à savoir : reformuler et préciser	1850	false	Formal French has a set of reformulators: autrement dit, en d'autres termes and c'est-à-dire restate an idea; à savoir announces the full list or the exact item; en ce sens que + indicatif specifies in what way a statement is true; ou plutôt and du moins correct or limit what was just said; en l'occurrence applies it to the case at hand.	Use them in synthèses, exposés and essays to clarify, narrow or correct your own words, and in oral exams to buy a second while you rephrase.	statement, autrement dit / c'est-à-dire / en d'autres termes + restatement | … : à savoir + list | statement, en ce sens que + indicatif | …, ou plutôt / du moins + correction	Dans la mesure où (C1.1) gives a cause or a limit; en ce sens que explains the meaning of a claim. | Par exemple, notamment (B2.2) give examples; à savoir gives the complete list or the precise item.	✗ Il a raison, en ce sens où les chiffres baissent. → ✓ Il a raison, en ce sens que les chiffres baissent. | ✗ Deux pays ont voté contre, à savoir que la France et l'Italie. → ✓ Deux pays ont voté contre, à savoir la France et l'Italie. | ✗ En autres termes, c'est un échec. → ✓ En d'autres termes, c'est un échec.	Le projet est rentable, en ce sens qu'il couvre déjà ses coûts. | Trois candidats restent en lice, à savoir Leroy, Dumas et Benali. | Il a « réorganisé » le service ; autrement dit, il a licencié dix personnes. | Je viendrai demain, ou plutôt après-demain.	connectors | reformulation | synthesis | writing | speaking	La réforme est un succès, du moins en ce sens que les délais ont baissé ; autrement dit, les usagers attendent moins.	du moins=>correction=>limits the claim||en ce sens que=>specification=>in what way it is true (+ indicatif)||autrement dit=>restatement=>says the same thing more simply	cefr | dalf_c1 | referentiel_c1	C1.2	FR2_B22_ARGUMENT | FR2_B12_CONSEQUENCE	FR2_B22_ARGUMENT | FR2_C11_CAUSE_NUANCED	regex:\b(?:en ce sens qu(?:e |')|autrement dit|en d'autres termes|à savoir\b(?!\s+(?:si|que|qu'|comment|où|pourquoi)\b)|ou plutôt|du moins\b(?!\s+(?:cher|chère|chers|bon|grand|long|connu))|en l'occurrence|c'est-à-dire)	Autrement dit restates, à savoir lists, en ce sens que specifies, ou plutôt corrects.	Autrement dit formuliert um, à savoir zählt auf, en ce sens que präzisiert, ou plutôt korrigiert.	Autrement dit reformule, à savoir énumère, en ce sens que précise, ou plutôt corrige.	reviewed
FR2_C12_A_DEFAUT_DE	fr	C1	Prepositions	a_defaut_faute_de_quoi	À défaut de, faute de quoi, sans quoi: fallback and formal 'otherwise'	À défaut de, faute de quoi, sans quoi: Ersatz und förmliches «sonst»	À défaut de, faute de quoi, sans quoi	1860	false	À défaut de + noun or infinitive (failing, in the absence of) introduces a second-best solution (à défaut de voiture, prenez le train; à défaut, … = failing that); faute de quoi and sans quoi (failing which, otherwise) announce the consequence if an instruction is not followed, typically in the futur, in formal letters.	Use them in administrative and formal letters, contracts and instructions: deadlines, conditions, fallback options.	à défaut de + noun / infinitive, + alternative | instruction, faute de quoi / sans quoi + consequence (futur)	Faute de (B2.1) gives a cause by lack (faute de temps, on n'a pas visité); à défaut de proposes a replacement. | Sinon (A2) is the everyday 'otherwise'; faute de quoi and sans quoi are its written, formal equivalents.	✗ Répondez avant lundi, faute de que votre dossier sera refusé. → ✓ Répondez avant lundi, faute de quoi votre dossier sera refusé. | ✗ À défaut à pouvoir venir, j'enverrai mes notes. → ✓ À défaut de pouvoir venir, j'enverrai mes notes.	À défaut de pouvoir venir, je vous enverrai mes notes. | Merci de régler la facture avant le 15 mars, faute de quoi des frais seront appliqués. | Il faut réserver à l'avance, sans quoi vous n'aurez pas de place. | À défaut d'une solution parfaite, nous choisirons la moins mauvaise.	prepositions | formal_register | letters | consequence	À défaut de réponse avant vendredi, nous annulerons la commande ; merci de confirmer, faute de quoi elle sera perdue.	À défaut de réponse=>fallback=>in the absence of a reply||nous annulerons=>alternative=>what happens instead||faute de quoi=>formal_otherwise=>failing which: formal sinon	cefr | dalf_c1 | referentiel_c1	C1.2	FR2_B21_CAUSE_ADVANCED | FR2_A21_CAUSE_CONSEQUENCE	FR2_B21_CAUSE_ADVANCED | FR2_C12_ELLIPSIS_SI_BESOIN	regex:\bà défaut\b|\bfaute de quoi\b|\bsans quoi\b(?!\s+(?:il|elle|on)\s+ne\s+peut)	À défaut de = failing, in the absence of; faute de quoi / sans quoi = otherwise (formal).	À défaut de = in Ermangelung; faute de quoi / sans quoi = andernfalls (förmlich).	À défaut de propose un substitut ; faute de quoi / sans quoi annoncent la conséquence.	reviewed
FR2_C12_SI_TANT_EST_QUE	fr	C1	Conditionals	doubtful_condition	Si tant est que, pour autant que, pour peu que: doubtful conditions	Si tant est que, pour autant que, pour peu que: zweifelhafte Bedingungen	Si tant est que, pour autant que, pour peu que	1870	false	Si tant est que (assuming that, if indeed), pour autant que (as far as, provided that) and pour peu que (if only, if ever so slightly) set a condition the speaker doubts or minimises, and all three take the subjonctif: si tant est qu'il vienne; pour autant que je sache; pour peu qu'il pleuve, tout est annulé.	Use them to hedge in formal speech and writing: to doubt a premise (si tant est que…), to limit your knowledge (pour autant que je sache) or to stress how little it takes (pour peu que…).	si tant est que / pour autant que / pour peu que + subjonctif | fixed: pour autant que je sache	Si + indicatif (B1.1) states a plain condition; si tant est que adds doubt: if he ever comes. | Pour autant (C1.1) without que denies a consequence; pour autant que + subjonctif limits a statement.	✗ Nous partirons, si tant est qu'il viendra. → ✓ Nous partirons, si tant est qu'il vienne. | ✗ Pour autant que je sais, il est parti. → ✓ Pour autant que je sache, il est parti. | ✗ Pour peu qu'il pleut, tout est annulé. → ✓ Pour peu qu'il pleuve, tout est annulé.	Nous partirons à dix heures, si tant est que tout le monde soit prêt. | Pour autant que je sache, la réunion n'a pas été annulée. | Pour peu qu'on l'encourage, il fait des progrès étonnants.	hypothesis | subjonctif | hedging | formal_register	Pour autant que je sache, il signera, si tant est qu'il ait lu le contrat.	Pour autant que je sache=>limit=>as far as I know (+ subjonctif)||si tant est qu'=>doubtful_condition=>assuming that, if indeed||ait lu=>subjonctif=>subjonctif passé for a completed condition	cefr | dalf_c1 | referentiel_c1	C1.2	FR2_B22_HYPOTHESIS | FR2_B21_CONDITION_SUBJ	FR2_B22_HYPOTHESIS | FR2_C11_POUR_AUTANT	regex:\bsi tant est qu(?:e |')|\bpour autant qu(?:e |')|\bpour peu qu(?:e |')	Si tant est que, pour autant que, pour peu que + subjonctif: a doubtful or minimal condition.	Si tant est que, pour autant que, pour peu que + Subjonctif: eine zweifelhafte oder minimale Bedingung.	Si tant est que, pour autant que, pour peu que + subjonctif : condition douteuse ou minimale.	reviewed
FR2_C12_HYPOTHESIS_NO_SI	fr	C1	Conditionals	hypothesis_without_si	Conditions without si: juxtaposition, inversion, sans + noun	Bedingungen ohne si: Nebeneinanderstellung, Inversion, sans + Nomen	L'hypothèse sans si : juxtaposition, inversion, sans + nom	1880	false	French can express a condition without si: two juxtaposed conditionnels (tu me l'aurais dit, je serais venu), an inverted conditionnel or literary subjonctif at the head of the clause (serait-il ministre, il ne changerait pas; dût-il échouer, il essaiera), sans or avec + noun (sans ton aide, j'aurais échoué) and à + infinitive (à l'entendre, on croirait qu'il sait tout); the result stays in the conditionnel.	Juxtaposition is spoken and lively; inversion and dût-il are literary or very formal; sans + noun and à + infinitive are common in all registers.	conditionnel, conditionnel | inverted verb-subject (serait-il, dût-il, fût-il), + main clause | sans / avec + noun, + conditionnel | à + infinitive, + conditionnel	Si + imparfait / plus-que-parfait (B1.1, B2.1) is the standard form; these variants avoid si. | Au cas où + conditionnel (B2.2) states a precaution; here the condition is carried by word order or by a noun.	✗ Sans ton aide, j'avais échoué. → ✓ Sans ton aide, j'aurais échoué. | ✗ Serait-il ministre, il ne changera pas. → ✓ Serait-il ministre, il ne changerait pas. | ✗ Dut-il échouer, il essaiera. → ✓ Dût-il échouer, il essaiera.	Tu m'aurais prévenu, je serais venu plus tôt. | Sans votre aide, nous n'aurions jamais terminé à temps. | Dût-il y passer la nuit, il finira ce rapport. | À l'entendre, on croirait qu'il a tout inventé.	hypothesis | conditionnel | inversion | word_order | formal_register	Sans cette erreur, nous aurions gagné ; serait-elle réparée demain, il serait trop tard.	Sans cette erreur=>condition_noun=>sans + noun = if there had not been||aurions gagné=>conditionnel_passe=>the result in the conditionnel||serait-elle réparée=>inverted_condition=>inversion replaces si	cefr | dalf_c1 | referentiel_c1	C1.2	FR2_B21_SI_TYPE3 | FR2_B22_FORMAL_INVERSION	FR2_B22_HYPOTHESIS | FR2_C11_QUAND_BIEN_MEME	regex:(?:^|[.!?;,]\s*)(?:sans|avec)\s+(?:[\w']+\s+){1,3}?[\w']+,\s*(?:[\w']+\s+){0,3}?(?:\w+')?\w+(?:rais|rait|rions|riez|raient)\b|(?:^|[.!?;,]\s*)(?:dût|dussent|fût|fussent|eût|serait|seraient|aurait|auraient|devrait|devraient|voudrait|pourrait)-(?:t-)?(?:il|elle|ils|elles|on)\b(?![^.!?]*\?)|(?:^|[.!?;]\s*)à (?:l'|les |le |la )?(?:entendre|écouter|voir|lire|croire|en juger)\b|(?:^|[.!?;]\s*)(?:[\w']+\s+){1,4}?(?:\w+')?\w+(?:rais|rait|rions|riez|raient)\b(?:\s+[\w']+){0,2},\s*(?!(?:mais|et|car|donc|or|puis)\b)(?:[\w']+\s+){0,3}?(?:\w+')?\w+(?:rais|rait|rions|riez|raient)\b	No si needed: sans ton aide, j'aurais échoué; tu me l'aurais dit, je serais venu.	Ohne si: sans ton aide, j'aurais échoué; tu me l'aurais dit, je serais venu.	Sans si : sans ton aide, j'aurais échoué ; tu me l'aurais dit, je serais venu.	reviewed
FR2_C12_ANAPHORA_RESUMPTIVE	fr	C1	Pronouns	resumptive_anaphora	Ledit, ce faisant, à cet égard, voilà pourquoi: tying a text together	Ledit, ce faisant, à cet égard, voilà pourquoi: einen Text verknüpfen	Ledit, ce faisant, à cet égard, voilà pourquoi : l'anaphore résomptive	1890	false	Written French ties sentences together with words that pick up a whole idea: a demonstrative + summarising noun (cette décision, ce constat), ledit / ladite / lesdits (the said, legal and administrative), ce faisant (in doing so, same subject), à cet égard / à ce propos (in this respect), and voilà pourquoi / voilà ce qui (that is why) to close a point.	Use them in synthèses, reports, contracts and essays to link paragraphs without repeating whole sentences.	[idea]. Ce constat / Cette décision … | ledit / ladite / lesdit(e)s + noun | Ce faisant, + same subject … | À cet égard, … | Voilà pourquoi / Voilà ce qui …	Ce dernier, celui-ci (C1.1) point back to one noun; these words pick up a whole idea or sentence. | C'est pourquoi (B1.2) is the neutral consequence connector; voilà pourquoi closes a point with more emphasis.	✗ Le locataire doit entretenir ledit logement et ledit annexes. → ✓ Le locataire doit entretenir ledit logement et lesdites annexes. | ✗ Le ministre a baissé les impôts ; ce faisant, le déficit a augmenté. → ✓ Le ministre a baissé les impôts ; ce faisant, il a creusé le déficit. | ✗ À cet égard de la sécurité, rien n'a changé. → ✓ À l'égard de la sécurité, rien n'a changé.	Le locataire s'engage à entretenir ledit logement. | Le gouvernement a gelé les salaires ; ce faisant, il a perdu le soutien des syndicats. | La sécurité reste une priorité. À cet égard, de nouvelles mesures seront prises. | Il ment sans arrêt ; voilà pourquoi plus personne ne le croit.	cohesion | anaphora | writing | synthesis | formal_register	Le comité a rejeté ladite proposition ; ce faisant, il a ouvert une crise, et voilà pourquoi la réunion a été reportée.	ladite proposition=>administrative_anaphora=>the proposal already mentioned||ce faisant=>action_recap=>in doing so: same subject (le comité)||voilà pourquoi=>closing_recap=>that is why: closes the point	cefr | dalf_c1 | referentiel_c1	C1.2	FR2_A12_DEMONSTRATIVES | FR2_B12_CONSEQUENCE	FR2_C11_ANAPHORA_CE_DERNIER | FR2_B12_CONSEQUENCE	regex:\b(?:ledit|ladite|lesdit(?:e)?s|dudit|desdit(?:e)?s|auxdit(?:e)?s|susdit\w*|ce faisant|à cet égard|à ce propos|voilà (?:pourquoi|ce qu(?:i|e|')|qui|comment))\b	Ledit, ce faisant, à cet égard, voilà pourquoi pick up a whole idea and link the text.	Ledit, ce faisant, à cet égard, voilà pourquoi greifen eine ganze Idee auf und verknüpfen den Text.	Ledit, ce faisant, à cet égard, voilà pourquoi reprennent toute une idée et lient le texte.	reviewed
FR2_C12_RELATIVE_EXPLICATIVE	fr	C1	Relative clauses	restrictive_nonrestrictive	Commas change the meaning: restrictive and non-restrictive relatives	Kommas ändern den Sinn: einschränkende und erläuternde Relativsätze	Relatives déterminatives et explicatives	1900	false	A relative clause without commas restricts the noun (les étudiants qui étaient fatigués sont partis = only the tired ones left); between commas it adds information about the whole group (les étudiants, qui étaient fatigués, sont partis = all of them were tired); in formal writing lequel / laquelle can replace qui after a comma to show which of two nouns is meant (le fils de Mme Roy, laquelle…).	Use the commas deliberately in writing, and the pause in speech; use subject lequel only in formal texts where qui would be ambiguous.	noun + qui / que … (no comma) = restrictive | noun, qui / que / dont / lequel …, = non-restrictive	German puts a comma before every relative clause; French only before the non-restrictive ones, so the comma carries meaning. | The subjonctif in relatives (B2.2) only appears in restrictive clauses: je cherche un appartement qui soit calme.	✗ Mon frère qui habite à Lyon viendra (when you have only one brother). → ✓ Mon frère, qui habite à Lyon, viendra. | ✗ J'ai écrit au fils de Mme Roy, qui est malade (if Mme Roy is ill). → ✓ J'ai écrit au fils de Mme Roy, laquelle est malade. | ✗ L'homme lequel parle est mon oncle. → ✓ L'homme qui parle est mon oncle.	Ma mère, qui a toujours aimé voyager, part au Japon. | Les candidats qui ont réussi l'écrit, dont la liste est affichée, passeront l'oral. | J'ai rencontré le fils de Mme Roy, laquelle vient d'être élue maire. | Paris, que je connais depuis l'enfance, me surprend encore.	relative_pronouns | punctuation | lequel | writing	Les clients qui ont réservé auront une place ; le fils de Mme Roy, laquelle dirige l'hôtel, nous l'a assuré.	qui ont réservé=>restrictive=>no commas: only those clients||le fils de Mme Roy=>two_nouns=>two possible antecedents||laquelle dirige l'hôtel=>non_restrictive=>between commas; feminine laquelle shows it is Mme Roy	cefr | dalf_c1 | referentiel_c1	C1.2	FR2_A22_RELATIVE_QUI_QUE | FR2_B12_RELATIVE_PREPOSITION	FR2_B22_SUBJ_RELATIVE | FR2_C11_RELATIVE_CHAINS	regex:,\s*(?:qui|que|qu'|dont|où|lequel|laquelle|lesquels|lesquelles)\b[^,.;!?]{2,80},|,\s*(?:lequel|laquelle|lesquels|lesquelles)\s+(?:[\w']+\s+)?\w+(?![^.!?]*\?)	No commas = only those (restrictive); commas = extra information about all (non-restrictive).	Ohne Kommas = nur diese (einschränkend); mit Kommas = Zusatzinfo über alle (erläuternd).	Sans virgules, la relative restreint ; entre virgules, elle explique.	reviewed
FR2_C12_PP_AGREEMENT_INFINITIVE	fr	C1	Agreement	pp_agreement_infinitive	Je les ai vus partir, je les ai fait venir: agreement before an infinitive	Je les ai vus partir, je les ai fait venir: Angleichung vor einem Infinitiv	L'accord du participe passé suivi d'un infinitif	1910	false	A past participle with avoir followed by an infinitive agrees with a preceding direct object only if that object performs the infinitive's action (les enfants que j'ai vus jouer: the children play); if the object undergoes it, there is no agreement (les airs que j'ai entendu jouer: the tunes are played); fait + infinitive never agrees, and since the 1990 reform laissé + infinitive may stay invariable too.	Use it whenever you write a perception verb, faire or laisser in a compound tense with a pronoun or que before it: careful writing, exams.	object (does the action) + avoir + participle agreed + infinitive | object (undergoes it) + avoir + participle invariable + infinitive | fait + infinitive: always invariable	Basic agreement with a preceding object (B1.1): la lettre que j'ai écrite. | Perception verbs + infinitive (C1.1) teach the construction; here only the spelling of the participle.	✗ Les musiciens que j'ai entendu jouer étaient excellents. → ✓ Les musiciens que j'ai entendus jouer étaient excellents. | ✗ Ces maisons, je les ai vues construire. → ✓ Ces maisons, je les ai vu construire. | ✗ Elle s'est faite opérer. → ✓ Elle s'est fait opérer.	Les enfants que j'ai vus jouer dans le parc étaient ravis. | La chanson que j'ai entendu chanter hier me trotte dans la tête. | Elle s'est fait couper les cheveux. | Ma sœur ? Je l'ai entendue rire dans la cuisine.	agreement | participle | infinitive | spelling | writing	Les comédiens que j'ai vus jouer cette pièce, je les ai fait venir au festival.	Les comédiens=>preceding_object=>direct object placed before the verb||vus jouer=>agreement_doer=>the actors play: agreement||fait venir=>fait_invariable=>fait + infinitive never agrees	cefr | dalf_c1 | referentiel_c1	C1.2	FR2_B11_PP_AGREEMENT_AVOIR | FR2_C11_PERCEPTION_INFINITIVE	FR2_B11_PP_AGREEMENT_AVOIR | FR2_C11_PERCEPTION_INFINITIVE	regex:\b(?:l'|les|la|le|me|te|nous|vous|m'|t'|s'|que|qu')\s?(?:\w+'|\w+\s+){0,2}?(?:ai|as|a|avons|avez|ont|avais|avait|avions|aviez|avaient|aurai|aurait|auraient|est|sont|suis|es|sommes|êtes|était)\s+(?:vu|vue|vus|vues|entendu|entendue|entendus|entendues|senti|sentie|sentis|senties|regardé\w*|écouté\w*|fait|faite|faits|faites|laissé\w*)\s+(?:(?:me|te|se|le|la|les|lui|leur|nous|vous|y|en)\s+|(?:m|t|s|l)')?(?!(?:votre|notre|autre|autres|entre|contre|libre|lettre|livre|titre|centre|nombre|membre|ordre|chiffre|frère|mère|père|hier|cher|mer|fier|premier|dernier|entier|quartier|métier|papier|plaisir|loisir|avenir|désir|soir|noir|espoir|hiver|lumière|matière|manière|rivière|prière|carrière|première|dernière|cadre|théâtre|maître|fenêtre|semestre|dîner|déjeuner|clair|propre|pauvre|tendre|sombre|quatre|chaque|ministre|registre|monstre|offre|œuvre|oeuvre|mystère|caractère|colère|guerre|terre|pierre|verre|air|cuir|mémoire|histoire|victoire|gloire|trottoir|couloir|bureau|tiroir|miroir|rasoir|devoirs|pire)\b)\w+(?:er|ir|re|oir)\b	Before an infinitive, agree only if the object does the action: je les ai vus partir; fait never agrees.	Vor einem Infinitiv nur angleichen, wenn das Objekt handelt: je les ai vus partir; fait nie.	Devant un infinitif, accord seulement si le complément fait l'action ; fait reste invariable.	reviewed
FR2_C12_REGISTER_NE_DROP	fr	C1	Negation	register_negation	J'sais pas / je ne sais pas: negation across registers	J'sais pas / je ne sais pas: Verneinung in verschiedenen Registern	J'sais pas / je ne sais pas : la négation selon le registre	1920	true	In familiar spoken French the ne of the negation is usually dropped (je sais pas, c'est pas grave, t'inquiète pas, y a pas de souci), standard French writes it, and formal French keeps it, sometimes even alone (je ne sais); the meaning never changes, only the register, so learners should understand the dropped form and write ne.	Recognise the dropped ne in films, songs, messages and talk among friends; use it yourself only in relaxed speech; always write ne in emails, exams and anything formal.	familier: subject + verb + pas / plus / jamais / rien | courant: ne + verb + pas | soutenu: ne + verb + pas / point, or ne alone (je ne sais)	The literary lone ne (C1.2: je ne saurais) is the opposite end of the scale: ne without pas. | Pas without a verb is standard in every register: pas moi, pas encore, pas du tout.	✗ Je peux pas venir à la réunion de lundi (in a formal email). → ✓ Je ne peux pas venir à la réunion de lundi. | ✗ C'est pas possible de modifier la date (in an exam essay). → ✓ Il n'est pas possible de modifier la date.	T'inquiète pas, c'est pas grave. | Je sais pas s'il viendra ce soir. | On a jamais vu ça ! | Il y a pas de souci.	register | negation | speaking | listening | familiar	J'sais pas, mais c'est pas mon problème.	J'sais pas=>dropped_ne=>familiar: je ne sais pas||c'est pas=>dropped_ne=>familiar: ce n'est pas	cefr | dalf_c1 | referentiel_c1	C1.2	FR2_A11_NEGATION | FR2_A21_NEG_WORDS	FR2_C12_NE_LITERARY_ALONE | FR2_C12_REGISTER_PRONOUNS	regex:(?:^|[^\w'])(?:j'|je |tu |t'|il |elle |on |nous |vous |ils |elles |c'|ça |y |il y )(?!ne\b|n')(?:[\w'-]+\s+)?(?!ne\b|ou\b|n')[\w'-]+\s+(?:pas|jamais|rien|personne)\b(?!\s+(?:mal|ne|n')\b)	Familiar speech drops ne (je sais pas); write it everywhere else (je ne sais pas).	Umgangssprachlich fällt ne weg (je sais pas); geschrieben steht es immer (je ne sais pas).	À l'oral familier, ne disparaît (je sais pas) ; à l'écrit, on le garde (je ne sais pas).	reviewed
FR2_C12_REGISTER_PRONOUNS	fr	C1	Pronouns	register_pronouns	Ça or cela, on or nous: pronouns that mark register	Ça oder cela, on oder nous: Pronomen, die das Register zeigen	Ça ou cela, on ou nous : les pronoms qui marquent le registre	1930	true	Some pronouns announce the register before any word of vocabulary does: ça is spoken and familiar, cela (and ceci) written and formal; on for 'we' is everyday French, while nous is expected in formal writing and speeches; when you shift register, change them together, and avoid the familiar doubling nous, on.	Choose cela and nous in letters, reports, essays and formal speech; ça and on with friends and in everyday talk; don't switch back and forth inside one text.	familier / courant: ça, on (= nous), nous, on … | soutenu: cela / ceci, nous	On = nous as a subject (A1.1) is the basic rule; here the point is when to avoid it. | C'est stays in every register; only ça / cela alternate.	✗ Ça nous semble difficile, on vous propose donc une autre date (formal letter). → ✓ Cela nous semble difficile ; nous vous proposons donc une autre date. | ✗ Nous, on a examiné votre dossier (formal letter). → ✓ Nous avons examiné votre dossier. | ✗ Cela va ? (to a friend; sounds stiff) → ✓ Ça va ?	Cela ne nous concerne pas directement. | Nous vous remercions de votre lettre ; cela nous a beaucoup touchés. | Ceci étant dit, nous restons ouverts à la discussion. | Nous, on a déjà fini, et ça s'est très bien passé.	register | pronouns | writing | letters | familiar	Cela étant, nous ne pouvons accepter votre proposition.	Cela=>formal_demonstrative=>cela, not ça, in writing||nous ne pouvons=>formal_we=>nous, not on, in a formal letter	cefr | dalf_c1 | referentiel_c1	C1.2	FR2_A11_ON_NOUS | FR2_A12_DEMONSTRATIVES	FR2_A11_ON_NOUS | FR2_C12_REGISTER_NE_DROP	regex:\b(?:cela|ceci)\b|\bnous,? on\b	Formal: cela and nous; familiar: ça and on. Change them together when you shift register.	Förmlich: cela und nous; umgangssprachlich: ça und on. Beim Registerwechsel zusammen ändern.	Soutenu : cela et nous ; familier : ça et on. Changez-les ensemble.	reviewed
FR2_C12_REGISTER_QUESTIONS	fr	C1	Syntax	register_questions	Tu vas où ? Où est-ce que tu vas ? Où vas-tu ?: questions across registers	Tu vas où ? Où est-ce que tu vas ? Où vas-tu ?: Fragen in drei Registern	Tu vas où ? Où est-ce que tu vas ? Où vas-tu ? : la question selon le registre	1940	false	The same question has three registers: familiar French keeps statement order and puts the question word at the end (tu vas où ?, c'est quoi ?), standard French uses est-ce que (où est-ce que tu vas ?), and formal French inverts subject and verb (où vas-tu ?, que pensez-vous ?); at the end of a familiar question quoi replaces que, and familiar forms never appear in formal writing.	Understand the familiar forms in films and conversations, use them with friends; use est-ce que in neutral situations and inversion in formal letters, interviews and exams.	familier: statement + où / quoi / qui / quand / comment ? | courant: question word + est-ce que + statement | soutenu: question word + verb-pronoun ?	Inversion (A2.1, B2.2) is taught as a form; here the point is choosing the register. | C'est quoi ? (familiar) / Qu'est-ce que c'est ? (standard) / Qu'est-ce ? (literary, rare).	✗ Tu fais que ? → ✓ Tu fais quoi ? | ✗ Où tu vas-tu ? → ✓ Où vas-tu ? | ✗ Quoi fais-tu ? → ✓ Que fais-tu ?	Tu fais quoi ce soir ? | C'est quoi, ce bruit ? | Vous partez quand, finalement ? | Il a dit quoi, le médecin ?	register | questions | word_order | speaking | familiar	Tu rentres quand ? Et tu dînes où ?	Tu rentres quand=>familiar_question=>statement order, question word at the end||tu dînes où=>familiar_question=>formal: Où dînes-tu ?	cefr | dalf_c1 | referentiel_c1	C1.2	FR2_A11_QUESTION_WORDS | FR2_A21_INVERSION	FR2_A21_INVERSION | FR2_B22_FORMAL_INVERSION	regex:\bc'est quoi\b|\b(?:tu|vous|on|il|elle|ils|elles|t'|j')\s?(?:(?!(?:sais|sait|savez|savons|demande|demandes|demandez)\b)[\w'-]+\s+){0,3}?(?:quoi|où|quand|comment|combien|qui)\b(?:\s+(?!(?:est|sont|il|elle|on|je|tu|nous|vous|ils|elles|j)\b)[\w']+){0,3}\s*(?:,[^?.!]*)?\?	Familiar: tu vas où ?; standard: où est-ce que tu vas ?; formal: où vas-tu ?	Umgangssprachlich: tu vas où ?; neutral: où est-ce que tu vas ?; förmlich: où vas-tu ?	Familier : tu vas où ? Courant : où est-ce que tu vas ? Soutenu : où vas-tu ?	reviewed
FR2_C12_REGISTER_LEXICON	fr	C1	Syntax	register_lexicon	Bouquin, livre, ouvrage: vocabulary across registers	Bouquin, livre, ouvrage: Wortschatz in drei Registern	Bouquin, livre, ouvrage : le lexique selon le registre	1950	false	Many everyday notions have one word per register: familier (bouquin, bosser, boulot, bagnole, fric, crevé), courant (livre, travailler, travail, voiture, argent, fatigué), soutenu (ouvrage, œuvrer, emploi, véhicule, fonds, épuisé); a C1 speaker recognises all three, chooses the one that fits the situation and stays in it.	Recognise familiar words in films, songs and messages; use them with friends; switch to courant or soutenu in interviews, emails, reports and exams.	familier ↔ courant ↔ soutenu: bouquin / livre / ouvrage; bosser / travailler / œuvrer; bagnole / voiture / véhicule; fric / argent / fonds; crevé / fatigué / épuisé	Register pronouns (C1.2: ça / cela) and negation (je sais pas) change the grammar; these change the words. | Verlan and slang (meuf, relou, chelou) are a further, generational layer: understand them, use them with care.	✗ J'ai bossé trois ans dans une boîte de com (job interview). → ✓ J'ai travaillé trois ans dans une agence de communication. | ✗ Votre bagnole est mal garée (formal letter). → ✓ Votre véhicule est mal stationné.	J'ai pas fini mon bouquin, je suis crevé. | Il bosse comme un fou pour gagner du fric. | Ma bagnole est encore en panne. | Ce truc coûte un max.	register | vocabulary | familiar | formal_register | speaking	Il bosse dans une boîte sympa, mais le boulot est crevant.	bosse=>familiar_verb=>courant: travaille; soutenu: œuvre||boîte=>familiar_noun=>courant: entreprise||boulot=>familiar_noun=>courant: travail||crevant=>familiar_adjective=>courant: épuisant	cefr | dalf_c1 | referentiel_c1	C1.2	FR2_C12_REGISTER_NE_DROP | FR2_C12_REGISTER_PRONOUNS	FR2_C12_REGISTER_PRONOUNS | FR2_C12_REGISTER_NE_DROP	regex:\b(?:bouquins?|boss(?:e|es|ent|er|é|ais|ait|ons|ez)|boulots?|bagnoles?|fric|flics?|mecs?|nanas?|meufs?|crevée?s?|crevante?s?|trucs?|bouffe|bouffer|bouffé|piger|pigé|kiffe\w*|fringues|thune|un max|relou|chelou|bahut|bécane|clopes?|potes?|marrante?s?|se marrer|flemme|chiante?s?|bosseur|bosseuse)\b	Bouquin / livre / ouvrage: recognise all three registers, choose one and stay in it.	Bouquin / livre / ouvrage: alle drei Register erkennen, eines wählen und dabei bleiben.	Bouquin / livre / ouvrage : reconnaître les trois registres, en choisir un et s'y tenir.	reviewed
FR2_C12_NOMINAL_SENTENCES	fr	C1	Syntax	nominal_sentences	Grève à la SNCF: nominal sentences in headlines and notes	Grève à la SNCF: Nominalsätze in Schlagzeilen und Notizen	Grève à la SNCF : la phrase nominale	1960	false	Headlines, notes, slides and summaries often drop the verb and build the sentence around an action noun with no article (hausse des prix = les prix augmentent, démission du ministre); de / du / des introduce what the action concerns, and a past participle replaces a passive (trafic perturbé, réunion annulée) while agreeing with its noun.	Read it in the press and on signs; write it in notes, slides, titles and the headings of a synthèse; turn it back into full sentences when you write the body text.	action noun (no article) + de / du / des + noun (+ complement) | noun + participle (réunion annulée) | infinitive for instructions (ne pas jeter)	Nominalisation (B2.2) builds the noun from the verb; here the noun replaces the whole clause. | Infinitive instructions (ajouter le sel, ne pas se pencher) are the verbal equivalent used in recipes and signs.	✗ Une hausse de les prix en janvier. → ✓ Hausse des prix en janvier. | ✗ Démission le ministre de la Santé. → ✓ Démission du ministre de la Santé. | ✗ Réunion annulé. → ✓ Réunion annulée.	Hausse record des prix de l'énergie en janvier. | Grève à la SNCF : trafic très perturbé ce week-end. | Démission surprise du ministre de la Santé. | Réunion reportée à jeudi, salle 4.	nominalisation | headlines | notes | writing | synthesis	Fermeture définitive de l'usine : trois cents emplois menacés.	Fermeture=>action_noun=>noun instead of the verb fermer, no article||de l'usine=>complement=>de introduces what the action concerns||menacés=>participle=>participle instead of a passive, agreeing with emplois	cefr | dalf_c1 | referentiel_c1	C1.2	FR2_B22_NOMINALISATION | FR2_A11_CONTRACTIONS	FR2_B22_NOMINALISATION | FR2_C12_ELLIPSIS_SI_BESOIN	regex:(?:^|[.!?:]\s+)(?:hausse|baisse|chute|grève|démission|fermeture|ouverture|annulation|report|arrivée|départ|victoire|défaite|mort|décès|naissance|adoption|vote|retour|lancement|sortie|fin|début|signature|élection|réunion|rencontre|accord|nomination|arrestation|incendie|accident|polémique|manifestation|reprise|suppression|création|explosion|découverte|inauguration|condamnation|libération|record|alerte|tempête|vague)\b(?:\s+[\w'-]+){0,3}?\s+(?:d(?:e|u|es|')|à|au|aux|en|pour|chez|contre|sur|reportée?s?|annulée?s?|prévue?s?|confirmée?s?|perturbée?s?|fermée?s?)\b	Headlines and notes drop the verb: hausse des prix, réunion annulée.	Schlagzeilen und Notizen lassen das Verb weg: hausse des prix, réunion annulée.	Titres et notes suppriment le verbe : hausse des prix, réunion annulée.	reviewed
FR2_C12_ELLIPSIS_SI_BESOIN	fr	C1	Syntax	elliptical_conditions	Si besoin, le cas échéant, si possible: elliptical conditions	Si besoin, le cas échéant, si possible: verkürzte Bedingungen	Si besoin, le cas échéant, si possible : l'ellipse de la condition	1970	false	Formal and practical French shortens whole conditions into fixed elliptical phrases: si besoin (est), si nécessaire, si possible, au besoin, le cas échéant (should the case arise, if applicable), si oui / si non, dans le cas contraire; they replace a full si-clause, usually stand at the start or end of the sentence and are set off by commas.	Use them in emails, instructions, forms and formal letters to keep sentences short: si besoin, appelez-moi; joignez, le cas échéant, une copie.	Si besoin / Si possible / Au besoin / Le cas échéant, + instruction | …, si nécessaire. | Si oui, … ; sinon / dans le cas contraire, …	The full condition si + clause (B1.1) is always possible: s'il le faut, si c'est possible. | Nominal sentences (C1.2) drop the verb of the main clause; these drop the verb of the condition.	✗ Si c'est besoin, appelez-moi. → ✓ Si besoin, appelez-moi. | ✗ Le cas échéant, la réunion a malheureusement été annulée. → ✓ La réunion a été annulée ; le cas échéant, nous vous rembourserons. | ✗ Si oui, confirmez ; si pas, appelez-nous. → ✓ Si oui, confirmez ; sinon, appelez-nous.	Si besoin, n'hésitez pas à m'appeler. | Le cas échéant, le remboursement sera effectué sous dix jours. | Répondez avant vendredi, si possible. | Avez-vous reçu le colis ? Si oui, merci de confirmer ; sinon, contactez le service client.	ellipsis | conditions | letters | instructions | formal_register	Si besoin, joignez une copie du contrat et, le cas échéant, l'avenant signé.	Si besoin=>elliptic_condition=>= s'il le faut||joignez=>instruction=>the instruction the condition limits||le cas échéant=>elliptic_condition=>= s'il y en a un	cefr | dalf_c1 | referentiel_c1	C1.2	FR2_B11_SI_TYPE1 | FR2_A12_IMPERATIVE	FR2_B11_SI_TYPE1 | FR2_C12_A_DEFAUT_DE	regex:\b(?:si (?:besoin|nécessaire|possible|oui|non|besoin est)|le cas échéant|au besoin|dans le cas contraire|si tel est le cas)\b(?!\s+(?:qu|que|de|d')\b)	Si besoin, si possible, le cas échéant replace a whole si-clause in formal instructions.	Si besoin, si possible, le cas échéant ersetzen in förmlichen Anweisungen einen ganzen si-Satz.	Si besoin, si possible, le cas échéant remplacent toute une subordonnée en si.	reviewed
FR2_C12_SANS_QUE_NEG	fr	C1	Negation	sans_que_negation	Sans que + subjonctif: no pas, and no ne before personne	Sans que + Subjonctif: kein pas, und kein ne vor personne	Sans que + subjonctif : ni pas, ni ne explétif	1980	false	Sans que + subjonctif is already negative (without anyone noticing), so it never takes pas (il est parti sans que je le voie); careful French avoids the ne explétif after sans que, although it is common, and uses personne, rien or aucun on their own (sans que personne le sache); with the same subject, use sans + infinitive.	Use it in written narration and formal French; in exams and careful writing leave out ne after sans que.	sans que + subjonctif (no pas, ideally no ne) | sans que personne / rien / aucun + subjonctif | same subject: sans + infinitive	Avant que and à moins que (B2.2) accept the ne explétif; sans que is where it is best left out. | Sans + infinitive (B1.1) with the same subject: il est parti sans dire au revoir.	✗ Il est parti sans que je ne le voie pas. → ✓ Il est parti sans que je le voie. | ✗ Je suis parti sans que je dise au revoir. → ✓ Je suis parti sans dire au revoir. | ✗ Il est entré sans que personne ne le remarque. → ✓ Il est entré sans que personne le remarque.	Il est entré sans que personne le remarque. | Elle a tout organisé sans que nous ayons rien remarqué. | Les années ont passé sans que rien change. | Le projet a été annulé sans qu'aucune explication soit donnée.	negation | subjonctif | ne_expletif | formal_register | writing	Le voleur est sorti sans que personne s'en aperçoive.	sans que=>conjunction=>sans que + subjonctif||personne=>negative_word=>already negative: no ne, no pas||aperçoive=>subjonctif=>subjonctif présent	cefr | dalf_c1 | referentiel_c1	C1.2	FR2_B12_SUBJ_CONJUNCTIONS | FR2_B22_NE_EXPLETIF	FR2_B22_NE_EXPLETIF | FR2_C12_NEG_LITERARY	regex:\bsans qu(?:e |')(?:(?:[\w]+'|[\w]+\s+)){0,3}?(?:personne|rien|aucun\w*|nul\w*)\b	Sans que + subjonctif is already negative: no pas, and personne without ne.	Sans que + Subjonctif ist schon verneint: kein pas, und personne ohne ne.	Sans que + subjonctif est déjà négatif : ni pas, ni ne devant personne.	reviewed
FR2_C12_NEG_LITERARY	fr	C1	Negation	literary_negation	Ne… guère, ne… point, ne… nullement: literary negation	Ne… guère, ne… point, ne… nullement: gehobene Verneinung	Ne… guère, ne… point, ne… nullement : la négation soutenue	1990	false	Formal and literary French has extra negations built on ne: ne … guère (hardly, scarcely), ne … point (not at all, old-fashioned), ne … nullement / aucunement (not in the least, a firm denial) and nul … ne (no one, written for personne); they replace pas, so pas is never added, and in compound tenses they surround the auxiliary like pas.	Recognise them in literature, the press and formal letters; use ne … guère and ne … nullement yourself in formal writing and firm denials.	ne + verb + guère / point / nullement / aucunement | ne + auxiliary + guère + participle | nul(le) + (noun) + ne + verb	Ne … pas, plus, jamais (A1–A2) are the everyday negations; these add a nuance (hardly) or force (not in the least). | Ne … que (B1.1) restricts; ne … guère que = hardly anything but.	✗ Je ne le connais pas guère. → ✓ Je ne le connais guère. | ✗ Il n'a nullement pas l'intention de partir. → ✓ Il n'a nullement l'intention de partir. | ✗ Nul n'est pas censé ignorer la loi. → ✓ Nul n'est censé ignorer la loi.	Je ne le connais guère, nous nous sommes vus deux fois. | Il n'a nullement l'intention de démissionner. | Nul ne peut entrer sans badge. | Il ne pleuvait point, mais le ciel restait gris.	negation | literary | formal_register | reading	Elle n'avait guère dormi, mais elle n'était nullement fatiguée.	n'avait guère dormi=>hardly=>ne … guère around the auxiliary: hardly||n'était nullement=>firm_denial=>ne … nullement: not in the least	cefr | dalf_c1 | referentiel_c1	C1.2	FR2_A21_NEG_WORDS | FR2_B11_NE_QUE	FR2_A21_NEG_WORDS | FR2_C12_NE_LITERARY_ALONE	regex:\b(?:ne|n')\s?(?:(?!pas\b|plus\b|jamais\b)[\w'-]+\s+){0,2}?(?:guère|nullement|aucunement)\b|\b(?:ne|n')\s?(?:(?:me|te|se|le|la|les|lui|leur|y|en)\s+|[mtsl]')?(?!(?:pas|plus|jamais|est|sont|qu\w*)\b)\w+\s+point\b(?!\s+de\s+(?:vue|départ|repère))|\bnul(?:le)?\s+(?:\w+\s+)?(?:ne|n')	Ne… guère (hardly), ne… point, ne… nullement (not at all) replace pas: never add pas.	Ne… guère (kaum), ne… point, ne… nullement (keineswegs) ersetzen pas: nie pas dazu.	Ne… guère, ne… point, ne… nullement remplacent pas : on n'ajoute jamais pas.	reviewed
FR2_C12_NE_LITERARY_ALONE	fr	C1	Negation	lone_ne	Je ne saurais, il n'ose, elle ne cesse: ne without pas	Je ne saurais, il n'ose, elle ne cesse: ne ohne pas	Je ne saurais, il n'ose, elle ne cesse : ne employé seul	2000	false	With savoir (je ne saurais = I could not), oser, cesser and pouvoir followed by an infinitive, formal French may use ne alone, without pas (je ne saurais vous dire, il n'ose le lui demander, elle ne cesse de répéter, je ne puis accepter); the meaning is fully negative, unlike the ne explétif, and with any other verb pas is required.	Use it in formal letters and speeches (je ne saurais trop vous remercier) and recognise it in literature and the press (il ne cesse de…).	ne + saurais / ose / cesse / puis, peut + (de) + infinitive | fixed: si je ne me trompe	The ne explétif (B2.2) has no negative meaning (avant qu'il ne parte); this lone ne is a real negation. | The dropped ne of familiar speech (C1.2) is the mirror image: pas without ne.	✗ Je ne saurai vous dire. → ✓ Je ne saurais vous dire. | ✗ Je ne veux vous déranger. → ✓ Je ne veux pas vous déranger.	Je ne saurais vous dire à quelle heure il arrivera. | Il n'ose lui avouer la vérité. | Elle ne cesse de se plaindre de son voisin. | Je ne puis accepter une telle proposition.	negation | literary | formal_register | letters	Je ne saurais trop vous remercier, car il ne cesse de parler de votre aide.	ne saurais=>lone_ne=>conditionnel of savoir: I couldn't, no pas||ne cesse de=>lone_ne=>he keeps on: ne alone	cefr | dalf_c1 | referentiel_c1	C1.2	FR2_A11_NEGATION | FR2_B22_NE_EXPLETIF	FR2_B22_NE_EXPLETIF | FR2_C12_REGISTER_NE_DROP	regex:\b(?:ne|n')\s?(?:(?:me|te|se|le|la|les|lui|leur|vous|nous|y|en)\s+|[mtsl]')?(?:saurais|saurait|saurions|sauriez|sauraient|ose|oses|osent|osais|osait|osaient|osa|cesse|cesses|cessent|cessait|cessaient|cessa|puis|peut|peux|pouvait|pouvais|pouvons|pouvez|peuvent|me trompe)\b(?!\s+(?:pas|plus|jamais|rien|personne|guère|point|que|qu'|aucun\w*|nullement)\b)(?![^.!?,;]{0,40}\b(?:pas|plus|jamais|rien|personne|que|qu')\b)	With savoir, oser, cesser, pouvoir formal French may drop pas: je ne saurais vous dire.	Bei savoir, oser, cesser, pouvoir kann gehobenes Französisch pas weglassen: je ne saurais vous dire.	Avec savoir, oser, cesser, pouvoir, la langue soutenue peut omettre pas : je ne saurais dire.	reviewed
FR2_C12_PASSE_ANTERIEUR	fr	C1	Tenses	passe_anterieur	Passé antérieur: quand il eut fini (and spoken quand il a eu fini)	Passé antérieur: quand il eut fini (mündlich quand il a eu fini)	Le passé antérieur (et le passé surcomposé)	2010	false	In a written narrative in the passé simple, an action completed just before the next one is put in the passé antérieur, avoir or être in the passé simple + past participle (quand il eut fini, il sortit), mainly after quand, lorsque, dès que, aussitôt que, après que and in à peine … que; in a spoken account in the passé composé the passé surcomposé (quand il a eu fini, il est sorti) plays the same role and is enough to recognise.	Recognise it in novels, tales and historical texts; use it yourself only in a written narrative in the passé simple.	quand / dès que / après que + eut, eurent / fut, furent + participle, + passé simple | à peine + eut-il + participle + que | spoken: quand + a eu + participle, + passé composé	The plus-que-parfait (B1.1) is the past before the past in general, often background; the passé antérieur marks an action completed just before the next event. | Futur antérieur (B2.1) does the same in the future: quand il aura fini.	✗ Dès qu'elle fût partie, il ferma la porte. → ✓ Dès qu'elle fut partie, il ferma la porte. | ✗ Quand ils eurent partis, on rangea la salle. → ✓ Quand ils furent partis, on rangea la salle. | ✗ Après qu'il eût fini, il sortit. → ✓ Après qu'il eut fini, il sortit.	Quand il eut terminé sa lettre, il la relut deux fois. | Dès qu'elle fut sortie, les enfants se mirent à rire. | À peine eut-il fermé la porte qu'on frappa de nouveau. | Quand j'ai eu fini mon café, je suis reparti.	passe_anterieur | passe_simple | narration | literary | reading	Lorsqu'ils eurent dîné, ils sortirent sur la terrasse.	Lorsqu'=>time_conjunction=>quand, lorsque, dès que||eurent dîné=>passe_anterieur=>avoir in the passé simple + participle: completed just before||sortirent=>passe_simple=>the next event, in the passé simple	cefr | dalf_c1 | referentiel_c1	C1.2	FR2_B22_PASSE_SIMPLE_IRREGULAR | FR2_B11_PLUS_QUE_PARFAIT	FR2_B11_PLUS_QUE_PARFAIT | FR2_B21_FUTUR_ANTERIEUR	regex:\b(?:quand|lorsqu(?:e |')|dès qu(?:e |')|aussitôt qu(?:e |')|après qu(?:e |')|une fois qu(?:e |'))\s*(?:\w+'|[\w']+\s+){0,3}?(?:eus|eut|eûmes|eûtes|eurent|fus|fut|fûmes|fûtes|furent|ai eu|as eu|a eu|avons eu|avez eu|ont eu)\s+(?:\w+\s+)?\w+(?:é|ée|és|ées|i|ie|is|ies|u|ue|us|ues|it|ite|its|ites|ise|ises|ert|erte|erts|ertes|int|inte|ints|aint|ainte)\b|\bà peine (?:eus|eut|eurent|fus|fut|furent)(?:-(?:t-)?(?:il|elle|ils|elles|on|je|tu))?\s+\w+	In a passé simple story, quand il eut fini marks what was finished just before the next event.	In einer Erzählung im Passé simple zeigt quand il eut fini, was direkt vorher abgeschlossen war.	Dans un récit au passé simple, quand il eut fini marque l'action achevée juste avant.	reviewed
FR2_C12_NARRATION_LITERARY	fr	C1	Tenses	literary_narration	Written narration: passé simple, imparfait, plus-que-parfait together	Schriftliches Erzählen: Passé simple, Imparfait, Plus-que-parfait zusammen	Le récit écrit : passé simple, imparfait, plus-que-parfait	2020	false	A written story divides the work between tenses: the passé simple moves the plot forward (il entra), the imparfait paints the background and what was going on (il pleuvait), the plus-que-parfait looks back (il avait attendu des heures) and the passé antérieur marks what was finished just before the next event; the passé composé is not mixed in, except inside dialogue.	Read novels, tales and history; write short literary narratives, for example in a creative task or a summary of a story.	background (imparfait) + events (passé simple) + earlier facts (plus-que-parfait) + just completed (passé antérieur)	Spoken narration (B1.1) uses passé composé + imparfait + plus-que-parfait; written literary narration replaces the passé composé with the passé simple. | Passé simple forms (B1.2, B2.2) are taught there; this unit is about combining the tenses.	✗ Il pleuvait quand il est entré et il s'assit. → ✓ Il pleuvait quand il entra et il s'assit. | ✗ Il entra : il pleuva depuis le matin. → ✓ Il entra : il pleuvait depuis le matin. | ✗ Elle comprit qu'il partit la veille. → ✓ Elle comprit qu'il était parti la veille.	Il faisait nuit quand la voiture s'arrêta devant la maison. | Elle ouvrit la lettre que son père lui avait écrite des années plus tôt. | Le village dormait encore lorsque les soldats arrivèrent. | Il comprit enfin pourquoi elle était partie sans un mot.	narration | passe_simple | imparfait | plus_que_parfait | literary | writing	Il pleuvait depuis le matin quand Paul entra ; il avait marché des heures et tremblait de froid.	pleuvait=>background=>imparfait: the scene||entra=>event=>passé simple: the plot moves||avait marché=>flashback=>plus-que-parfait: what happened before||tremblait=>background=>imparfait: his state	cefr | dalf_c1 | referentiel_c1	C1.2	FR2_B11_NARRATION | FR2_B22_PASSE_SIMPLE_IRREGULAR	FR2_B11_NARRATION | FR2_C12_PASSE_ANTERIEUR	regex:(?:(?:\b(?:fut|furent|eut|eurent|fit|firent|prit|prirent|mit|mirent|dirent|virent|vint|vinrent|tint|sut|surent|put|purent|dut|voulut|connut|mourut|naquit|parut|reçut|courut|lut|crut|sortit|sortirent|partit|partirent|ouvrit|ouvrirent|comprit|comprirent|répondit|attendit|entendit|perdit|descendit|rendit|finit|choisit|réussit)\b|\b\w{2,}(?:èrent|irent|urent|inrent)\b|\b(?:il|elle|on|ils|elles|qui|\w{3,})\s+(?:se |s'|me |m'|le |la |les |l'|lui |leur |en |y )?\w{2,}(?:[bcdfgjklmnpstvéèêçuo]a|ea|[taoébcgpf]ra)\b(?!-))[^.!?]*?\b(?!(?:souhait|portrait|extrait|attrait|retrait|parfait|forfait|bienfait|méfait)\b)\w{2,}(?:ait|aient)\b|\b(?!(?:souhait|portrait|extrait|attrait|retrait|parfait|forfait|bienfait|méfait)\b)\w{2,}(?:ait|aient)\b[^.!?]*?(?:\b(?:fut|furent|eut|eurent|fit|firent|prit|prirent|mit|mirent|dirent|virent|vint|vinrent|tint|sut|surent|put|purent|dut|voulut|connut|mourut|naquit|parut|reçut|courut|lut|crut|sortit|sortirent|partit|partirent|ouvrit|ouvrirent|comprit|comprirent|répondit|attendit|entendit|perdit|descendit|rendit|finit|choisit|réussit)\b|\b\w{2,}(?:èrent|irent|urent|inrent)\b|\b(?:il|elle|on|ils|elles|qui|\w{3,})\s+(?:se |s'|me |m'|le |la |les |l'|lui |leur |en |y )?\w{2,}(?:[bcdfgjklmnpstvéèêçuo]a|ea|[taoébcgpf]ra)\b(?!-)))	In written stories: passé simple for events, imparfait for background, plus-que-parfait for earlier facts.	In geschriebenen Erzählungen: Passé simple für Ereignisse, Imparfait für Hintergrund, Plus-que-parfait für Früheres.	Dans le récit écrit : passé simple pour les événements, imparfait pour le décor, plus-que-parfait pour l'antérieur.	reviewed
FR2_C12_SUBJ_IMPARFAIT	fr	C1	Verbs	subjonctif_imparfait	Subjonctif imparfait: qu'il fût, qu'il eût, qu'il vînt (recognition)	Subjonctif imparfait: qu'il fût, qu'il eût, qu'il vînt (erkennen)	Le subjonctif imparfait (reconnaissance)	2030	true	In literary texts, after a main verb in a past tense, the subjonctif imparfait replaces the subjonctif présent (il fallait qu'il vînt = il fallait qu'il vienne); it is built on the passé simple (il vint → qu'il vînt, il parla → qu'il parlât), and the form you meet most is the third person singular in -ât, -ît, -ût, -înt, with a circumflex.	Recognise it in classic literature, older texts and very formal prose; in your own writing use the subjonctif présent.	passé simple stem + -sse, -sses, -^t, -ssions, -ssiez, -ssent: qu'il parlât, qu'il fît, qu'il fût, qu'il eût, qu'il vînt; plural qu'ils parlassent, qu'ils fussent	Modern concordance (C1.1) keeps the présent: il fallait qu'il vienne; read the imparfait, write the présent. | Il fut (passé simple, no accent) vs qu'il fût (subjonctif imparfait, circumflex): the accent marks the mood.	✗ Il fallait qu'il fut là. → ✓ Il fallait qu'il fût là. | ✗ Je voulais qu'il vînt demain (in a modern email). → ✓ Je voulais qu'il vienne demain. | ✗ Bien qu'il eut peu d'argent, il donnait. → ✓ Bien qu'il eût peu d'argent, il donnait.	Il fallait qu'elle fût prête avant l'aube. | Bien qu'il eût peu d'argent, il donnait sans compter. | Elle attendait qu'il vînt la chercher. | Le roi ordonna qu'on lui apportât son épée.	subjonctif | literary | reading | recognition | concordance	Il voulait qu'elle partît, bien qu'il l'aimât encore.	voulait=>past_main=>main verb in the past||partît=>subj_imparfait=>passé simple stem + circumflex: qu'elle parte||aimât=>subj_imparfait=>-ât: qu'il l'aime	cefr | dalf_c1 | referentiel_c1	C1.2	FR2_C11_CONCORDANCE_SUBJ | FR2_B22_PASSE_SIMPLE_IRREGULAR	FR2_C11_CONCORDANCE_SUBJ | FR2_C12_SUBJ_PLUS_QUE_PARFAIT	regex:\b(?!(?:goût|août|coût|dégoût|ragoût|moût|dégât|mât|bât)\b)\w*(?:[^a\W]ît|ât|ût|înt)\b|\b(?:fût|eût|fussent|eussent|fusse|eusse|fussiez|eussiez|fussions|eussions)\b	Qu'il fût, qu'il vînt, qu'il parlât: literary subjonctif after a past verb; write qu'il soit, vienne, parle.	Qu'il fût, qu'il vînt, qu'il parlât: literarischer Subjonctif nach Vergangenheit; schreib qu'il soit, vienne, parle.	Qu'il fût, qu'il vînt, qu'il parlât : subjonctif littéraire ; à l'écrit courant, qu'il soit, vienne, parle.	reviewed
FR2_C12_SUBJ_PLUS_QUE_PARFAIT	fr	C1	Verbs	subjonctif_pqp	Subjonctif plus-que-parfait and j'eusse aimé: the literary past	Subjonctif plus-que-parfait und j'eusse aimé: die literarische Vergangenheit	Le subjonctif plus-que-parfait et le conditionnel passé 2e forme	2040	false	The subjonctif plus-que-parfait (eût or fût + past participle: qu'il eût fini, qu'elle fût partie) is the literary form of the subjonctif passé after a past main verb; the same form, called the conditionnel passé deuxième forme, can replace the conditionnel passé in elevated style (j'eusse aimé = j'aurais aimé; il eût fallu = il aurait fallu; on eût dit = on aurait dit).	Recognise it in literature and in fixed formal phrases (il eût fallu, on eût dit); use j'eusse aimé only for a deliberately elevated or ironic tone.	eusse / eût / eussions / eussent + participle | fusse / fût / fussions / fussent + participle (agreement as with être)	Subjonctif passé (B2.1) is the modern form: bien qu'il ait fini. | Passé antérieur (C1.2) has no circumflex and is indicative: quand il eut fini.	✗ Il eut fallu partir plus tôt. → ✓ Il eût fallu partir plus tôt. | ✗ Bien qu'il eut terminé, il resta. → ✓ Bien qu'il eût terminé, il resta.	Il eût fallu prévenir les habitants plus tôt. | Bien qu'elle eût tout préparé, rien ne se passa comme prévu. | J'eusse aimé vous rencontrer en d'autres circonstances. | Il partit avant qu'on se fût aperçu de son absence.	subjonctif | conditionnel | literary | reading | recognition	On eût dit qu'il n'avait pas dormi, bien qu'il se fût couché tôt.	eût dit=>conditionnel_passe_2=>literary form of on aurait dit||se fût couché=>subj_pqp=>fût + participle: qu'il se soit couché	cefr | dalf_c1 | referentiel_c1	C1.2	FR2_C12_SUBJ_IMPARFAIT | FR2_B21_SUBJ_PAST	FR2_B21_SUBJ_PAST | FR2_C12_PASSE_ANTERIEUR	regex:\b(?:eusse|eusses|eût|eussions|eussiez|eussent|fusse|fusses|fût|fussions|fussiez|fussent)\s+(?:(?!peu\b)\w+\s+)?(?!peu\b)\w+(?:é|ée|és|ées|i|ie|is|ies|u|ue|us|ues|it|ite|its|ites|ise|ises|ert|erte|erts|ertes|int|inte|ints|aint|ainte)\b	Il eût fallu, j'eusse aimé, qu'il fût parti: literary forms of il aurait fallu, qu'il soit parti.	Il eût fallu, j'eusse aimé, qu'il fût parti: literarische Formen von il aurait fallu, qu'il soit parti.	Il eût fallu, j'eusse aimé, qu'il fût parti : formes littéraires d'il aurait fallu, qu'il soit parti.	reviewed
